trial,value,best,win_pct,win_days,lose_days,total_pts,warmup_minutes,steep_angle_threshold,proximity_points,min_entry_angle,partial_tp_pts,wm_shield_distance,swing_anchor_threshold,spike_profit_pts,spike_profit_bars,avg_1000,avg_1100,avg_1200,avg_1300,avg_1400,avg_1500,avg_1600,avg_1700
1,326.3,326.3,77.1,508,151,215013.0,7,90.0,4.0,0.0,50.0,0.0,10.0,100.0,5,54.9,126.2,183.3,222.5,255.4,286.7,315.7,326.3
2,262.0,326.3,73.7,486,173,172667.0,7,90.0,12.0,25.0,25.0,2.0,5.0,200.0,7,48.6,107.8,154.6,183.3,208.2,229.5,249.8,262.0
3,237.4,326.3,66.9,441,218,156440.0,10,60.0,15.0,35.0,50.0,4.0,10.0,100.0,6,32.6,84.9,125.3,156.1,185.7,207.4,231.4,237.4
4,179.7,326.3,66.5,438,221,118422.0,8,67.5,10.0,5.0,50.0,8.0,25.0,175.0,3,49.6,78.6,106.2,120.1,143.7,159.8,173.8,179.7
5,257.6,326.3,72.8,480,179,169740.0,9,77.5,2.0,25.0,50.0,0.0,50.0,200.0,9,48.2,105.3,149.8,182.6,213.9,238.1,254.4,257.6
6,129.3,326.3,59.3,391,268,85226.0,7,62.5,11.0,15.0,25.0,10.0,5.0,200.0,4,44.0,69.5,87.6,94.8,101.3,111.0,124.9,129.3
7,119.7,326.3,61.5,405,254,78902.0,10,70.0,9.0,20.0,50.0,20.0,40.0,200.0,10,42.7,75.9,82.7,91.1,102.1,109.4,116.5,119.7
8,193.5,326.3,66.5,438,221,127519.0,9,87.5,3.0,5.0,25.0,6.0,20.0,75.0,9,57.0,96.2,125.8,138.2,158.6,177.5,190.5,193.5
9,212.1,326.3,61.2,403,256,139804.0,7,67.5,9.0,5.0,125.0,0.0,50.0,175.0,3,35.8,78.5,115.3,139.2,170.2,193.8,207.8,212.1
10,101.3,326.3,54.5,359,300,66730.0,5,85.0,11.0,30.0,125.0,0.0,20.0,50.0,9,1.5,9.9,37.0,55.0,73.3,93.6,102.9,101.3
11,166.2,326.3,64.3,424,235,109537.0,12,80.0,5.0,0.0,100.0,16.0,35.0,125.0,5,30.1,81.8,100.6,113.7,126.5,144.6,156.6,166.2
12,263.9,326.3,67.7,446,213,173942.0,5,90.0,14.0,15.0,75.0,4.0,10.0,125.0,7,43.3,108.9,156.4,182.5,209.3,231.9,258.2,263.9
13,251.8,326.3,68.0,448,211,165939.0,5,82.5,6.0,15.0,75.0,4.0,15.0,125.0,7,46.3,103.8,147.2,169.6,196.8,222.2,247.7,251.8
14,182.1,326.3,62.8,414,245,120005.0,6,90.0,15.0,40.0,75.0,12.0,15.0,125.0,6,40.5,90.2,115.2,129.6,142.3,160.0,175.9,182.1
15,245.8,326.3,66.2,436,223,161975.0,6,75.0,6.0,10.0,100.0,4.0,30.0,100.0,7,43.3,94.4,143.1,163.4,193.2,218.6,242.2,245.8
16,215.6,326.3,69.2,456,203,142066.0,5,85.0,13.0,0.0,75.0,8.0,10.0,150.0,2,42.7,93.6,127.6,140.5,165.4,184.6,207.0,215.6
17,146.9,326.3,59.2,390,269,96831.0,6,90.0,7.0,15.0,150.0,12.0,15.0,75.0,5,10.1,42.9,77.5,92.8,110.1,125.9,140.4,146.9
18,260.1,326.3,64.3,424,235,171427.0,8,80.0,4.0,10.0,100.0,2.0,5.0,100.0,8,37.8,98.9,148.1,176.6,202.9,223.4,248.3,260.1
19,210.7,326.3,64.9,428,231,138819.0,6,75.0,7.0,20.0,75.0,6.0,25.0,150.0,5,46.6,93.1,127.8,146.4,169.0,190.5,208.2,210.7
20,302.4,326.3,70.7,466,193,199256.0,12,85.0,13.0,10.0,50.0,2.0,10.0,75.0,6,44.3,115.1,166.6,203.7,240.5,264.8,292.0,302.4
21,159.6,326.3,65.7,433,226,105151.0,12,85.0,8.0,0.0,50.0,16.0,20.0,50.0,4,47.7,86.1,103.7,113.2,126.3,139.1,149.1,159.6
22,304.7,326.3,70.7,466,193,200767.0,11,87.5,13.0,10.0,50.0,2.0,10.0,75.0,6,46.8,117.4,168.9,206.0,242.8,267.0,294.3,304.7
23,258.8,326.3,71.0,468,191,170551.0,11,87.5,12.0,10.0,25.0,2.0,10.0,75.0,6,47.0,106.5,148.8,177.9,209.9,228.3,249.2,258.8
24,289.8,326.3,74.4,490,169,190963.0,12,82.5,13.0,5.0,50.0,0.0,15.0,75.0,4,42.0,105.4,157.7,194.7,228.1,256.6,287.0,289.8
25,329.0,329.0,75.3,496,163,216828.0,11,87.5,14.0,10.0,25.0,2.0,5.0,50.0,6,50.3,133.9,194.1,229.1,263.1,288.4,315.2,329.0
26,234.9,329.0,70.9,467,192,154768.0,11,87.5,14.0,0.0,25.0,6.0,5.0,50.0,5,48.3,108.2,149.2,168.6,183.7,204.6,227.0,234.9
27,283.7,329.0,74.1,488,171,186958.0,11,82.5,2.0,5.0,25.0,2.0,5.0,100.0,8,45.3,116.9,169.8,200.2,226.1,248.4,270.8,283.7
28,294.7,329.0,76.2,502,157,194210.0,10,87.5,11.0,20.0,25.0,0.0,20.0,50.0,6,51.9,124.8,176.7,208.8,238.0,271.2,292.0,294.7
29,268.6,329.0,68.9,454,205,176988.0,9,80.0,15.0,10.0,50.0,6.0,30.0,50.0,8,59.4,126.7,173.5,195.3,222.2,243.9,263.7,268.6
30,283.3,329.0,75.3,496,163,186700.0,8,90.0,12.0,0.0,25.0,2.0,5.0,75.0,5,52.6,118.7,168.2,196.2,225.2,246.6,269.8,283.3
31,141.3,329.0,62.7,413,246,93108.0,11,72.5,4.0,25.0,25.0,8.0,40.0,100.0,3,38.8,61.5,85.3,98.5,120.1,131.3,136.9,141.3
32,302.4,329.0,70.7,466,193,199256.0,12,85.0,13.0,10.0,50.0,2.0,10.0,75.0,6,44.3,115.1,166.6,203.7,240.5,264.8,292.0,302.4
33,278.1,329.0,70.4,464,195,183275.0,10,87.5,14.0,15.0,50.0,4.0,10.0,75.0,7,49.5,117.4,161.0,192.4,221.6,242.7,270.1,278.1
34,273.4,329.0,71.5,471,188,180196.0,11,90.0,13.0,5.0,50.0,2.0,15.0,100.0,6,44.0,108.6,158.7,186.6,216.5,246.9,269.5,273.4
35,366.4,366.4,76.3,503,156,241476.0,12,85.0,14.0,10.0,50.0,0.0,5.0,50.0,4,43.8,137.8,206.1,252.0,286.9,319.3,353.8,366.4
36,256.9,366.4,66.9,441,218,169301.0,11,82.5,10.0,20.0,75.0,0.0,5.0,50.0,4,22.9,82.0,132.9,167.5,196.3,223.2,246.7,256.9
37,335.4,366.4,75.6,498,161,221030.0,9,77.5,15.0,5.0,50.0,0.0,5.0,50.0,2,45.4,130.9,192.5,234.7,265.4,294.4,324.5,335.4
38,312.6,366.4,78.0,514,145,205987.0,9,77.5,15.0,5.0,25.0,0.0,5.0,50.0,2,45.3,125.8,181.2,217.8,248.1,275.2,301.3,312.6
39,356.1,366.4,75.4,497,162,234658.0,7,77.5,14.0,5.0,50.0,0.0,5.0,50.0,3,52.5,139.3,204.4,249.1,281.2,312.4,344.8,356.1
40,356.1,366.4,75.4,497,162,234658.0,7,77.5,14.0,5.0,50.0,0.0,5.0,50.0,3,52.5,139.3,204.4,249.1,281.2,312.4,344.8,356.1
41,267.9,366.4,68.7,453,206,176558.0,7,72.5,15.0,5.0,75.0,0.0,5.0,50.0,3,33.7,93.1,147.0,182.2,210.2,235.8,259.0,267.9
42,340.1,366.4,75.4,497,162,224118.0,7,77.5,14.0,5.0,50.0,0.0,5.0,50.0,2,50.5,136.1,197.1,239.6,270.1,299.0,329.1,340.1
43,324.5,366.4,75.7,499,160,213815.0,7,77.5,14.0,5.0,50.0,0.0,10.0,50.0,2,52.0,129.1,185.3,225.0,257.2,288.1,315.4,324.5
44,340.8,366.4,76.5,504,155,224592.0,8,75.0,12.0,0.0,50.0,0.0,5.0,50.0,2,49.9,135.6,197.2,239.8,269.8,298.9,329.1,340.8
45,226.9,366.4,70.3,463,196,149548.0,8,75.0,10.0,0.0,50.0,4.0,45.0,50.0,3,57.2,102.7,143.6,163.4,191.3,208.8,223.8,226.9
46,137.9,366.4,61.8,407,252,90901.0,7,72.5,12.0,0.0,75.0,20.0,5.0,50.0,3,34.8,76.2,92.7,99.8,109.7,124.2,133.1,137.9
47,301.1,366.4,75.9,500,159,198452.0,7,65.0,11.0,0.0,50.0,0.0,10.0,75.0,2,47.5,112.6,166.4,203.7,238.8,267.7,292.8,301.1
48,262.5,366.4,71.2,469,190,172961.0,8,70.0,12.0,5.0,75.0,0.0,15.0,175.0,3,40.9,92.1,139.8,174.2,205.3,233.2,260.0,262.5
49,301.5,366.4,71.3,470,189,198673.0,6,75.0,14.0,0.0,50.0,4.0,10.0,50.0,4,56.0,130.5,180.3,210.7,243.9,268.2,293.5,301.5
50,162.6,366.4,59.0,389,270,107124.0,8,80.0,14.0,35.0,100.0,18.0,5.0,75.0,2,31.9,78.4,101.9,114.8,130.2,142.1,155.2,162.6
51,149.5,366.4,58.7,387,272,98503.0,7,60.0,12.0,5.0,125.0,12.0,15.0,50.0,3,15.5,58.3,87.9,101.2,117.6,131.3,146.4,149.5
52,338.5,366.4,75.6,498,161,223072.0,8,77.5,15.0,5.0,50.0,0.0,5.0,50.0,2,48.5,134.0,195.6,237.8,268.5,297.5,327.6,338.5
53,338.5,366.4,75.6,498,161,223072.0,8,77.5,15.0,5.0,50.0,0.0,5.0,50.0,2,48.5,134.0,195.6,237.8,268.5,297.5,327.6,338.5
54,280.1,366.4,71.0,468,191,184575.0,7,75.0,14.0,0.0,75.0,0.0,10.0,50.0,2,38.2,103.1,153.5,188.6,219.3,247.2,272.1,280.1
55,294.7,366.4,71.8,473,186,194185.0,6,70.0,13.0,15.0,50.0,2.0,5.0,75.0,3,49.0,114.0,170.6,205.5,235.1,259.9,284.0,294.7
56,202.4,366.4,65.9,434,225,133385.0,8,80.0,15.0,10.0,50.0,10.0,5.0,50.0,2,50.1,108.2,134.7,149.1,162.6,177.3,194.8,202.4
57,249.1,366.4,67.8,447,212,164154.0,7,72.5,14.0,5.0,75.0,4.0,10.0,150.0,4,41.6,104.2,148.0,173.2,198.6,220.1,244.9,249.1
58,268.5,366.4,74.4,490,169,176939.0,8,80.0,13.0,0.0,25.0,2.0,5.0,75.0,3,49.7,113.3,163.3,190.6,218.7,238.0,257.3,268.5
59,320.0,366.4,76.8,506,153,210872.0,9,75.0,15.0,10.0,50.0,0.0,10.0,50.0,2,47.6,125.7,181.8,221.0,253.5,283.3,310.8,320.0
60,263.8,366.4,69.5,458,201,173874.0,6,77.5,14.0,5.0,75.0,2.0,20.0,75.0,4,46.4,108.8,156.2,180.1,210.4,239.2,265.1,263.8
61,145.3,366.4,58.4,385,274,95726.0,7,77.5,13.0,0.0,150.0,14.0,10.0,50.0,3,9.6,55.6,84.3,93.8,108.0,128.0,137.7,145.3
62,338.5,366.4,75.6,498,161,223072.0,8,77.5,15.0,5.0,50.0,0.0,5.0,50.0,2,48.5,134.0,195.6,237.8,268.5,297.5,327.6,338.5
63,339.1,366.4,75.7,499,160,223444.0,8,75.0,15.0,5.0,50.0,0.0,5.0,50.0,2,48.8,134.8,196.8,239.0,269.5,297.8,327.9,339.1
64,307.6,366.4,73.0,481,178,202689.0,8,72.5,14.0,10.0,50.0,2.0,5.0,50.0,2,49.4,124.0,183.2,218.8,247.4,271.0,296.6,307.6
65,339.4,366.4,76.9,507,152,223667.0,7,75.0,15.0,5.0,50.0,0.0,10.0,50.0,3,53.3,133.4,192.1,233.4,267.0,300.0,330.1,339.4
66,242.4,366.4,72.7,479,180,159711.0,7,75.0,12.0,0.0,25.0,2.0,10.0,75.0,3,50.5,106.8,148.7,174.2,201.1,218.9,235.4,242.4
67,364.4,366.4,75.3,496,163,240134.0,6,70.0,13.0,15.0,50.0,0.0,5.0,50.0,4,53.6,142.8,210.5,256.9,288.0,320.1,353.1,364.4
68,248.4,366.4,69.0,455,204,163700.0,6,67.5,13.0,15.0,75.0,2.0,10.0,50.0,4,29.9,81.4,129.6,161.1,192.0,220.7,242.9,248.4
69,240.6,366.4,73.0,481,178,158552.0,5,65.0,11.0,15.0,25.0,0.0,25.0,75.0,4,49.6,93.5,136.0,165.8,197.4,220.7,238.3,240.6
70,400.9,400.9,74.8,493,166,264206.0,6,70.0,14.0,10.0,50.0,2.0,5.0,50.0,10,58.8,162.0,236.5,280.6,319.7,350.8,386.4,400.9
71,339.5,400.9,73.7,486,173,223744.0,5,67.5,9.0,10.0,50.0,2.0,5.0,75.0,10,55.2,133.9,196.6,234.0,270.7,296.4,328.4,339.5
72,413.7,413.7,75.3,496,163,272630.0,5,67.5,7.0,10.0,50.0,2.0,5.0,50.0,10,62.8,164.8,244.9,288.1,333.0,364.5,399.0,413.7
73,327.2,413.7,71.8,473,186,215653.0,5,67.5,6.0,15.0,50.0,2.0,35.0,50.0,9,66.6,147.4,203.9,235.7,271.2,296.2,323.4,327.2
74,377.5,413.7,73.1,482,177,248740.0,6,70.0,7.0,10.0,50.0,4.0,5.0,50.0,10,62.2,158.9,223.3,261.8,293.3,327.1,364.0,377.5
75,369.8,413.7,72.7,479,180,243688.0,6,70.0,7.0,10.0,50.0,4.0,5.0,50.0,9,61.7,153.5,215.4,254.1,285.9,320.1,357.5,369.8
76,319.2,413.7,73.4,484,175,210341.0,6,70.0,7.0,10.0,25.0,4.0,5.0,50.0,10,61.6,140.2,193.3,225.5,251.8,278.4,306.6,319.2
77,298.6,413.7,70.4,464,195,196781.0,5,65.0,8.0,15.0,50.0,6.0,15.0,50.0,10,61.3,135.6,190.9,212.8,243.2,266.1,293.2,298.6
78,312.6,413.7,72.7,479,180,206024.0,6,70.0,7.0,10.0,25.0,4.0,5.0,50.0,9,61.0,135.7,186.4,218.6,245.3,272.3,301.1,312.6
79,278.2,413.7,69.0,455,204,183352.0,6,70.0,8.0,10.0,75.0,6.0,5.0,75.0,9,49.5,119.1,168.3,189.7,216.1,241.9,271.2,278.2
80,353.8,413.7,71.8,473,186,233128.0,5,65.0,6.0,20.0,50.0,4.0,10.0,50.0,10,61.5,146.3,205.0,242.2,283.5,312.0,344.8,353.8
81,245.9,413.7,69.0,455,204,162067.0,6,67.5,6.0,10.0,50.0,8.0,5.0,75.0,10,55.0,120.2,152.5,166.0,192.6,214.8,238.2,245.9
82,347.7,413.7,71.3,470,189,229133.0,5,62.5,5.0,20.0,50.0,4.0,10.0,50.0,10,56.9,140.3,198.3,234.4,277.2,305.4,337.0,347.7
83,363.8,413.7,72.8,480,179,239721.0,5,65.0,7.0,25.0,50.0,4.0,5.0,50.0,9,60.9,144.9,205.3,242.3,278.6,314.4,350.7,363.8
84,303.2,413.7,69.3,457,202,199819.0,6,62.5,7.0,30.0,50.0,6.0,5.0,50.0,8,55.2,132.3,181.0,204.6,235.4,264.2,293.6,303.2
85,408.5,413.7,75.0,494,165,269187.0,5,67.5,8.0,25.0,50.0,2.0,5.0,50.0,9,62.6,161.3,237.8,282.3,327.2,360.2,394.6,408.5
86,287.5,413.7,72.1,475,184,189486.0,5,67.5,8.0,25.0,50.0,2.0,5.0,200.0,9,48.5,109.5,165.2,199.0,228.9,253.7,276.5,287.5
87,301.0,413.7,72.2,476,183,198361.0,5,70.0,5.0,25.0,50.0,4.0,50.0,50.0,9,66.5,143.6,193.6,220.7,251.6,278.2,296.4,301.0
88,206.6,413.7,63.3,417,242,136173.0,5,67.5,9.0,30.0,75.0,4.0,10.0,50.0,9,17.7,58.3,101.0,125.7,158.6,177.4,201.6,206.6
89,280.4,413.7,71.9,474,185,184814.0,6,65.0,7.0,25.0,50.0,2.0,5.0,175.0,8,48.1,104.1,160.2,192.8,220.4,246.2,268.9,280.4
90,319.5,413.7,70.7,466,193,210549.0,5,70.0,8.0,25.0,50.0,6.0,10.0,50.0,10,62.6,152.7,205.0,233.2,261.9,287.9,310.9,319.5
91,352.9,413.7,74.7,492,167,232570.0,6,72.5,6.0,20.0,25.0,2.0,5.0,50.0,8,61.9,150.4,212.6,250.8,286.5,312.4,340.2,352.9
92,442.0,442.0,76.8,506,153,291268.0,5,67.5,7.0,15.0,50.0,0.0,5.0,50.0,10,62.6,171.9,255.4,306.7,350.9,387.1,425.7,442.0
93,291.8,442.0,72.4,477,182,192285.0,5,67.5,7.0,15.0,50.0,2.0,5.0,150.0,10,48.1,113.1,172.2,205.1,233.6,259.0,281.3,291.8
94,418.7,442.0,76.6,505,154,275931.0,5,65.0,8.0,15.0,50.0,0.0,5.0,50.0,9,60.2,162.1,238.6,287.2,330.4,365.1,403.0,418.7
95,360.4,442.0,73.0,481,178,237509.0,5,65.0,9.0,15.0,50.0,4.0,5.0,50.0,9,60.0,145.2,205.3,240.8,276.5,310.6,347.5,360.4
96,423.2,442.0,76.6,505,154,278904.0,5,62.5,8.0,15.0,50.0,0.0,5.0,50.0,10,59.0,162.2,240.7,289.2,334.3,368.1,405.8,423.2
97,423.2,442.0,76.6,505,154,278904.0,5,62.5,8.0,15.0,50.0,0.0,5.0,50.0,10,59.0,162.2,240.7,289.2,334.3,368.1,405.8,423.2
98,401.1,442.0,77.4,510,149,264315.0,5,60.0,8.0,15.0,50.0,0.0,10.0,50.0,10,56.1,148.7,217.1,264.9,312.6,351.7,389.7,401.1
99,401.1,442.0,77.4,510,149,264315.0,5,60.0,8.0,15.0,50.0,0.0,10.0,50.0,10,56.1,148.7,217.1,264.9,312.6,351.7,389.7,401.1
100,325.6,442.0,74.7,492,167,214567.0,5,60.0,8.0,15.0,50.0,0.0,15.0,75.0,10,54.5,125.0,181.4,218.1,261.9,292.1,322.2,325.6
101,195.1,442.0,62.8,414,245,128552.0,5,60.0,8.0,15.0,75.0,0.0,10.0,50.0,10,14.1,44.0,82.7,111.2,143.1,168.3,189.1,195.1
102,423.0,442.0,76.6,505,154,278731.0,5,62.5,9.0,20.0,50.0,0.0,5.0,50.0,10,58.7,162.2,240.9,289.5,334.7,368.2,405.5,423.0
103,402.4,442.0,77.1,508,151,265203.0,5,62.5,10.0,20.0,50.0,0.0,10.0,50.0,10,55.1,149.6,217.8,266.3,313.3,351.9,388.9,402.4
104,402.4,442.0,77.1,508,151,265203.0,5,62.5,10.0,20.0,50.0,0.0,10.0,50.0,10,55.1,149.6,217.8,266.3,313.3,351.9,388.9,402.4
105,401.2,442.0,76.8,506,153,264421.0,5,62.5,9.0,20.0,50.0,0.0,10.0,50.0,10,55.2,148.4,216.7,265.2,312.6,351.1,387.8,401.2
106,390.4,442.0,74.4,490,169,257246.0,5,62.5,10.0,20.0,50.0,0.0,15.0,50.0,10,57.6,151.2,221.4,266.6,310.4,348.6,382.4,390.4
107,320.8,442.0,75.6,498,161,211434.0,5,62.5,9.0,20.0,50.0,0.0,10.0,125.0,10,46.5,114.9,174.9,214.7,248.1,280.6,311.3,320.8
108,401.2,442.0,76.8,506,153,264421.0,5,62.5,9.0,20.0,50.0,0.0,10.0,50.0,10,55.2,148.4,216.7,265.2,312.6,351.1,387.8,401.2
109,351.9,442.0,79.2,522,137,231934.0,5,62.5,10.0,20.0,25.0,0.0,10.0,50.0,10,52.7,134.6,193.3,235.9,276.3,308.6,338.5,351.9
110,331.5,442.0,73.9,487,172,218489.0,5,62.5,9.0,20.0,50.0,0.0,15.0,75.0,10,54.3,126.3,185.5,223.2,266.5,296.9,326.9,331.5
111,107.4,442.0,54.8,361,298,70773.0,5,62.5,10.0,20.0,125.0,0.0,10.0,50.0,9,-0.4,11.6,34.8,52.3,75.7,91.4,101.4,107.4
112,400.1,442.0,77.5,511,148,263684.0,5,60.0,9.0,20.0,50.0,0.0,10.0,50.0,10,55.7,148.1,216.2,264.1,311.8,351.1,388.7,400.1
113,401.4,442.0,77.2,509,150,264530.0,5,60.0,8.0,20.0,50.0,0.0,10.0,50.0,10,56.2,148.7,217.3,265.1,312.8,352.3,390.0,401.4
114,390.2,442.0,74.4,490,169,257125.0,5,62.5,9.0,20.0,50.0,0.0,15.0,50.0,10,57.6,151.4,221.6,267.1,310.7,348.7,382.4,390.2
115,411.2,442.0,76.2,502,157,270992.0,5,65.0,10.0,25.0,50.0,0.0,10.0,50.0,10,59.6,156.4,225.1,274.5,319.8,359.7,397.0,411.2
116,377.6,442.0,73.0,481,178,248853.0,5,65.0,10.0,25.0,50.0,2.0,10.0,50.0,10,59.6,148.7,215.5,258.9,300.9,334.1,365.8,377.6
117,362.3,442.0,73.6,485,174,238735.0,5,65.0,11.0,25.0,50.0,0.0,35.0,50.0,9,62.3,150.1,212.1,252.8,293.1,325.4,355.1,362.3
118,362.8,442.0,75.1,495,164,239075.0,5,60.0,10.0,20.0,50.0,0.0,45.0,50.0,10,59.1,149.6,210.7,251.3,292.3,325.9,355.0,362.8
119,396.2,442.0,74.1,488,171,261127.0,5,62.5,8.0,25.0,50.0,2.0,5.0,50.0,10,58.8,154.3,228.4,270.4,315.8,347.1,379.2,396.2
120,311.1,442.0,75.1,495,164,205023.0,5,62.5,8.0,30.0,50.0,0.0,10.0,100.0,7,46.3,114.7,167.7,206.2,240.7,272.1,301.3,311.1
121,124.3,442.0,56.8,374,285,81945.0,5,65.0,9.0,20.0,100.0,2.0,5.0,50.0,9,5.3,20.9,52.0,68.2,91.4,103.0,116.1,124.3
122,376.2,442.0,75.1,495,164,247936.0,5,62.5,9.0,20.0,50.0,0.0,30.0,50.0,10,59.8,154.4,219.9,260.4,303.4,339.7,369.1,376.2
123,399.7,442.0,76.9,507,152,263388.0,5,62.5,11.0,20.0,50.0,0.0,10.0,50.0,10,54.6,148.0,215.3,263.9,310.8,349.3,386.0,399.7
124,377.4,442.0,75.6,498,161,248689.0,5,60.0,9.0,15.0,50.0,0.0,20.0,50.0,10,60.4,149.2,221.9,263.5,303.5,342.8,372.2,377.4
125,412.3,442.0,76.3,503,156,271711.0,5,65.0,10.0,20.0,50.0,0.0,10.0,50.0,10,60.3,157.1,226.0,275.2,320.5,360.7,398.2,412.3
126,395.8,442.0,74.2,489,170,260823.0,5,65.0,10.0,20.0,50.0,0.0,15.0,50.0,10,60.7,155.0,225.8,271.9,313.6,352.9,388.2,395.8
127,400.5,442.0,74.7,492,167,263950.0,5,65.0,10.0,25.0,50.0,2.0,5.0,50.0,10,60.7,159.1,233.8,275.6,319.9,351.5,384.9,400.5
128,415.8,442.0,76.8,506,153,274025.0,5,67.5,8.0,15.0,50.0,0.0,10.0,50.0,9,62.2,159.0,231.0,279.5,325.2,366.1,403.4,415.8
129,406.5,442.0,75.3,496,163,267859.0,5,67.5,8.0,15.0,50.0,2.0,5.0,50.0,9,62.1,161.2,238.0,281.3,326.1,358.0,392.6,406.5
130,406.5,442.0,75.3,496,163,267859.0,5,67.5,8.0,15.0,50.0,2.0,5.0,50.0,9,62.1,161.2,238.0,281.3,326.1,358.0,392.6,406.5
131,319.3,442.0,70.6,465,194,210408.0,5,67.5,8.0,15.0,75.0,2.0,5.0,75.0,9,48.2,121.1,182.3,217.9,252.1,277.1,308.6,319.3
132,406.5,442.0,75.3,496,163,267859.0,5,67.5,8.0,15.0,50.0,2.0,5.0,50.0,9,62.1,161.2,238.0,281.3,326.1,358.0,392.6,406.5
133,406.5,442.0,75.3,496,163,267859.0,5,67.5,8.0,15.0,50.0,2.0,5.0,50.0,9,62.1,161.2,238.0,281.3,326.1,358.0,392.6,406.5
134,395.4,442.0,74.8,493,166,260547.0,5,67.5,8.0,15.0,50.0,2.0,5.0,50.0,8,61.2,157.9,232.4,274.8,317.7,348.4,382.1,395.4
135,406.2,442.0,74.8,493,166,267666.0,5,67.5,7.0,15.0,50.0,2.0,5.0,50.0,9,62.3,160.6,238.0,281.4,326.1,357.8,392.4,406.2
136,406.5,442.0,75.3,496,163,267859.0,5,67.5,8.0,15.0,50.0,2.0,5.0,50.0,9,62.1,161.2,238.0,281.3,326.1,358.0,392.6,406.5
137,406.2,442.0,74.8,493,166,267666.0,5,67.5,7.0,15.0,50.0,2.0,5.0,50.0,9,62.3,160.6,238.0,281.4,326.1,357.8,392.4,406.2
138,395.4,442.0,74.8,493,166,260547.0,5,67.5,8.0,15.0,50.0,2.0,5.0,50.0,8,61.2,157.9,232.4,274.8,317.7,348.4,382.1,395.4
139,222.8,442.0,67.2,443,216,146797.0,5,65.0,7.0,15.0,50.0,16.0,5.0,50.0,9,60.5,118.9,149.8,160.8,182.6,199.9,214.1,222.8
140,355.7,442.0,76.0,501,158,234381.0,6,67.5,8.0,15.0,25.0,2.0,5.0,50.0,9,60.5,146.4,212.2,248.8,287.6,314.0,341.9,355.7
141,236.0,442.0,67.4,444,215,155492.0,5,67.5,8.0,15.0,50.0,14.0,5.0,50.0,9,62.1,128.5,162.5,172.6,190.2,213.0,225.4,236.0
142,313.4,442.0,73.3,483,176,206545.0,5,67.5,8.0,15.0,50.0,2.0,5.0,125.0,9,51.1,121.1,181.5,215.3,249.7,277.5,302.9,313.4
143,406.2,442.0,74.8,493,166,267666.0,5,67.5,7.0,15.0,50.0,2.0,5.0,50.0,9,62.3,160.6,238.0,281.4,326.1,357.8,392.4,406.2
144,390.9,442.0,74.2,489,170,257608.0,5,65.0,8.0,15.0,50.0,2.0,5.0,50.0,9,60.2,154.6,226.8,267.5,311.8,342.4,376.3,390.9
145,406.5,442.0,75.3,496,163,267859.0,5,67.5,8.0,15.0,50.0,2.0,5.0,50.0,9,62.1,161.2,238.0,281.3,326.1,358.0,392.6,406.5
146,374.5,442.0,74.1,488,171,246772.0,10,65.0,7.0,15.0,50.0,2.0,5.0,50.0,8,51.7,144.5,215.3,255.4,297.9,327.4,360.5,374.5
147,409.1,442.0,75.0,494,165,269621.0,5,67.5,6.0,15.0,50.0,2.0,5.0,50.0,9,63.0,161.4,239.3,283.0,327.9,360.0,395.4,409.1
148,409.4,442.0,75.4,497,162,269819.0,5,65.0,7.0,30.0,50.0,0.0,5.0,50.0,8,59.3,158.6,233.1,281.3,323.1,357.1,394.0,409.4
149,409.4,442.0,74.8,493,166,269815.0,5,65.0,6.0,35.0,50.0,0.0,5.0,50.0,8,60.2,159.5,233.8,281.7,323.1,356.5,393.9,409.4
150,397.4,442.0,74.7,492,167,261859.0,5,65.0,6.0,35.0,50.0,0.0,5.0,50.0,7,59.9,155.5,227.3,275.3,314.3,347.9,382.5,397.4
151,260.9,442.0,66.8,440,219,171913.0,5,65.0,6.0,40.0,50.0,10.0,5.0,50.0,8,59.8,124.6,160.7,182.1,204.4,227.9,250.3,260.9
152,398.9,442.0,75.1,495,164,262854.0,5,65.0,5.0,30.0,50.0,0.0,5.0,50.0,7,60.3,157.0,228.6,276.8,315.4,349.5,384.0,398.9
153,409.4,442.0,74.8,493,166,269815.0,5,65.0,6.0,35.0,50.0,0.0,5.0,50.0,8,60.2,159.5,233.8,281.7,323.1,356.5,393.9,409.4
154,409.4,442.0,74.8,493,166,269815.0,5,65.0,6.0,35.0,50.0,0.0,5.0,50.0,8,60.2,159.5,233.8,281.7,323.1,356.5,393.9,409.4
155,408.7,442.0,74.4,490,169,269319.0,5,65.0,5.0,35.0,50.0,0.0,5.0,50.0,8,61.1,160.2,233.6,281.4,322.2,355.6,393.1,408.7
156,406.6,442.0,74.2,489,170,267918.0,5,65.0,4.0,35.0,50.0,0.0,5.0,50.0,8,61.3,158.8,232.0,280.1,320.5,353.5,390.9,406.6
157,408.7,442.0,74.4,490,169,269319.0,5,65.0,5.0,35.0,50.0,0.0,5.0,50.0,8,61.1,160.2,233.6,281.4,322.2,355.6,393.1,408.7
158,409.4,442.0,74.5,491,168,269762.0,6,65.0,5.0,35.0,50.0,0.0,5.0,50.0,8,61.6,160.9,234.3,282.1,322.9,356.2,393.8,409.4
159,409.3,442.0,75.0,494,165,269737.0,6,65.0,6.0,35.0,50.0,0.0,5.0,50.0,8,59.9,159.4,233.7,281.6,323.0,356.4,393.8,409.3
160,397.3,442.0,75.0,494,165,261849.0,6,65.0,6.0,35.0,50.0,0.0,5.0,50.0,7,59.6,155.5,227.3,275.3,314.3,347.8,382.5,397.3
161,409.3,442.0,75.0,494,165,269737.0,6,65.0,6.0,35.0,50.0,0.0,5.0,50.0,8,59.9,159.4,233.7,281.6,323.0,356.4,393.8,409.3
162,409.3,442.0,75.0,494,165,269737.0,6,65.0,6.0,35.0,50.0,0.0,5.0,50.0,8,59.9,159.4,233.7,281.6,323.0,356.4,393.8,409.3
163,409.3,442.0,75.0,494,165,269737.0,6,65.0,6.0,35.0,50.0,0.0,5.0,50.0,8,59.9,159.4,233.7,281.6,323.0,356.4,393.8,409.3
164,409.3,442.0,75.0,494,165,269737.0,6,65.0,6.0,35.0,50.0,0.0,5.0,50.0,8,59.9,159.4,233.7,281.6,323.0,356.4,393.8,409.3
165,358.1,442.0,72.1,475,184,235973.0,6,65.0,6.0,35.0,50.0,0.0,25.0,50.0,8,60.8,146.4,208.7,250.0,292.7,323.3,352.7,358.1
166,404.3,442.0,73.7,486,173,266415.0,6,65.0,4.0,40.0,50.0,0.0,5.0,50.0,8,60.4,157.2,230.0,278.1,318.5,351.4,388.7,404.3
167,402.0,442.0,74.4,490,169,264917.0,6,62.5,5.0,35.0,50.0,0.0,5.0,50.0,8,58.2,154.8,227.9,275.5,317.8,350.6,386.7,402.0
168,397.3,442.0,75.0,494,165,261849.0,6,65.0,6.0,35.0,50.0,0.0,5.0,50.0,7,59.6,155.5,227.3,275.3,314.3,347.8,382.5,397.3
169,352.2,442.0,73.9,487,172,232083.0,6,65.0,7.0,35.0,50.0,0.0,5.0,75.0,8,52.2,132.4,195.4,239.6,275.6,304.2,338.7,352.2
170,76.5,442.0,50.1,330,329,50427.0,6,62.5,6.0,30.0,150.0,0.0,5.0,50.0,8,0.5,9.3,28.9,42.7,54.4,66.0,69.0,76.5
171,406.7,442.0,74.1,488,171,267998.0,6,65.0,5.0,40.0,50.0,0.0,5.0,50.0,8,60.3,158.9,231.8,279.7,320.4,353.8,391.1,406.7
172,409.3,442.0,75.0,494,165,269737.0,6,65.0,6.0,35.0,50.0,0.0,5.0,50.0,8,59.9,159.4,233.7,281.6,323.0,356.4,393.8,409.3
173,409.3,442.0,75.0,494,165,269737.0,6,65.0,6.0,35.0,50.0,0.0,5.0,50.0,8,59.9,159.4,233.7,281.6,323.0,356.4,393.8,409.3
174,402.2,442.0,74.8,493,166,265030.0,6,62.5,6.0,35.0,50.0,0.0,5.0,50.0,8,56.3,153.2,227.3,275.0,317.7,350.6,386.8,402.2
175,304.1,442.0,73.4,484,175,200372.0,6,65.0,7.0,30.0,50.0,0.0,5.0,200.0,8,46.9,112.0,169.1,208.8,237.4,264.6,291.8,304.1
176,394.4,442.0,74.8,493,166,259932.0,5,62.5,6.0,35.0,50.0,0.0,5.0,50.0,7,57.5,151.8,223.7,271.7,312.3,345.3,379.6,394.4
177,394.5,442.0,74.7,492,167,259980.0,5,65.0,5.0,35.0,50.0,0.0,10.0,50.0,8,59.7,150.1,216.1,263.8,306.7,345.4,381.6,394.5
178,407.9,442.0,74.7,492,167,268836.0,5,65.0,7.0,35.0,50.0,0.0,5.0,50.0,8,59.7,158.0,232.4,280.2,321.9,355.3,392.4,407.9
179,403.6,442.0,75.7,499,160,265996.0,6,62.5,6.0,30.0,50.0,0.0,5.0,50.0,8,55.9,153.7,228.0,275.9,318.9,352.4,388.3,403.6
180,384.9,442.0,74.4,490,169,253681.0,5,65.0,7.0,35.0,50.0,0.0,10.0,50.0,7,59.4,146.2,210.3,257.0,298.6,338.0,372.3,384.9
181,304.5,442.0,72.1,475,184,200685.0,5,65.0,5.0,40.0,50.0,0.0,5.0,175.0,8,47.3,112.0,169.7,208.9,237.0,264.9,292.2,304.5
182,409.3,442.0,75.0,494,165,269737.0,6,65.0,6.0,35.0,50.0,0.0,5.0,50.0,8,59.9,159.4,233.7,281.6,323.0,356.4,393.8,409.3
183,409.3,442.0,75.0,494,165,269737.0,6,65.0,6.0,35.0,50.0,0.0,5.0,50.0,8,59.9,159.4,233.7,281.6,323.0,356.4,393.8,409.3
184,402.2,442.0,74.8,493,166,265030.0,6,62.5,6.0,35.0,50.0,0.0,5.0,50.0,8,56.3,153.2,227.3,275.0,317.7,350.6,386.8,402.2
185,407.8,442.0,75.0,494,165,268758.0,6,65.0,7.0,35.0,50.0,0.0,5.0,50.0,8,59.4,157.9,232.3,280.1,321.8,355.2,392.3,407.8
186,428.5,442.0,75.3,496,163,282413.0,5,65.0,6.0,35.0,50.0,0.0,5.0,50.0,10,61.5,166.7,245.8,294.7,338.1,372.0,411.0,428.5
187,420.7,442.0,74.5,491,168,277240.0,5,62.5,7.0,35.0,50.0,0.0,5.0,50.0,10,58.3,160.4,239.3,287.6,332.5,365.6,402.8,420.7
188,420.7,442.0,74.5,491,168,277240.0,5,62.5,7.0,35.0,50.0,0.0,5.0,50.0,10,58.3,160.4,239.3,287.6,332.5,365.6,402.8,420.7
189,400.6,442.0,76.5,504,155,263978.0,5,62.5,7.0,30.0,50.0,0.0,10.0,50.0,10,54.5,147.1,215.8,264.5,311.7,349.8,386.8,400.6
190,420.7,442.0,74.5,491,168,277240.0,5,62.5,7.0,35.0,50.0,0.0,5.0,50.0,10,58.3,160.4,239.3,287.6,332.5,365.6,402.8,420.7
191,417.9,442.0,74.2,489,170,275393.0,5,62.5,7.0,40.0,50.0,0.0,5.0,50.0,10,57.0,158.5,237.0,285.1,330.0,363.0,400.0,417.9
192,417.9,442.0,74.2,489,170,275393.0,5,62.5,7.0,40.0,50.0,0.0,5.0,50.0,10,57.0,158.5,237.0,285.1,330.0,363.0,400.0,417.9
193,417.9,442.0,74.2,489,170,275393.0,5,62.5,7.0,40.0,50.0,0.0,5.0,50.0,10,57.0,158.5,237.0,285.1,330.0,363.0,400.0,417.9
194,417.9,442.0,74.2,489,170,275393.0,5,62.5,7.0,40.0,50.0,0.0,5.0,50.0,10,57.0,158.5,237.0,285.1,330.0,363.0,400.0,417.9
195,417.9,442.0,74.2,489,170,275393.0,5,62.5,7.0,40.0,50.0,0.0,5.0,50.0,10,57.0,158.5,237.0,285.1,330.0,363.0,400.0,417.9
196,417.9,442.0,74.2,489,170,275393.0,5,62.5,7.0,40.0,50.0,0.0,5.0,50.0,10,57.0,158.5,237.0,285.1,330.0,363.0,400.0,417.9
197,417.9,442.0,74.2,489,170,275393.0,5,62.5,7.0,40.0,50.0,0.0,5.0,50.0,10,57.0,158.5,237.0,285.1,330.0,363.0,400.0,417.9
198,394.1,442.0,75.7,499,160,259715.0,5,60.0,7.0,40.0,50.0,0.0,10.0,50.0,10,53.4,143.8,212.0,259.3,306.6,344.4,382.2,394.1
199,417.9,442.0,74.2,489,170,275393.0,5,62.5,7.0,40.0,50.0,0.0,5.0,50.0,10,57.0,158.5,237.0,285.1,330.0,363.0,400.0,417.9
200,417.9,442.0,74.2,489,170,275393.0,5,62.5,7.0,40.0,50.0,0.0,5.0,50.0,10,57.0,158.5,237.0,285.1,330.0,363.0,400.0,417.9
201,417.9,442.0,74.2,489,170,275393.0,5,62.5,7.0,40.0,50.0,0.0,5.0,50.0,10,57.0,158.5,237.0,285.1,330.0,363.0,400.0,417.9
202,417.9,442.0,74.2,489,170,275393.0,5,62.5,7.0,40.0,50.0,0.0,5.0,50.0,10,57.0,158.5,237.0,285.1,330.0,363.0,400.0,417.9
203,417.9,442.0,74.2,489,170,275393.0,5,62.5,7.0,40.0,50.0,0.0,5.0,50.0,10,57.0,158.5,237.0,285.1,330.0,363.0,400.0,417.9
204,417.9,442.0,74.2,489,170,275393.0,5,62.5,7.0,40.0,50.0,0.0,5.0,50.0,10,57.0,158.5,237.0,285.1,330.0,363.0,400.0,417.9
205,417.9,442.0,74.2,489,170,275393.0,5,62.5,7.0,40.0,50.0,0.0,5.0,50.0,10,57.0,158.5,237.0,285.1,330.0,363.0,400.0,417.9
206,417.9,442.0,74.2,489,170,275393.0,5,62.5,7.0,40.0,50.0,0.0,5.0,50.0,10,57.0,158.5,237.0,285.1,330.0,363.0,400.0,417.9
207,417.9,442.0,74.2,489,170,275393.0,5,62.5,7.0,40.0,50.0,0.0,5.0,50.0,10,57.0,158.5,237.0,285.1,330.0,363.0,400.0,417.9
208,419.3,442.0,74.7,492,167,276291.0,5,60.0,7.0,40.0,50.0,0.0,5.0,50.0,10,57.8,159.3,237.8,286.2,331.5,365.4,402.9,419.3
209,419.3,442.0,74.7,492,167,276291.0,5,60.0,7.0,40.0,50.0,0.0,5.0,50.0,10,57.8,159.3,237.8,286.2,331.5,365.4,402.9,419.3
210,114.4,442.0,54.5,359,300,75407.0,5,60.0,7.0,40.0,100.0,0.0,5.0,50.0,10,6.5,22.0,47.6,66.6,82.5,95.5,105.1,114.4
211,419.3,442.0,74.7,492,167,276291.0,5,60.0,7.0,40.0,50.0,0.0,5.0,50.0,10,57.8,159.3,237.8,286.2,331.5,365.4,402.9,419.3
212,419.3,442.0,74.7,492,167,276291.0,5,60.0,7.0,40.0,50.0,0.0,5.0,50.0,10,57.8,159.3,237.8,286.2,331.5,365.4,402.9,419.3
213,419.3,442.0,74.7,492,167,276291.0,5,60.0,7.0,40.0,50.0,0.0,5.0,50.0,10,57.8,159.3,237.8,286.2,331.5,365.4,402.9,419.3
214,419.3,442.0,74.7,492,167,276291.0,5,60.0,7.0,40.0,50.0,0.0,5.0,50.0,10,57.8,159.3,237.8,286.2,331.5,365.4,402.9,419.3
215,419.3,442.0,74.7,492,167,276291.0,5,60.0,7.0,40.0,50.0,0.0,5.0,50.0,10,57.8,159.3,237.8,286.2,331.5,365.4,402.9,419.3
216,419.3,442.0,74.7,492,167,276291.0,5,60.0,7.0,40.0,50.0,0.0,5.0,50.0,10,57.8,159.3,237.8,286.2,331.5,365.4,402.9,419.3
217,419.3,442.0,74.7,492,167,276291.0,5,60.0,7.0,40.0,50.0,0.0,5.0,50.0,10,57.8,159.3,237.8,286.2,331.5,365.4,402.9,419.3
218,419.3,442.0,74.7,492,167,276291.0,5,60.0,7.0,40.0,50.0,0.0,5.0,50.0,10,57.8,159.3,237.8,286.2,331.5,365.4,402.9,419.3
219,419.3,442.0,74.7,492,167,276291.0,5,60.0,7.0,40.0,50.0,0.0,5.0,50.0,10,57.8,159.3,237.8,286.2,331.5,365.4,402.9,419.3
220,419.3,442.0,74.7,492,167,276291.0,5,60.0,7.0,40.0,50.0,0.0,5.0,50.0,10,57.8,159.3,237.8,286.2,331.5,365.4,402.9,419.3
221,419.3,442.0,74.7,492,167,276291.0,5,60.0,7.0,40.0,50.0,0.0,5.0,50.0,10,57.8,159.3,237.8,286.2,331.5,365.4,402.9,419.3
222,204.4,442.0,63.7,420,239,134684.0,5,60.0,7.0,40.0,50.0,18.0,5.0,50.0,10,57.8,113.5,135.1,143.2,163.9,184.1,198.2,204.4
223,419.3,442.0,74.7,492,167,276291.0,5,60.0,7.0,40.0,50.0,0.0,5.0,50.0,10,57.8,159.3,237.8,286.2,331.5,365.4,402.9,419.3
224,419.3,442.0,74.7,492,167,276291.0,5,60.0,7.0,40.0,50.0,0.0,5.0,50.0,10,57.8,159.3,237.8,286.2,331.5,365.4,402.9,419.3
225,419.3,442.0,74.7,492,167,276291.0,5,60.0,7.0,40.0,50.0,0.0,5.0,50.0,10,57.8,159.3,237.8,286.2,331.5,365.4,402.9,419.3
226,419.3,442.0,74.7,492,167,276291.0,5,60.0,7.0,40.0,50.0,0.0,5.0,50.0,10,57.8,159.3,237.8,286.2,331.5,365.4,402.9,419.3
227,419.3,442.0,74.7,492,167,276291.0,5,60.0,7.0,40.0,50.0,0.0,5.0,50.0,10,57.8,159.3,237.8,286.2,331.5,365.4,402.9,419.3
228,305.9,442.0,72.8,480,179,201560.0,5,60.0,7.0,40.0,50.0,0.0,5.0,150.0,10,46.6,108.9,167.6,207.3,237.9,266.7,294.4,305.9
229,116.8,442.0,54.8,361,298,76940.0,5,60.0,7.0,40.0,125.0,12.0,40.0,50.0,10,1.3,19.7,45.3,62.9,79.3,91.5,108.7,116.8
230,287.3,442.0,68.1,449,210,189298.0,5,60.0,7.0,40.0,50.0,8.0,5.0,50.0,10,57.8,131.1,172.9,190.3,222.0,249.1,276.3,287.3
231,419.3,442.0,74.7,492,167,276291.0,5,60.0,7.0,40.0,50.0,0.0,5.0,50.0,10,57.8,159.3,237.8,286.2,331.5,365.4,402.9,419.3
232,419.3,442.0,74.7,492,167,276291.0,5,60.0,7.0,40.0,50.0,0.0,5.0,50.0,10,57.8,159.3,237.8,286.2,331.5,365.4,402.9,419.3
233,419.3,442.0,74.7,492,167,276291.0,5,60.0,7.0,40.0,50.0,0.0,5.0,50.0,10,57.8,159.3,237.8,286.2,331.5,365.4,402.9,419.3
234,419.3,442.0,74.7,492,167,276291.0,5,60.0,7.0,40.0,50.0,0.0,5.0,50.0,10,57.8,159.3,237.8,286.2,331.5,365.4,402.9,419.3
235,419.3,442.0,74.7,492,167,276291.0,5,60.0,7.0,40.0,50.0,0.0,5.0,50.0,10,57.8,159.3,237.8,286.2,331.5,365.4,402.9,419.3
236,419.3,442.0,74.7,492,167,276291.0,5,60.0,7.0,40.0,50.0,0.0,5.0,50.0,10,57.8,159.3,237.8,286.2,331.5,365.4,402.9,419.3
237,419.3,442.0,74.7,492,167,276291.0,5,60.0,7.0,40.0,50.0,0.0,5.0,50.0,10,57.8,159.3,237.8,286.2,331.5,365.4,402.9,419.3
238,419.0,442.0,75.0,494,165,276142.0,5,60.0,8.0,40.0,50.0,0.0,5.0,50.0,10,57.6,159.3,237.3,285.8,331.1,364.9,402.7,419.0
239,419.3,442.0,74.7,492,167,276291.0,5,60.0,7.0,40.0,50.0,0.0,5.0,50.0,10,57.8,159.3,237.8,286.2,331.5,365.4,402.9,419.3
240,419.3,442.0,74.7,492,167,276291.0,5,60.0,7.0,40.0,50.0,0.0,5.0,50.0,10,57.8,159.3,237.8,286.2,331.5,365.4,402.9,419.3
241,419.0,442.0,75.0,494,165,276142.0,5,60.0,8.0,40.0,50.0,0.0,5.0,50.0,10,57.6,159.3,237.3,285.8,331.1,364.9,402.7,419.0
242,419.3,442.0,74.7,492,167,276291.0,5,60.0,7.0,40.0,50.0,0.0,5.0,50.0,10,57.8,159.3,237.8,286.2,331.5,365.4,402.9,419.3
243,419.3,442.0,74.7,492,167,276291.0,5,60.0,7.0,40.0,50.0,0.0,5.0,50.0,10,57.8,159.3,237.8,286.2,331.5,365.4,402.9,419.3
244,419.3,442.0,74.7,492,167,276291.0,5,60.0,7.0,40.0,50.0,0.0,5.0,50.0,10,57.8,159.3,237.8,286.2,331.5,365.4,402.9,419.3
245,419.3,442.0,74.7,492,167,276291.0,5,60.0,7.0,40.0,50.0,0.0,5.0,50.0,10,57.8,159.3,237.8,286.2,331.5,365.4,402.9,419.3
246,419.3,442.0,74.7,492,167,276291.0,5,60.0,7.0,40.0,50.0,0.0,5.0,50.0,10,57.8,159.3,237.8,286.2,331.5,365.4,402.9,419.3
247,419.3,442.0,74.7,492,167,276291.0,5,60.0,7.0,40.0,50.0,0.0,5.0,50.0,10,57.8,159.3,237.8,286.2,331.5,365.4,402.9,419.3
248,419.0,442.0,75.0,494,165,276142.0,5,60.0,8.0,40.0,50.0,0.0,5.0,50.0,10,57.6,159.3,237.3,285.8,331.1,364.9,402.7,419.0
249,419.3,442.0,74.7,492,167,276291.0,5,60.0,7.0,40.0,50.0,0.0,5.0,50.0,10,57.8,159.3,237.8,286.2,331.5,365.4,402.9,419.3
250,419.3,442.0,74.7,492,167,276291.0,5,60.0,7.0,40.0,50.0,0.0,5.0,50.0,10,57.8,159.3,237.8,286.2,331.5,365.4,402.9,419.3
251,358.5,442.0,73.9,487,172,236279.0,5,60.0,7.0,40.0,50.0,0.0,45.0,50.0,10,56.8,147.6,208.3,248.3,288.7,321.1,350.2,358.5
252,419.0,442.0,75.0,494,165,276142.0,5,60.0,8.0,40.0,50.0,0.0,5.0,50.0,10,57.6,159.3,237.3,285.8,331.1,364.9,402.7,419.0
253,321.2,442.0,73.0,481,178,211702.0,5,60.0,7.0,40.0,50.0,0.0,5.0,125.0,10,48.0,112.4,173.5,213.3,249.5,279.8,309.9,321.2
254,419.3,442.0,74.7,492,167,276291.0,5,60.0,7.0,40.0,50.0,0.0,5.0,50.0,10,57.8,159.3,237.8,286.2,331.5,365.4,402.9,419.3
255,419.3,442.0,74.7,492,167,276291.0,5,60.0,7.0,40.0,50.0,0.0,5.0,50.0,10,57.8,159.3,237.8,286.2,331.5,365.4,402.9,419.3
256,419.0,442.0,75.0,494,165,276142.0,5,60.0,8.0,40.0,50.0,0.0,5.0,50.0,10,57.6,159.3,237.3,285.8,331.1,364.9,402.7,419.0
257,419.3,442.0,74.7,492,167,276291.0,5,60.0,7.0,40.0,50.0,0.0,5.0,50.0,10,57.8,159.3,237.8,286.2,331.5,365.4,402.9,419.3
258,419.3,442.0,74.7,492,167,276291.0,5,60.0,7.0,40.0,50.0,0.0,5.0,50.0,10,57.8,159.3,237.8,286.2,331.5,365.4,402.9,419.3
259,419.0,442.0,75.0,494,165,276142.0,5,60.0,8.0,40.0,50.0,0.0,5.0,50.0,10,57.6,159.3,237.3,285.8,331.1,364.9,402.7,419.0
260,419.3,442.0,74.7,492,167,276291.0,5,60.0,7.0,40.0,50.0,0.0,5.0,50.0,10,57.8,159.3,237.8,286.2,331.5,365.4,402.9,419.3
261,159.4,442.0,62.5,412,247,105041.0,5,60.0,7.0,40.0,50.0,14.0,5.0,100.0,10,50.5,83.0,101.6,108.5,124.3,145.6,152.8,159.4
262,419.3,442.0,74.7,492,167,276291.0,5,60.0,7.0,40.0,50.0,0.0,5.0,50.0,10,57.8,159.3,237.8,286.2,331.5,365.4,402.9,419.3
263,419.0,442.0,75.0,494,165,276142.0,5,60.0,8.0,40.0,50.0,0.0,5.0,50.0,10,57.6,159.3,237.3,285.8,331.1,364.9,402.7,419.0
264,419.3,442.0,74.7,492,167,276291.0,5,60.0,7.0,40.0,50.0,0.0,5.0,50.0,10,57.8,159.3,237.8,286.2,331.5,365.4,402.9,419.3
265,419.3,442.0,74.7,492,167,276291.0,5,60.0,7.0,40.0,50.0,0.0,5.0,50.0,10,57.8,159.3,237.8,286.2,331.5,365.4,402.9,419.3
266,412.6,442.0,74.5,491,168,271913.0,9,60.0,7.0,40.0,50.0,0.0,5.0,50.0,10,51.1,152.9,231.3,279.8,325.0,358.6,396.3,412.6
267,419.3,442.0,74.7,492,167,276291.0,5,60.0,7.0,40.0,50.0,0.0,5.0,50.0,10,57.8,159.3,237.8,286.2,331.5,365.4,402.9,419.3
268,359.8,442.0,73.7,486,173,237134.0,5,60.0,8.0,40.0,50.0,0.0,35.0,50.0,10,56.5,146.7,207.7,247.3,288.3,321.4,351.8,359.8
269,419.3,442.0,74.7,492,167,276291.0,5,60.0,7.0,40.0,50.0,0.0,5.0,50.0,10,57.8,159.3,237.8,286.2,331.5,365.4,402.9,419.3
270,423.0,442.0,75.3,496,163,278743.0,5,60.0,6.0,40.0,50.0,0.0,5.0,50.0,10,58.9,160.9,239.7,288.2,333.6,368.1,406.7,423.0
271,423.0,442.0,75.3,496,163,278743.0,5,60.0,6.0,40.0,50.0,0.0,5.0,50.0,10,58.9,160.9,239.7,288.2,333.6,368.1,406.7,423.0
272,423.0,442.0,75.3,496,163,278743.0,5,60.0,6.0,40.0,50.0,0.0,5.0,50.0,10,58.9,160.9,239.7,288.2,333.6,368.1,406.7,423.0
273,423.0,442.0,75.3,496,163,278743.0,5,60.0,6.0,40.0,50.0,0.0,5.0,50.0,10,58.9,160.9,239.7,288.2,333.6,368.1,406.7,423.0
274,423.0,442.0,75.3,496,163,278743.0,5,60.0,6.0,40.0,50.0,0.0,5.0,50.0,10,58.9,160.9,239.7,288.2,333.6,368.1,406.7,423.0
275,423.0,442.0,75.3,496,163,278743.0,5,60.0,6.0,40.0,50.0,0.0,5.0,50.0,10,58.9,160.9,239.7,288.2,333.6,368.1,406.7,423.0
276,423.0,442.0,75.3,496,163,278743.0,5,60.0,6.0,40.0,50.0,0.0,5.0,50.0,10,58.9,160.9,239.7,288.2,333.6,368.1,406.7,423.0
277,423.0,442.0,75.3,496,163,278743.0,5,60.0,6.0,40.0,50.0,0.0,5.0,50.0,10,58.9,160.9,239.7,288.2,333.6,368.1,406.7,423.0
278,373.0,442.0,74.4,490,169,245796.0,5,62.5,6.0,40.0,50.0,0.0,30.0,50.0,10,59.4,153.2,217.8,257.7,300.2,334.6,365.3,373.0
279,366.8,442.0,73.6,485,174,241697.0,5,62.5,6.0,40.0,50.0,0.0,5.0,50.0,5,55.4,139.0,205.9,252.0,288.8,320.7,354.0,366.8
280,423.0,442.0,75.3,496,163,278743.0,5,60.0,6.0,40.0,50.0,0.0,5.0,50.0,10,58.9,160.9,239.7,288.2,333.6,368.1,406.7,423.0
281,368.3,442.0,73.9,487,172,242680.0,5,60.0,6.0,40.0,50.0,0.0,25.0,50.0,10,59.9,147.9,212.7,253.8,298.7,332.4,361.9,368.3
282,423.0,442.0,75.3,496,163,278743.0,5,60.0,6.0,40.0,50.0,0.0,5.0,50.0,10,58.9,160.9,239.7,288.2,333.6,368.1,406.7,423.0
283,421.1,442.0,74.5,491,168,277489.0,5,62.5,6.0,40.0,50.0,0.0,5.0,50.0,10,58.0,159.5,238.3,286.5,331.5,365.2,403.2,421.1
284,421.1,442.0,74.5,491,168,277489.0,5,62.5,6.0,40.0,50.0,0.0,5.0,50.0,10,58.0,159.5,238.3,286.5,331.5,365.2,403.2,421.1
285,421.1,442.0,74.5,491,168,277489.0,5,62.5,6.0,40.0,50.0,0.0,5.0,50.0,10,58.0,159.5,238.3,286.5,331.5,365.2,403.2,421.1
286,421.1,442.0,74.5,491,168,277489.0,5,62.5,6.0,40.0,50.0,0.0,5.0,50.0,10,58.0,159.5,238.3,286.5,331.5,365.2,403.2,421.1
287,421.1,442.0,74.5,491,168,277489.0,5,62.5,6.0,40.0,50.0,0.0,5.0,50.0,10,58.0,159.5,238.3,286.5,331.5,365.2,403.2,421.1
288,421.1,442.0,74.5,491,168,277489.0,5,62.5,6.0,40.0,50.0,0.0,5.0,50.0,10,58.0,159.5,238.3,286.5,331.5,365.2,403.2,421.1
289,421.1,442.0,74.5,491,168,277489.0,5,62.5,6.0,40.0,50.0,0.0,5.0,50.0,10,58.0,159.5,238.3,286.5,331.5,365.2,403.2,421.1
290,409.6,442.0,74.4,490,169,269933.0,10,62.5,6.0,40.0,50.0,0.0,5.0,50.0,10,46.1,148.2,227.0,275.2,320.2,353.6,391.8,409.6
291,421.1,442.0,74.5,491,168,277489.0,5,62.5,6.0,40.0,50.0,0.0,5.0,50.0,10,58.0,159.5,238.3,286.5,331.5,365.2,403.2,421.1
292,312.4,442.0,72.5,478,181,205872.0,5,62.5,6.0,40.0,50.0,2.0,5.0,100.0,10,49.6,115.9,175.1,209.1,242.9,271.5,299.7,312.4
293,111.8,442.0,54.2,357,302,73686.0,5,62.5,6.0,40.0,100.0,0.0,5.0,50.0,10,5.4,19.3,44.8,64.0,79.1,91.4,101.3,111.8
294,420.2,442.0,74.2,489,170,276883.0,5,62.5,5.0,40.0,50.0,0.0,5.0,50.0,10,59.3,160.4,238.3,286.4,330.8,364.4,402.4,420.2
295,421.1,442.0,74.5,491,168,277489.0,5,62.5,6.0,40.0,50.0,0.0,5.0,50.0,10,58.0,159.5,238.3,286.5,331.5,365.2,403.2,421.1
296,421.1,442.0,74.5,491,168,277489.0,5,62.5,6.0,40.0,50.0,0.0,5.0,50.0,10,58.0,159.5,238.3,286.5,331.5,365.2,403.2,421.1
297,339.8,442.0,73.0,481,178,223931.0,5,62.5,6.0,40.0,50.0,2.0,5.0,75.0,10,51.9,127.5,190.4,227.9,265.8,293.9,327.0,339.8
298,421.1,442.0,74.5,491,168,277489.0,5,62.5,6.0,40.0,50.0,0.0,5.0,50.0,10,58.0,159.5,238.3,286.5,331.5,365.2,403.2,421.1
299,421.1,442.0,74.5,491,168,277489.0,5,62.5,6.0,40.0,50.0,0.0,5.0,50.0,10,58.0,159.5,238.3,286.5,331.5,365.2,403.2,421.1
300,401.6,442.0,73.6,485,174,264624.0,12,62.5,6.0,40.0,50.0,0.0,5.0,50.0,10,37.4,140.7,219.5,267.9,313.1,346.1,383.7,401.6
