date,trades,day_pl,win_loss,entry_count,exit_count,long_pl,short_pl,largest_win,largest_loss
2023-09-19,0,0.0,LOSS,0,0,0.0,0.0,0.0,0.0
2023-09-20,0,0.0,LOSS,0,0,0.0,0.0,0.0,0.0
2023-09-21,0,0.0,LOSS,0,0,0.0,0.0,0.0,0.0
2023-09-25,0,0.0,LOSS,0,0,0.0,0.0,0.0,0.0
2023-09-27,0,0.0,LOSS,0,0,0.0,0.0,0.0,0.0
2023-09-29,0,0.0,LOSS,0,0,0.0,0.0,0.0,0.0
2023-10-02,0,0.0,LOSS,0,0,0.0,0.0,0.0,0.0
2023-10-04,0,0.0,LOSS,0,0,0.0,0.0,0.0,0.0
2023-10-05,0,0.0,LOSS,0,0,0.0,0.0,0.0,0.0
2023-10-06,0,0.0,LOSS,0,0,0.0,0.0,0.0,0.0
2023-10-09,0,0.0,LOSS,0,0,0.0,0.0,0.0,0.0
2023-10-19,0,0.0,LOSS,0,0,0.0,0.0,0.0,0.0
2023-10-24,0,0.0,LOSS,0,0,0.0,0.0,0.0,0.0
2023-10-25,0,0.0,LOSS,0,0,0.0,0.0,0.0,0.0
2023-10-26,0,0.0,LOSS,0,0,0.0,0.0,0.0,0.0
2023-10-30,0,0.0,LOSS,0,0,0.0,0.0,0.0,0.0
2023-10-31,0,0.0,LOSS,0,0,0.0,0.0,0.0,0.0
2023-11-01,0,0.0,LOSS,0,0,0.0,0.0,0.0,0.0
2023-11-08,0,0.0,LOSS,0,0,0.0,0.0,0.0,0.0
2023-11-09,0,0.0,LOSS,0,0,0.0,0.0,0.0,0.0
2023-11-10,0,0.0,LOSS,0,0,0.0,0.0,0.0,0.0
2023-11-14,0,0.0,LOSS,0,0,0.0,0.0,0.0,0.0
2023-11-15,0,0.0,LOSS,0,0,0.0,0.0,0.0,0.0
2023-11-16,0,0.0,LOSS,0,0,0.0,0.0,0.0,0.0
2023-11-28,2,-132.0,LOSS,2,2,-132.0,0.0,0.0,-132.0
2023-11-29,0,0.0,LOSS,0,0,0.0,0.0,0.0,0.0
2023-11-30,1,118.0,WIN,1,1,118.0,0.0,118.0,118.0
2023-12-01,1,0.0,LOSS,1,1,0.0,0.0,0.0,0.0
2023-12-04,0,0.0,LOSS,0,0,0.0,0.0,0.0,0.0
2023-12-06,0,0.0,LOSS,0,0,0.0,0.0,0.0,0.0
2023-12-11,0,0.0,LOSS,0,0,0.0,0.0,0.0,0.0
2023-12-13,1,-12.0,LOSS,1,1,-12.0,0.0,-12.0,-12.0
2023-12-14,1,160.0,WIN,1,1,0.0,160.0,160.0,160.0
2023-12-15,0,0.0,LOSS,0,0,0.0,0.0,0.0,0.0
2023-12-18,0,0.0,LOSS,0,0,0.0,0.0,0.0,0.0
2023-12-19,2,-54.0,LOSS,2,2,-54.0,0.0,-20.0,-34.0
2023-12-20,0,0.0,LOSS,0,0,0.0,0.0,0.0,0.0
2023-12-21,1,-72.0,LOSS,1,1,-72.0,0.0,-72.0,-72.0
2023-12-22,1,164.0,WIN,1,1,164.0,0.0,164.0,164.0
2023-12-26,0,0.0,LOSS,0,0,0.0,0.0,0.0,0.0
2023-12-27,1,12.0,WIN,1,1,12.0,0.0,12.0,12.0
2023-12-28,0,0.0,LOSS,0,0,0.0,0.0,0.0,0.0
2023-12-29,0,0.0,LOSS,0,0,0.0,0.0,0.0,0.0
2024-01-02,1,0.0,LOSS,1,1,0.0,0.0,0.0,0.0
2024-01-03,1,34.0,WIN,1,1,0.0,34.0,34.0,34.0
2024-01-04,1,32.0,WIN,1,1,32.0,0.0,32.0,32.0
2024-01-05,1,116.0,WIN,1,1,116.0,0.0,116.0,116.0
2024-01-08,3,24.0,WIN,3,3,24.0,0.0,26.0,-2.0
2024-01-09,1,0.0,LOSS,1,1,0.0,0.0,-0.0,-0.0
2024-01-10,1,-208.0,LOSS,1,1,-208.0,0.0,-208.0,-208.0
2024-01-11,2,-132.0,LOSS,2,2,0.0,-132.0,44.0,-176.0
2024-01-12,0,0.0,LOSS,0,0,0.0,0.0,0.0,0.0
2024-01-15,0,0.0,LOSS,0,0,0.0,0.0,0.0,0.0
2024-01-16,2,-108.0,LOSS,2,2,0.0,-108.0,-12.0,-96.0
2024-01-17,2,144.0,WIN,2,2,144.0,0.0,144.0,0.0
2024-01-18,2,-20.0,LOSS,2,2,-20.0,0.0,104.0,-124.0
2024-01-19,2,230.0,WIN,2,2,292.0,-62.0,292.0,-62.0
2024-01-22,1,120.0,WIN,1,1,120.0,0.0,120.0,120.0
2024-01-23,1,-60.0,LOSS,1,1,0.0,-60.0,-60.0,-60.0
2024-01-24,2,158.0,WIN,2,2,0.0,158.0,84.0,74.0
2024-01-25,0,0.0,LOSS,0,0,0.0,0.0,0.0,0.0
2024-01-26,1,-2.0,LOSS,1,1,-2.0,0.0,-2.0,-2.0
2024-01-29,1,130.0,WIN,1,1,130.0,0.0,130.0,130.0
2024-01-30,4,24.0,WIN,4,4,24.0,0.0,24.0,-0.0
2024-01-31,5,-280.0,LOSS,5,5,-162.0,-118.0,274.0,-250.0
2024-02-01,1,-224.0,LOSS,1,1,-224.0,0.0,-224.0,-224.0
2024-02-02,2,6.0,WIN,2,2,6.0,0.0,18.0,-12.0
2024-02-05,1,508.0,WIN,1,1,0.0,508.0,508.0,508.0
2024-02-06,1,-248.0,LOSS,1,1,-248.0,0.0,-248.0,-248.0
2024-02-07,1,-174.0,LOSS,1,1,-174.0,0.0,-174.0,-174.0
2024-02-08,1,84.0,WIN,1,1,0.0,84.0,84.0,84.0
2024-02-09,1,94.0,WIN,1,1,0.0,94.0,94.0,94.0
2024-02-12,2,22.0,WIN,2,2,22.0,0.0,122.0,-100.0
2024-02-13,2,32.0,WIN,2,2,0.0,32.0,96.0,-64.0
2024-02-14,2,-100.0,LOSS,2,2,-8.0,-92.0,-8.0,-92.0
2024-02-15,2,100.0,WIN,2,2,100.0,0.0,86.0,14.0
2024-02-16,3,-242.0,LOSS,3,3,-208.0,-34.0,84.0,-292.0
2024-02-19,0,0.0,LOSS,0,0,0.0,0.0,0.0,0.0
2024-02-20,1,-48.0,LOSS,1,1,0.0,-48.0,-48.0,-48.0
2024-02-21,2,-248.0,LOSS,2,2,-92.0,-156.0,-92.0,-156.0
2024-02-22,2,-110.0,LOSS,2,2,-110.0,0.0,140.0,-250.0
2024-02-23,2,-122.0,LOSS,2,2,-122.0,0.0,-0.0,-122.0
2024-02-26,3,-156.0,LOSS,3,3,46.0,-202.0,46.0,-176.0
2024-02-27,3,-10.0,LOSS,3,3,0.0,-10.0,80.0,-66.0
2024-02-28,1,132.0,WIN,1,1,132.0,0.0,132.0,132.0
2024-02-29,3,-230.0,LOSS,3,3,-70.0,-160.0,-56.0,-104.0
2024-03-01,3,-326.0,LOSS,3,3,-142.0,-184.0,-46.0,-184.0
2024-03-04,2,-106.0,LOSS,2,2,-106.0,0.0,34.0,-140.0
2024-03-05,4,-146.0,LOSS,4,4,0.0,-146.0,64.0,-164.0
2024-03-06,2,238.0,WIN,2,2,0.0,238.0,162.0,76.0
2024-03-07,5,-468.0,LOSS,5,5,-214.0,-254.0,-4.0,-190.0
2024-03-08,2,-222.0,LOSS,2,2,154.0,-376.0,154.0,-376.0
2024-03-11,4,30.0,WIN,4,4,58.0,-28.0,78.0,-28.0
2024-03-12,2,-94.0,LOSS,2,2,102.0,-196.0,102.0,-196.0
2024-03-13,4,-172.0,LOSS,4,4,-34.0,-138.0,124.0,-158.0
2024-03-14,3,-200.0,LOSS,3,3,0.0,-200.0,276.0,-284.0
2024-03-15,3,-260.0,LOSS,3,3,-144.0,-116.0,12.0,-144.0
2024-03-18,1,60.0,WIN,1,1,0.0,60.0,60.0,60.0
2024-03-19,3,306.0,WIN,3,3,306.0,0.0,296.0,-22.0
2024-03-20,2,664.0,WIN,2,2,664.0,0.0,586.0,78.0
2024-03-21,1,206.0,WIN,1,1,206.0,0.0,206.0,206.0
2024-03-22,3,564.0,WIN,3,3,0.0,564.0,376.0,20.0
2024-03-25,4,142.0,WIN,4,4,0.0,142.0,64.0,-14.0
2024-03-26,2,28.0,WIN,2,2,-8.0,36.0,36.0,-8.0
2024-03-27,3,-64.0,LOSS,3,3,130.0,-194.0,234.0,-194.0
2024-03-28,2,26.0,WIN,2,2,-52.0,78.0,78.0,-52.0
2024-04-01,3,300.0,WIN,3,3,0.0,300.0,474.0,-94.0
2024-04-02,1,12.0,WIN,1,1,0.0,12.0,12.0,12.0
2024-04-03,2,-64.0,LOSS,2,2,108.0,-172.0,108.0,-172.0
2024-04-04,2,1530.0,WIN,2,2,0.0,1530.0,1306.0,224.0
2024-04-05,1,434.0,WIN,1,1,434.0,0.0,434.0,434.0
2024-04-08,3,-370.0,LOSS,3,3,-170.0,-200.0,-52.0,-170.0
2024-04-09,1,334.0,WIN,1,1,0.0,334.0,334.0,334.0
2024-04-10,3,-330.0,LOSS,3,3,-262.0,-68.0,-32.0,-262.0
2024-04-11,2,382.0,WIN,2,2,10.0,372.0,372.0,10.0
2024-04-12,2,314.0,WIN,2,2,0.0,314.0,224.0,90.0
2024-04-15,2,826.0,WIN,2,2,0.0,826.0,486.0,340.0
2024-04-16,2,40.0,WIN,2,2,0.0,40.0,148.0,-108.0
2024-04-17,3,76.0,WIN,3,3,-146.0,222.0,222.0,-156.0
2024-04-18,3,266.0,WIN,3,3,122.0,144.0,178.0,-34.0
2024-04-19,2,-62.0,LOSS,2,2,-62.0,0.0,162.0,-224.0
2024-04-22,4,20.0,WIN,4,4,200.0,-180.0,268.0,-122.0
2024-04-23,4,-228.0,LOSS,4,4,-82.0,-146.0,30.0,-146.0
2024-04-24,4,-194.0,LOSS,4,4,-204.0,10.0,82.0,-168.0
2024-04-25,3,328.0,WIN,3,3,58.0,270.0,270.0,24.0
2024-04-26,2,80.0,WIN,2,2,80.0,0.0,108.0,-28.0
2024-04-29,1,-170.0,LOSS,1,1,0.0,-170.0,-170.0,-170.0
2024-04-30,5,-336.0,LOSS,5,5,-284.0,-52.0,126.0,-284.0
2024-05-01,5,-446.0,LOSS,5,5,-366.0,-80.0,-8.0,-204.0
2024-05-02,3,-20.0,LOSS,3,3,88.0,-108.0,116.0,-108.0
2024-05-03,1,154.0,WIN,1,1,0.0,154.0,154.0,154.0
2024-05-06,1,192.0,WIN,1,1,0.0,192.0,192.0,192.0
2024-05-07,1,-2.0,LOSS,1,1,-2.0,0.0,-2.0,-2.0
2024-05-08,3,186.0,WIN,3,3,186.0,0.0,114.0,-26.0
2024-05-09,3,494.0,WIN,3,3,494.0,0.0,274.0,-14.0
2024-05-10,2,-40.0,LOSS,2,2,-108.0,68.0,68.0,-108.0
2024-05-13,2,234.0,WIN,2,2,0.0,234.0,198.0,36.0
2024-05-14,3,-136.0,LOSS,3,3,52.0,-188.0,60.0,-188.0
2024-05-15,5,-148.0,LOSS,5,5,-104.0,-44.0,64.0,-118.0
2024-05-16,3,-34.0,LOSS,3,3,26.0,-60.0,26.0,-72.0
2024-05-17,3,-4.0,LOSS,3,3,108.0,-112.0,112.0,-112.0
2024-05-20,4,-306.0,LOSS,4,4,-106.0,-200.0,58.0,-234.0
2024-05-21,2,-124.0,LOSS,2,2,-34.0,-90.0,-34.0,-90.0
2024-05-22,2,100.0,WIN,2,2,-10.0,110.0,110.0,-10.0
2024-05-23,2,860.0,WIN,2,2,0.0,860.0,528.0,332.0
2024-05-24,4,-566.0,LOSS,4,4,-242.0,-324.0,-72.0,-252.0
2024-05-27,4,-76.0,LOSS,4,4,4.0,-80.0,62.0,-80.0
2024-05-28,3,-134.0,LOSS,3,3,-154.0,20.0,110.0,-154.0
2024-05-29,2,112.0,WIN,2,2,0.0,112.0,242.0,-130.0
2024-05-30,2,-120.0,LOSS,2,2,-80.0,-40.0,-40.0,-80.0
2024-05-31,3,664.0,WIN,3,3,702.0,-38.0,886.0,-184.0
2024-06-03,1,606.0,WIN,1,1,0.0,606.0,606.0,606.0
2024-06-04,2,186.0,WIN,2,2,186.0,0.0,272.0,-86.0
2024-06-05,2,114.0,WIN,2,2,-78.0,192.0,192.0,-78.0
2024-06-06,2,-330.0,LOSS,2,2,-130.0,-200.0,-130.0,-200.0
2024-06-07,2,-60.0,LOSS,2,2,90.0,-150.0,90.0,-150.0
2024-06-10,2,-364.0,LOSS,2,2,-162.0,-202.0,-162.0,-202.0
2024-06-11,2,-138.0,LOSS,2,2,-46.0,-92.0,-46.0,-92.0
2024-06-12,4,286.0,WIN,4,4,0.0,286.0,194.0,-86.0
2024-06-13,2,-42.0,LOSS,2,2,-162.0,120.0,120.0,-162.0
2024-06-14,4,-306.0,LOSS,4,4,-340.0,34.0,34.0,-156.0
2024-06-17,2,472.0,WIN,2,2,472.0,0.0,474.0,-2.0
2024-06-18,2,-238.0,LOSS,2,2,-160.0,-78.0,-78.0,-160.0
2024-06-19,1,54.0,WIN,1,1,0.0,54.0,54.0,54.0
2024-06-20,2,140.0,WIN,2,2,140.0,0.0,124.0,16.0
2024-06-24,2,-126.0,LOSS,2,2,222.0,-348.0,222.0,-348.0
2024-06-25,2,80.0,WIN,2,2,-338.0,418.0,418.0,-338.0
2024-06-26,2,150.0,WIN,2,2,178.0,-28.0,178.0,-28.0
2024-06-27,3,-72.0,LOSS,3,3,106.0,-178.0,98.0,-178.0
2024-06-28,2,-24.0,LOSS,2,2,146.0,-170.0,146.0,-170.0
2024-07-01,2,-204.0,LOSS,2,2,-324.0,120.0,120.0,-324.0
2024-07-02,3,108.0,WIN,3,3,108.0,0.0,78.0,-12.0
2024-07-03,1,124.0,WIN,1,1,0.0,124.0,124.0,124.0
2024-07-04,1,40.0,WIN,1,1,0.0,40.0,40.0,40.0
2024-07-05,5,-294.0,LOSS,5,5,-222.0,-72.0,30.0,-102.0
2024-07-08,2,-56.0,LOSS,2,2,-240.0,184.0,184.0,-240.0
2024-07-09,2,10.0,WIN,2,2,-78.0,88.0,88.0,-78.0
2024-07-10,3,642.0,WIN,3,3,634.0,8.0,338.0,8.0
2024-07-11,2,-92.0,LOSS,2,2,102.0,-194.0,102.0,-194.0
2024-07-12,3,246.0,WIN,3,3,246.0,0.0,230.0,-162.0
2024-07-15,2,-96.0,LOSS,2,2,-216.0,120.0,120.0,-216.0
2024-07-16,4,494.0,WIN,4,4,494.0,0.0,554.0,-70.0
2024-07-17,3,130.0,WIN,3,3,130.0,0.0,116.0,-22.0
2024-07-18,3,636.0,WIN,3,3,194.0,442.0,232.0,194.0
2024-07-19,2,-52.0,LOSS,2,2,0.0,-52.0,96.0,-148.0
2024-07-22,1,-98.0,LOSS,1,1,0.0,-98.0,-98.0,-98.0
2024-07-23,3,-736.0,LOSS,3,3,-484.0,-252.0,-166.0,-318.0
2024-07-24,3,38.0,WIN,3,3,0.0,38.0,156.0,-114.0
2024-07-25,2,298.0,WIN,2,2,298.0,0.0,192.0,106.0
2024-07-26,2,358.0,WIN,2,2,358.0,0.0,434.0,-76.0
2024-07-29,1,-208.0,LOSS,1,1,0.0,-208.0,-208.0,-208.0
2024-07-30,4,-586.0,LOSS,4,4,-456.0,-130.0,50.0,-506.0
2024-07-31,4,-348.0,LOSS,4,4,-218.0,-130.0,180.0,-336.0
2024-08-01,2,1038.0,WIN,2,2,-218.0,1256.0,1256.0,-218.0
2024-08-02,1,444.0,WIN,1,1,0.0,444.0,444.0,444.0
2024-08-05,3,-868.0,LOSS,3,3,-408.0,-460.0,6.0,-460.0
2024-08-06,3,170.0,WIN,3,3,170.0,0.0,242.0,-144.0
2024-08-07,3,476.0,WIN,3,3,-30.0,506.0,390.0,-30.0
2024-08-08,2,534.0,WIN,2,2,534.0,0.0,546.0,-12.0
2024-08-09,4,-400.0,LOSS,4,4,-320.0,-80.0,-40.0,-232.0
2024-08-12,1,-44.0,LOSS,1,1,0.0,-44.0,-44.0,-44.0
2024-08-13,5,-474.0,LOSS,5,5,-260.0,-214.0,44.0,-296.0
2024-08-14,3,292.0,WIN,3,3,292.0,0.0,156.0,22.0
2024-08-15,2,156.0,WIN,2,2,68.0,88.0,88.0,68.0
2024-08-16,4,-154.0,LOSS,4,4,-68.0,-86.0,96.0,-126.0
2024-08-19,2,68.0,WIN,2,2,68.0,0.0,134.0,-66.0
2024-08-20,2,-162.0,LOSS,2,2,0.0,-162.0,-74.0,-88.0
2024-08-21,2,-230.0,LOSS,2,2,0.0,-230.0,-108.0,-122.0
2024-08-22,3,-30.0,LOSS,3,3,-174.0,144.0,202.0,-174.0
2024-08-23,3,-414.0,LOSS,3,3,-414.0,0.0,2.0,-274.0
2024-08-26,3,-400.0,LOSS,3,3,-130.0,-270.0,-96.0,-174.0
2024-08-27,3,-272.0,LOSS,3,3,-114.0,-158.0,-42.0,-116.0
2024-08-28,4,-632.0,LOSS,4,4,-110.0,-522.0,84.0,-328.0
2024-08-29,2,22.0,WIN,2,2,150.0,-128.0,150.0,-128.0
2024-08-30,6,-330.0,LOSS,6,6,-168.0,-162.0,96.0,-158.0
2024-09-02,3,-160.0,LOSS,3,3,-26.0,-134.0,-26.0,-102.0
2024-09-03,4,196.0,WIN,4,4,-252.0,448.0,344.0,-252.0
2024-09-04,2,-112.0,LOSS,2,2,-76.0,-36.0,-36.0,-76.0
2024-09-05,2,122.0,WIN,2,2,0.0,122.0,224.0,-102.0
2024-09-06,3,426.0,WIN,3,3,-358.0,784.0,798.0,-358.0
2024-09-09,2,76.0,WIN,2,2,76.0,0.0,52.0,24.0
2024-09-10,2,320.0,WIN,2,2,0.0,320.0,402.0,-82.0
2024-09-11,3,508.0,WIN,3,3,220.0,288.0,288.0,56.0
2024-09-12,4,-488.0,LOSS,4,4,-162.0,-326.0,8.0,-326.0
2024-09-13,1,292.0,WIN,1,1,292.0,0.0,292.0,292.0
2024-09-16,2,88.0,WIN,2,2,50.0,38.0,50.0,38.0
2024-09-17,4,-448.0,LOSS,4,4,-146.0,-302.0,60.0,-210.0
2024-09-18,2,12.0,WIN,2,2,-24.0,36.0,36.0,-24.0
2024-09-19,2,-72.0,LOSS,2,2,-166.0,94.0,94.0,-166.0
2024-09-23,1,-144.0,LOSS,1,1,0.0,-144.0,-144.0,-144.0
2024-09-24,1,-104.0,LOSS,1,1,-104.0,0.0,-104.0,-104.0
2024-09-25,3,450.0,WIN,3,3,0.0,450.0,416.0,-48.0
2024-09-26,2,-12.0,LOSS,2,2,-12.0,0.0,28.0,-40.0
2024-09-27,1,286.0,WIN,1,1,286.0,0.0,286.0,286.0
2024-09-30,3,-580.0,LOSS,3,3,-92.0,-488.0,-92.0,-374.0
2024-10-01,2,-138.0,LOSS,2,2,-164.0,26.0,26.0,-164.0
2024-10-02,2,-128.0,LOSS,2,2,76.0,-204.0,76.0,-204.0
2024-10-03,1,-162.0,LOSS,1,1,0.0,-162.0,-162.0,-162.0
2024-10-04,2,118.0,WIN,2,2,18.0,100.0,100.0,18.0
2024-10-07,4,92.0,WIN,4,4,-72.0,164.0,250.0,-76.0
2024-10-08,2,-202.0,LOSS,2,2,-100.0,-102.0,-100.0,-102.0
2024-10-09,3,342.0,WIN,3,3,342.0,0.0,212.0,-64.0
2024-10-10,2,-306.0,LOSS,2,2,0.0,-306.0,-88.0,-218.0
2024-10-11,3,14.0,WIN,3,3,14.0,0.0,92.0,-46.0
2024-10-14,3,306.0,WIN,3,3,256.0,50.0,280.0,-24.0
2024-10-15,2,-78.0,LOSS,2,2,0.0,-78.0,42.0,-120.0
2024-10-16,3,376.0,WIN,3,3,376.0,0.0,344.0,-14.0
2024-10-17,1,-62.0,LOSS,1,1,0.0,-62.0,-62.0,-62.0
2024-10-18,3,-174.0,LOSS,3,3,-138.0,-36.0,-26.0,-112.0
2024-10-21,2,520.0,WIN,2,2,-30.0,550.0,550.0,-30.0
2024-10-22,4,-134.0,LOSS,4,4,-38.0,-96.0,76.0,-96.0
2024-10-23,5,-472.0,LOSS,5,5,-56.0,-416.0,-56.0,-162.0
2024-10-24,2,-8.0,LOSS,2,2,0.0,-8.0,24.0,-32.0
2024-10-25,3,168.0,WIN,3,3,0.0,168.0,254.0,-70.0
2024-10-28,1,-80.0,LOSS,1,1,-80.0,0.0,-80.0,-80.0
2024-10-29,1,174.0,WIN,1,1,174.0,0.0,174.0,174.0
2024-10-30,1,304.0,WIN,1,1,304.0,0.0,304.0,304.0
2024-10-31,2,-140.0,LOSS,2,2,-182.0,42.0,42.0,-182.0
2024-11-01,1,346.0,WIN,1,1,346.0,0.0,346.0,346.0
2024-11-04,2,-202.0,LOSS,2,2,0.0,-202.0,-48.0,-154.0
2024-11-05,4,374.0,WIN,4,4,374.0,0.0,548.0,-248.0
2024-11-06,4,-574.0,LOSS,4,4,-574.0,0.0,-6.0,-280.0
2024-11-07,2,-174.0,LOSS,2,2,46.0,-220.0,46.0,-220.0
2024-11-08,3,-346.0,LOSS,3,3,-120.0,-226.0,54.0,-226.0
2024-11-11,1,32.0,WIN,1,1,32.0,0.0,32.0,32.0
2024-11-12,1,374.0,WIN,1,1,0.0,374.0,374.0,374.0
2024-11-13,4,-270.0,LOSS,4,4,-70.0,-200.0,176.0,-246.0
2024-11-14,3,50.0,WIN,3,3,0.0,50.0,118.0,-100.0
2024-11-15,3,-144.0,LOSS,3,3,-12.0,-132.0,-4.0,-128.0
2024-11-18,3,-368.0,LOSS,3,3,-16.0,-352.0,-16.0,-234.0
2024-11-19,3,-268.0,LOSS,3,3,20.0,-288.0,228.0,-288.0
2024-11-20,2,-38.0,LOSS,2,2,-68.0,30.0,30.0,-68.0
2024-11-21,2,282.0,WIN,2,2,756.0,-474.0,756.0,-474.0
2024-11-22,7,-312.0,LOSS,7,7,-48.0,-264.0,70.0,-264.0
2024-11-25,3,-272.0,LOSS,3,3,-162.0,-110.0,24.0,-162.0
2024-11-26,2,588.0,WIN,2,2,448.0,140.0,448.0,140.0
2024-11-27,2,136.0,WIN,2,2,-48.0,184.0,184.0,-48.0
2024-11-28,3,-8.0,LOSS,3,3,46.0,-54.0,58.0,-54.0
2024-11-29,2,44.0,WIN,2,2,44.0,0.0,66.0,-22.0
2024-12-02,1,60.0,WIN,1,1,0.0,60.0,60.0,60.0
2024-12-03,2,-100.0,LOSS,2,2,0.0,-100.0,90.0,-190.0
2024-12-04,3,-84.0,LOSS,3,3,-92.0,8.0,8.0,-52.0
2024-12-05,4,-180.0,LOSS,4,4,0.0,-180.0,42.0,-138.0
2024-12-06,3,320.0,WIN,3,3,0.0,320.0,218.0,6.0
2024-12-09,4,-140.0,LOSS,4,4,0.0,-140.0,216.0,-184.0
2024-12-10,2,-46.0,LOSS,2,2,106.0,-152.0,106.0,-152.0
2024-12-11,3,-58.0,LOSS,3,3,-114.0,56.0,54.0,-114.0
2024-12-12,5,-158.0,LOSS,5,5,0.0,-158.0,136.0,-146.0
2024-12-13,4,-176.0,LOSS,4,4,-48.0,-128.0,-42.0,-48.0
2024-12-16,3,-96.0,LOSS,3,3,-186.0,90.0,102.0,-186.0
2024-12-17,4,-274.0,LOSS,4,4,-156.0,-118.0,-0.0,-156.0
2024-12-18,2,2066.0,WIN,2,2,192.0,1874.0,1874.0,192.0
2024-12-19,3,-356.0,LOSS,3,3,-322.0,-34.0,-6.0,-322.0
2024-12-23,3,44.0,WIN,3,3,-26.0,70.0,70.0,-14.0
2024-12-24,1,654.0,WIN,1,1,654.0,0.0,654.0,654.0
2024-12-26,3,-64.0,LOSS,3,3,-64.0,0.0,-2.0,-48.0
2024-12-27,3,-184.0,LOSS,3,3,-208.0,24.0,90.0,-208.0
2024-12-30,2,340.0,WIN,2,2,130.0,210.0,210.0,130.0
2024-12-31,3,24.0,WIN,3,3,-82.0,106.0,106.0,-42.0
2025-01-02,3,68.0,WIN,3,3,0.0,68.0,318.0,-382.0
2025-01-03,3,-190.0,LOSS,3,3,-86.0,-104.0,16.0,-104.0
2025-01-06,4,-196.0,LOSS,4,4,-38.0,-158.0,64.0,-102.0
2025-01-07,3,64.0,WIN,3,3,0.0,64.0,286.0,-222.0
2025-01-08,3,-664.0,LOSS,3,3,-552.0,-112.0,-112.0,-436.0
2025-01-10,2,660.0,WIN,2,2,0.0,660.0,672.0,-12.0
2025-01-13,3,116.0,WIN,3,3,116.0,0.0,168.0,-96.0
2025-01-14,6,-938.0,LOSS,6,6,-692.0,-246.0,26.0,-442.0
2025-01-15,2,-44.0,LOSS,2,2,-44.0,0.0,0.0,-44.0
2025-01-16,2,-256.0,LOSS,2,2,-188.0,-68.0,-68.0,-188.0
2025-01-17,2,28.0,WIN,2,2,28.0,0.0,74.0,-46.0
2025-01-20,2,-54.0,LOSS,2,2,-28.0,-26.0,-26.0,-28.0
2025-01-21,3,262.0,WIN,3,3,262.0,0.0,172.0,0.0
2025-01-22,2,-84.0,LOSS,2,2,0.0,-84.0,-22.0,-62.0
2025-01-23,4,348.0,WIN,4,4,348.0,0.0,264.0,-30.0
2025-01-24,4,-256.0,LOSS,4,4,-118.0,-138.0,-10.0,-118.0
2025-01-27,4,372.0,WIN,4,4,372.0,0.0,150.0,24.0
2025-01-28,3,-626.0,LOSS,3,3,-334.0,-292.0,-106.0,-292.0
2025-01-29,2,206.0,WIN,2,2,-36.0,242.0,242.0,-36.0
2025-01-30,3,-38.0,LOSS,3,3,-38.0,0.0,74.0,-168.0
2025-01-31,3,454.0,WIN,3,3,0.0,454.0,472.0,-34.0
2025-02-03,5,-946.0,LOSS,5,5,-254.0,-692.0,96.0,-692.0
2025-02-04,2,-18.0,LOSS,2,2,-18.0,0.0,22.0,-40.0
2025-02-05,4,194.0,WIN,4,4,386.0,-192.0,390.0,-106.0
2025-02-06,4,168.0,WIN,4,4,0.0,168.0,228.0,-56.0
2025-02-07,4,-110.0,LOSS,4,4,-424.0,314.0,338.0,-424.0
2025-02-10,3,-242.0,LOSS,3,3,0.0,-242.0,54.0,-190.0
2025-02-11,4,-58.0,LOSS,4,4,-58.0,0.0,110.0,-78.0
2025-02-12,4,-600.0,LOSS,4,4,-370.0,-230.0,26.0,-268.0
2025-02-13,3,84.0,WIN,3,3,158.0,-74.0,246.0,-88.0
2025-02-14,5,-252.0,LOSS,5,5,-206.0,-46.0,-8.0,-190.0
2025-02-17,2,-66.0,LOSS,2,2,-26.0,-40.0,-26.0,-40.0
2025-02-18,4,-332.0,LOSS,4,4,-234.0,-98.0,-16.0,-212.0
2025-02-19,3,-292.0,LOSS,3,3,-292.0,0.0,-50.0,-154.0
2025-02-20,3,366.0,WIN,3,3,-124.0,490.0,584.0,-124.0
2025-02-21,2,790.0,WIN,2,2,0.0,790.0,568.0,222.0
2025-02-24,3,118.0,WIN,3,3,-104.0,222.0,222.0,-142.0
2025-02-25,3,-544.0,LOSS,3,3,-600.0,56.0,56.0,-438.0
2025-02-26,4,-144.0,LOSS,4,4,138.0,-282.0,138.0,-254.0
2025-02-27,2,622.0,WIN,2,2,368.0,254.0,368.0,254.0
2025-02-28,4,604.0,WIN,4,4,612.0,-8.0,624.0,-146.0
2025-03-03,4,442.0,WIN,4,4,-140.0,582.0,668.0,-140.0
2025-03-04,2,-18.0,LOSS,2,2,-476.0,458.0,458.0,-476.0
2025-03-05,4,-810.0,LOSS,4,4,-126.0,-684.0,126.0,-684.0
2025-03-06,2,-546.0,LOSS,2,2,-156.0,-390.0,-156.0,-390.0
2025-03-07,4,-112.0,LOSS,4,4,66.0,-178.0,120.0,-178.0
2025-03-10,3,448.0,WIN,3,3,-4.0,452.0,496.0,-44.0
2025-03-11,2,524.0,WIN,2,2,0.0,524.0,844.0,-320.0
2025-03-12,1,366.0,WIN,1,1,0.0,366.0,366.0,366.0
2025-03-13,4,-344.0,LOSS,4,4,-394.0,50.0,388.0,-338.0
2025-03-14,3,-80.0,LOSS,3,3,90.0,-170.0,344.0,-254.0
2025-03-17,2,174.0,WIN,2,2,174.0,0.0,128.0,46.0
2025-03-18,2,-18.0,LOSS,2,2,0.0,-18.0,70.0,-88.0
2025-03-19,3,-176.0,LOSS,3,3,-176.0,0.0,42.0,-138.0
2025-03-20,1,838.0,WIN,1,1,838.0,0.0,838.0,838.0
2025-03-24,3,140.0,WIN,3,3,140.0,0.0,332.0,-194.0
2025-03-25,2,132.0,WIN,2,2,0.0,132.0,96.0,36.0
2025-03-26,4,188.0,WIN,4,4,168.0,20.0,198.0,-242.0
2025-03-27,2,-216.0,LOSS,2,2,130.0,-346.0,130.0,-346.0
2025-03-28,3,976.0,WIN,3,3,0.0,976.0,654.0,154.0
2025-03-31,5,48.0,WIN,5,5,462.0,-414.0,544.0,-414.0
2025-04-01,2,-260.0,LOSS,2,2,140.0,-400.0,140.0,-400.0
2025-04-02,3,-488.0,LOSS,3,3,-488.0,0.0,786.0,-974.0
2025-04-03,3,658.0,WIN,3,3,-216.0,874.0,590.0,-216.0
2025-04-04,4,830.0,WIN,4,4,0.0,830.0,748.0,-168.0
2025-04-07,2,132.0,WIN,2,2,1044.0,-912.0,1044.0,-912.0
2025-04-08,5,1238.0,WIN,5,5,-578.0,1816.0,1886.0,-578.0
2025-04-09,3,5004.0,WIN,3,3,5004.0,0.0,4602.0,-250.0
2025-04-10,1,1050.0,WIN,1,1,0.0,1050.0,1050.0,1050.0
2025-04-11,4,120.0,WIN,4,4,268.0,-148.0,574.0,-752.0
2025-04-14,2,116.0,WIN,2,2,0.0,116.0,334.0,-218.0
2025-04-15,4,-402.0,LOSS,4,4,-162.0,-240.0,-4.0,-216.0
2025-04-16,3,44.0,WIN,3,3,-226.0,270.0,294.0,-226.0
2025-04-17,4,-678.0,LOSS,4,4,-448.0,-230.0,-10.0,-380.0
2025-04-21,1,1502.0,WIN,1,1,0.0,1502.0,1502.0,1502.0
2025-04-22,1,366.0,WIN,1,1,366.0,0.0,366.0,366.0
2025-04-23,3,-218.0,LOSS,3,3,-76.0,-142.0,-18.0,-124.0
2025-04-24,4,440.0,WIN,4,4,440.0,0.0,498.0,-134.0
2025-04-25,3,-520.0,LOSS,3,3,-438.0,-82.0,-82.0,-270.0
2025-04-28,2,116.0,WIN,2,2,-42.0,158.0,158.0,-42.0
2025-04-29,4,-302.0,LOSS,4,4,-84.0,-218.0,30.0,-218.0
2025-04-30,4,-328.0,LOSS,4,4,-306.0,-22.0,36.0,-238.0
2025-05-01,3,-256.0,LOSS,3,3,-118.0,-138.0,-68.0,-118.0
2025-05-02,3,-324.0,LOSS,3,3,-70.0,-254.0,62.0,-254.0
2025-05-05,1,564.0,WIN,1,1,564.0,0.0,564.0,564.0
2025-05-06,5,-1022.0,LOSS,5,5,-682.0,-340.0,74.0,-380.0
2025-05-07,3,-562.0,LOSS,3,3,-78.0,-484.0,0.0,-484.0
2025-05-08,3,64.0,WIN,3,3,216.0,-152.0,390.0,-174.0
2025-05-09,4,-300.0,LOSS,4,4,-180.0,-120.0,60.0,-180.0
2025-05-12,3,-18.0,LOSS,3,3,-4.0,-14.0,6.0,-14.0
2025-05-13,4,-160.0,LOSS,4,4,-148.0,-12.0,56.0,-146.0
2025-05-14,3,-434.0,LOSS,3,3,0.0,-434.0,-66.0,-216.0
2025-05-15,4,316.0,WIN,4,4,316.0,0.0,350.0,-50.0
2025-05-16,4,356.0,WIN,4,4,398.0,-42.0,306.0,-42.0
2025-05-19,2,208.0,WIN,2,2,208.0,0.0,274.0,-66.0
2025-05-20,2,-188.0,LOSS,2,2,0.0,-188.0,10.0,-198.0
2025-05-21,4,-96.0,LOSS,4,4,-44.0,-52.0,190.0,-246.0
2025-05-22,4,-254.0,LOSS,4,4,-182.0,-72.0,-18.0,-88.0
2025-05-23,2,8.0,WIN,2,2,8.0,0.0,32.0,-24.0
2025-05-26,2,-194.0,LOSS,2,2,-122.0,-72.0,-72.0,-122.0
2025-05-27,4,16.0,WIN,4,4,382.0,-366.0,336.0,-366.0
2025-05-28,2,88.0,WIN,2,2,-112.0,200.0,200.0,-112.0
2025-05-29,4,-90.0,LOSS,4,4,-4.0,-86.0,-4.0,-32.0
2025-05-30,4,-304.0,LOSS,4,4,-8.0,-296.0,106.0,-182.0
2025-06-02,3,26.0,WIN,3,3,214.0,-188.0,282.0,-188.0
2025-06-03,3,20.0,WIN,3,3,96.0,-76.0,296.0,-200.0
2025-06-04,2,128.0,WIN,2,2,38.0,90.0,90.0,38.0
2025-06-05,3,-202.0,LOSS,3,3,-42.0,-160.0,-16.0,-144.0
2025-06-06,2,90.0,WIN,2,2,112.0,-22.0,112.0,-22.0
2025-06-09,3,178.0,WIN,3,3,92.0,86.0,114.0,-22.0
2025-06-10,3,-196.0,LOSS,3,3,-80.0,-116.0,-16.0,-116.0
2025-06-11,3,-692.0,LOSS,3,3,-448.0,-244.0,168.0,-616.0
2025-06-12,3,-264.0,LOSS,3,3,-20.0,-244.0,22.0,-244.0
2025-06-13,3,-102.0,LOSS,3,3,-134.0,32.0,194.0,-162.0
2025-06-16,1,238.0,WIN,1,1,238.0,0.0,238.0,238.0
2025-06-17,3,308.0,WIN,3,3,52.0,256.0,256.0,-56.0
2025-06-18,2,282.0,WIN,2,2,218.0,64.0,218.0,64.0
2025-06-19,2,-82.0,LOSS,2,2,-112.0,30.0,30.0,-112.0
2025-06-23,5,-830.0,LOSS,5,5,126.0,-956.0,62.0,-874.0
2025-06-24,3,-136.0,LOSS,3,3,-136.0,0.0,164.0,-216.0
2025-06-25,3,30.0,WIN,3,3,0.0,30.0,82.0,-90.0
2025-06-26,3,234.0,WIN,3,3,234.0,0.0,174.0,30.0
2025-06-27,1,576.0,WIN,1,1,576.0,0.0,576.0,576.0
2025-06-30,3,-430.0,LOSS,3,3,-164.0,-266.0,-50.0,-216.0
2025-07-01,1,760.0,WIN,1,1,760.0,0.0,760.0,760.0
2025-07-02,2,-108.0,LOSS,2,2,-68.0,-40.0,-40.0,-68.0
2025-07-03,1,424.0,WIN,1,1,424.0,0.0,424.0,424.0
2025-07-04,3,-172.0,LOSS,3,3,-104.0,-68.0,-34.0,-70.0
2025-07-07,3,428.0,WIN,3,3,0.0,428.0,662.0,-204.0
2025-07-08,4,-726.0,LOSS,4,4,-188.0,-538.0,-138.0,-202.0
2025-07-09,2,-298.0,LOSS,2,2,-356.0,58.0,58.0,-356.0
2025-07-10,2,396.0,WIN,2,2,396.0,0.0,470.0,-74.0
2025-07-11,1,-190.0,LOSS,1,1,0.0,-190.0,-190.0,-190.0
2025-07-14,2,-100.0,LOSS,2,2,-100.0,0.0,-50.0,-50.0
2025-07-15,3,278.0,WIN,3,3,0.0,278.0,284.0,-124.0
2025-07-16,4,-652.0,LOSS,4,4,-182.0,-470.0,-36.0,-396.0
2025-07-17,2,-98.0,LOSS,2,2,-98.0,0.0,-12.0,-86.0
2025-07-18,2,166.0,WIN,2,2,0.0,166.0,208.0,-42.0
2025-07-21,4,-184.0,LOSS,4,4,-6.0,-178.0,28.0,-158.0
2025-07-22,2,112.0,WIN,2,2,112.0,0.0,78.0,34.0
2025-07-23,5,-264.0,LOSS,5,5,-246.0,-18.0,18.0,-158.0
2025-07-24,1,224.0,WIN,1,1,224.0,0.0,224.0,224.0
2025-07-25,5,-258.0,LOSS,5,5,56.0,-314.0,150.0,-300.0
2025-07-28,3,-330.0,LOSS,3,3,-64.0,-266.0,-64.0,-160.0
2025-07-29,3,256.0,WIN,3,3,0.0,256.0,214.0,12.0
2025-07-30,4,-1122.0,LOSS,4,4,-322.0,-800.0,-120.0,-558.0
2025-07-31,4,-482.0,LOSS,4,4,-118.0,-364.0,-44.0,-236.0
2025-08-01,2,176.0,WIN,2,2,0.0,176.0,126.0,50.0
2025-08-04,3,554.0,WIN,3,3,554.0,0.0,348.0,6.0
2025-08-05,2,-216.0,LOSS,2,2,-300.0,84.0,84.0,-300.0
2025-08-06,4,-424.0,LOSS,4,4,0.0,-424.0,22.0,-356.0
2025-08-07,2,966.0,WIN,2,2,0.0,966.0,1032.0,-66.0
2025-08-08,2,-308.0,LOSS,2,2,-190.0,-118.0,-118.0,-190.0
2025-08-11,2,46.0,WIN,2,2,-136.0,182.0,182.0,-136.0
2025-08-12,2,282.0,WIN,2,2,282.0,0.0,368.0,-86.0
2025-08-13,2,0.0,LOSS,2,2,0.0,0.0,40.0,-40.0
2025-08-14,4,-158.0,LOSS,4,4,-24.0,-134.0,218.0,-174.0
2025-08-15,1,286.0,WIN,1,1,0.0,286.0,286.0,286.0
2025-08-18,2,-238.0,LOSS,2,2,-92.0,-146.0,-92.0,-146.0
2025-08-19,4,-330.0,LOSS,4,4,-262.0,-68.0,48.0,-258.0
2025-08-20,2,-228.0,LOSS,2,2,-246.0,18.0,18.0,-246.0
2025-08-21,2,-392.0,LOSS,2,2,-174.0,-218.0,-174.0,-218.0
2025-08-22,1,1254.0,WIN,1,1,1254.0,0.0,1254.0,1254.0
2025-08-25,5,26.0,WIN,5,5,-44.0,70.0,50.0,-44.0
2025-08-26,2,290.0,WIN,2,2,290.0,0.0,256.0,34.0
2025-08-27,3,24.0,WIN,3,3,24.0,0.0,52.0,-56.0
2025-08-28,2,64.0,WIN,2,2,-12.0,76.0,76.0,-12.0
2025-08-29,2,-80.0,LOSS,2,2,-174.0,94.0,94.0,-174.0
2025-09-01,2,84.0,WIN,2,2,126.0,-42.0,126.0,-42.0
2025-09-02,3,-476.0,LOSS,3,3,-138.0,-338.0,-48.0,-338.0
2025-09-03,3,-260.0,LOSS,3,3,-200.0,-60.0,-14.0,-200.0
2025-09-04,3,388.0,WIN,3,3,512.0,-124.0,366.0,-124.0
2025-09-05,2,200.0,WIN,2,2,-160.0,360.0,360.0,-160.0
2025-09-08,3,50.0,WIN,3,3,-62.0,112.0,112.0,-74.0
2025-09-09,4,-234.0,LOSS,4,4,-116.0,-118.0,24.0,-156.0
2025-09-10,3,40.0,WIN,3,3,-40.0,80.0,42.0,-40.0
2025-09-11,2,798.0,WIN,2,2,798.0,0.0,804.0,-6.0
2025-09-12,3,-42.0,LOSS,3,3,-110.0,68.0,80.0,-110.0
2025-09-15,2,-430.0,LOSS,2,2,-282.0,-148.0,-148.0,-282.0
2025-09-16,1,192.0,WIN,1,1,0.0,192.0,192.0,192.0
2025-09-17,4,-1180.0,LOSS,4,4,-770.0,-410.0,124.0,-762.0
2025-09-18,2,14.0,WIN,2,2,58.0,-44.0,58.0,-44.0
2025-09-22,4,34.0,WIN,4,4,214.0,-180.0,308.0,-180.0
2025-09-23,3,112.0,WIN,3,3,6.0,106.0,142.0,-36.0
2025-09-24,2,12.0,WIN,2,2,-156.0,168.0,168.0,-156.0
2025-09-25,3,-626.0,LOSS,3,3,-36.0,-590.0,-36.0,-320.0
2025-09-26,2,-98.0,LOSS,2,2,-88.0,-10.0,-10.0,-88.0
2025-09-29,1,-30.0,LOSS,1,1,0.0,-30.0,-30.0,-30.0
2025-09-30,3,-300.0,LOSS,3,3,-256.0,-44.0,-28.0,-228.0
2025-10-01,2,-182.0,LOSS,2,2,-182.0,0.0,-26.0,-156.0
2025-10-02,2,-330.0,LOSS,2,2,-264.0,-66.0,-66.0,-264.0
2025-10-03,1,526.0,WIN,1,1,526.0,0.0,526.0,526.0
2025-10-06,1,34.0,WIN,1,1,0.0,34.0,34.0,34.0
2025-10-07,4,-242.0,LOSS,4,4,-332.0,90.0,132.0,-332.0
2025-10-08,2,-192.0,LOSS,2,2,-44.0,-148.0,-44.0,-148.0
2025-10-09,4,-374.0,LOSS,4,4,-290.0,-84.0,8.0,-290.0
2025-10-10,4,874.0,WIN,4,4,-238.0,1112.0,866.0,-238.0
2025-10-13,3,-114.0,LOSS,3,3,-114.0,0.0,174.0,-312.0
2025-10-14,2,1010.0,WIN,2,2,1328.0,-318.0,1328.0,-318.0
2025-10-15,3,50.0,WIN,3,3,20.0,30.0,114.0,-84.0
2025-10-16,6,-36.0,LOSS,6,6,-14.0,-22.0,184.0,-154.0
2025-10-17,3,-190.0,LOSS,3,3,-190.0,0.0,-24.0,-126.0
2025-10-20,2,366.0,WIN,2,2,366.0,0.0,264.0,102.0
2025-10-21,2,418.0,WIN,2,2,418.0,0.0,418.0,0.0
2025-10-22,3,-90.0,LOSS,3,3,0.0,-90.0,58.0,-156.0
2025-10-23,2,-20.0,LOSS,2,2,-20.0,0.0,36.0,-56.0
2025-10-24,1,334.0,WIN,1,1,334.0,0.0,334.0,334.0
2025-10-27,2,-48.0,LOSS,2,2,94.0,-142.0,94.0,-142.0
2025-10-28,2,-76.0,LOSS,2,2,-136.0,60.0,60.0,-136.0
2025-10-29,2,-188.0,LOSS,2,2,20.0,-208.0,20.0,-208.0
2025-10-30,1,588.0,WIN,1,1,588.0,0.0,588.0,588.0
2025-10-31,4,-972.0,LOSS,4,4,-532.0,-440.0,-170.0,-282.0
2025-11-03,1,220.0,WIN,1,1,0.0,220.0,220.0,220.0
2025-11-04,2,-192.0,LOSS,2,2,162.0,-354.0,162.0,-354.0
2025-11-05,3,-282.0,LOSS,3,3,-282.0,0.0,130.0,-300.0
2025-11-06,2,320.0,WIN,2,2,-190.0,510.0,510.0,-190.0
2025-11-07,5,-280.0,LOSS,5,5,54.0,-334.0,52.0,-204.0
2025-11-10,3,-246.0,LOSS,3,3,-288.0,42.0,70.0,-358.0
2025-11-11,2,738.0,WIN,2,2,738.0,0.0,684.0,54.0
2025-11-12,1,-12.0,LOSS,1,1,-12.0,0.0,-12.0,-12.0
2025-11-13,3,886.0,WIN,3,3,-104.0,990.0,622.0,-104.0
2025-11-14,2,-216.0,LOSS,2,2,48.0,-264.0,48.0,-264.0
2025-11-17,3,-336.0,LOSS,3,3,-250.0,-86.0,276.0,-362.0
2025-11-18,1,-232.0,LOSS,1,1,0.0,-232.0,-232.0,-232.0
2025-11-19,2,-44.0,LOSS,2,2,-68.0,24.0,24.0,-68.0
2025-11-20,2,664.0,WIN,2,2,-534.0,1198.0,1198.0,-534.0
2025-11-21,2,684.0,WIN,2,2,810.0,-126.0,810.0,-126.0
2025-11-24,3,-562.0,LOSS,3,3,-164.0,-398.0,-48.0,-398.0
2025-11-25,5,-80.0,LOSS,5,5,-10.0,-70.0,230.0,-436.0
2025-11-26,2,126.0,WIN,2,2,126.0,0.0,160.0,-34.0
2025-11-27,1,-10.0,LOSS,1,1,0.0,-10.0,-10.0,-10.0
2025-11-28,1,168.0,WIN,1,1,168.0,0.0,168.0,168.0
2025-12-01,3,-440.0,LOSS,3,3,-248.0,-192.0,-38.0,-248.0
2025-12-02,2,-576.0,LOSS,2,2,-294.0,-282.0,-282.0,-294.0
2025-12-03,2,786.0,WIN,2,2,786.0,0.0,780.0,6.0
2025-12-04,4,-418.0,LOSS,4,4,-170.0,-248.0,2.0,-170.0
2025-12-05,1,102.0,WIN,1,1,102.0,0.0,102.0,102.0
2025-12-08,3,-188.0,LOSS,3,3,0.0,-188.0,20.0,-132.0
2025-12-09,2,-44.0,LOSS,2,2,-144.0,100.0,100.0,-144.0
2025-12-10,3,298.0,WIN,3,3,450.0,-152.0,228.0,-152.0
2025-12-11,3,740.0,WIN,3,3,740.0,0.0,768.0,-44.0
2025-12-12,2,426.0,WIN,2,2,-176.0,602.0,602.0,-176.0
2025-12-15,3,216.0,WIN,3,3,0.0,216.0,320.0,-94.0
2025-12-16,4,-84.0,LOSS,4,4,-230.0,146.0,348.0,-230.0
2025-12-17,4,-8.0,LOSS,4,4,-138.0,130.0,218.0,-138.0
2025-12-18,3,-672.0,LOSS,3,3,-176.0,-496.0,-166.0,-330.0
2025-12-22,3,-320.0,LOSS,3,3,-320.0,0.0,-60.0,-134.0
2025-12-23,2,214.0,WIN,2,2,214.0,0.0,206.0,8.0
2025-12-24,1,536.0,WIN,1,1,536.0,0.0,536.0,536.0
2025-12-26,3,-130.0,LOSS,3,3,-40.0,-90.0,-26.0,-64.0
2025-12-29,1,162.0,WIN,1,1,0.0,162.0,162.0,162.0
2025-12-30,1,-196.0,LOSS,1,1,0.0,-196.0,-196.0,-196.0
2025-12-31,2,244.0,WIN,2,2,0.0,244.0,142.0,102.0
2026-01-02,3,-354.0,LOSS,3,3,8.0,-362.0,148.0,-362.0
2026-01-05,1,656.0,WIN,1,1,656.0,0.0,656.0,656.0
2026-01-06,1,1090.0,WIN,1,1,1090.0,0.0,1090.0,1090.0
2026-01-07,3,624.0,WIN,3,3,0.0,624.0,288.0,86.0
2026-01-08,2,684.0,WIN,2,2,684.0,0.0,728.0,-44.0
2026-01-09,4,-532.0,LOSS,4,4,-310.0,-222.0,14.0,-222.0
2026-01-12,5,-306.0,LOSS,5,5,106.0,-412.0,152.0,-412.0
2026-01-13,2,446.0,WIN,2,2,0.0,446.0,410.0,36.0
2026-01-14,4,-162.0,LOSS,4,4,-134.0,-28.0,60.0,-134.0
2026-01-15,2,258.0,WIN,2,2,258.0,0.0,300.0,-42.0
2026-01-16,1,-42.0,LOSS,1,1,0.0,-42.0,-42.0,-42.0
2026-01-19,2,-72.0,LOSS,2,2,-26.0,-46.0,-26.0,-46.0
2026-01-20,2,-50.0,LOSS,2,2,-120.0,70.0,70.0,-120.0
2026-01-21,2,222.0,WIN,2,2,222.0,0.0,226.0,-4.0
2026-01-22,3,-840.0,LOSS,3,3,-486.0,-354.0,-40.0,-446.0
2026-01-23,2,-170.0,LOSS,2,2,0.0,-170.0,18.0,-188.0
2026-01-26,4,-452.0,LOSS,4,4,-452.0,0.0,102.0,-430.0
2026-01-27,4,-554.0,LOSS,4,4,-218.0,-336.0,26.0,-218.0
2026-01-28,1,-86.0,LOSS,1,1,0.0,-86.0,-86.0,-86.0
2026-01-29,2,-552.0,LOSS,2,2,-462.0,-90.0,-90.0,-462.0
2026-01-30,4,-530.0,LOSS,4,4,-174.0,-356.0,390.0,-720.0
2026-02-02,4,440.0,WIN,4,4,440.0,0.0,504.0,-62.0
2026-02-03,2,252.0,WIN,2,2,-192.0,444.0,444.0,-192.0
2026-02-04,3,-1244.0,LOSS,3,3,-506.0,-738.0,-188.0,-550.0
2026-02-05,3,-54.0,LOSS,3,3,0.0,-54.0,40.0,-102.0
2026-02-06,3,978.0,WIN,3,3,978.0,0.0,556.0,192.0
2026-02-09,2,-290.0,LOSS,2,2,-12.0,-278.0,-12.0,-278.0
2026-02-10,2,-316.0,LOSS,2,2,-162.0,-154.0,-154.0,-162.0
2026-02-11,3,-174.0,LOSS,3,3,-272.0,98.0,248.0,-272.0
2026-02-12,2,982.0,WIN,2,2,-100.0,1082.0,1082.0,-100.0
2026-02-13,3,-616.0,LOSS,3,3,126.0,-742.0,244.0,-742.0
2026-02-16,3,-298.0,LOSS,3,3,-162.0,-136.0,-0.0,-162.0
2026-02-17,1,-362.0,LOSS,1,1,0.0,-362.0,-362.0,-362.0
2026-02-18,1,82.0,WIN,1,1,82.0,0.0,82.0,82.0
2026-02-19,3,-542.0,LOSS,3,3,-286.0,-256.0,32.0,-288.0
2026-02-20,2,-254.0,LOSS,2,2,-182.0,-72.0,-72.0,-182.0
2026-02-23,3,456.0,WIN,3,3,0.0,456.0,886.0,-250.0
2026-02-24,2,-180.0,LOSS,2,2,-180.0,0.0,20.0,-200.0
2026-02-25,5,-212.0,LOSS,5,5,-70.0,-142.0,48.0,-190.0
2026-02-26,2,12.0,WIN,2,2,-408.0,420.0,420.0,-408.0
2026-02-27,1,-30.0,LOSS,1,1,0.0,-30.0,-30.0,-30.0
2026-03-02,3,160.0,WIN,3,3,160.0,0.0,396.0,-248.0
2026-03-03,3,6.0,WIN,3,3,286.0,-280.0,642.0,-356.0
2026-03-04,3,-532.0,LOSS,3,3,-118.0,-414.0,84.0,-414.0
2026-03-05,4,814.0,WIN,4,4,-236.0,1050.0,1076.0,-236.0
2026-03-06,2,-334.0,LOSS,2,2,116.0,-450.0,116.0,-450.0
2026-03-09,4,-200.0,LOSS,4,4,-236.0,36.0,230.0,-430.0
2026-03-10,3,-388.0,LOSS,3,3,-182.0,-206.0,300.0,-482.0
2026-03-11,1,390.0,WIN,1,1,0.0,390.0,390.0,390.0
2026-03-12,5,-1174.0,LOSS,5,5,-698.0,-476.0,-80.0,-512.0
2026-03-13,4,-86.0,LOSS,4,4,-390.0,304.0,378.0,-390.0
2026-03-16,1,-364.0,LOSS,1,1,-364.0,0.0,-364.0,-364.0
2026-03-17,2,-176.0,LOSS,2,2,-292.0,116.0,116.0,-292.0
2026-03-18,3,792.0,WIN,3,3,-62.0,854.0,796.0,-62.0
2026-03-19,3,-502.0,LOSS,3,3,-278.0,-224.0,-72.0,-224.0
2026-03-23,3,-1028.0,LOSS,3,3,-544.0,-484.0,-144.0,-544.0
2026-03-24,2,680.0,WIN,2,2,680.0,0.0,704.0,-24.0
2026-03-25,1,310.0,WIN,1,1,0.0,310.0,310.0,310.0
2026-03-26,4,-256.0,LOSS,4,4,-152.0,-104.0,-18.0,-152.0
2026-03-27,2,496.0,WIN,2,2,0.0,496.0,598.0,-102.0
2026-03-30,3,352.0,WIN,3,3,0.0,352.0,218.0,-8.0
2026-03-31,5,-1378.0,LOSS,5,5,-330.0,-1048.0,38.0,-624.0
2026-04-01,2,-216.0,LOSS,2,2,-18.0,-198.0,-18.0,-198.0
2026-04-02,2,528.0,WIN,2,2,706.0,-178.0,706.0,-178.0
2026-04-06,3,-6.0,LOSS,3,3,-6.0,0.0,108.0,-134.0
2026-04-07,2,-232.0,LOSS,2,2,-20.0,-212.0,-20.0,-212.0
2026-04-08,1,-118.0,LOSS,1,1,0.0,-118.0,-118.0,-118.0
2026-04-09,2,536.0,WIN,2,2,536.0,0.0,558.0,-22.0
2026-04-10,2,-58.0,LOSS,2,2,0.0,-58.0,62.0,-120.0
2026-04-13,4,584.0,WIN,4,4,642.0,-58.0,488.0,-58.0
2026-04-14,3,72.0,WIN,3,3,256.0,-184.0,306.0,-184.0
2026-04-15,2,508.0,WIN,2,2,0.0,508.0,568.0,-60.0
2026-04-16,2,-366.0,LOSS,2,2,-198.0,-168.0,-168.0,-198.0
2026-04-17,3,164.0,WIN,3,3,164.0,0.0,576.0,-394.0
2026-04-20,3,-112.0,LOSS,3,3,-40.0,-72.0,12.0,-72.0
2026-04-21,4,-178.0,LOSS,4,4,-278.0,100.0,466.0,-348.0
2026-04-22,5,-424.0,LOSS,5,5,-92.0,-332.0,-16.0,-196.0
2026-04-23,2,-340.0,LOSS,2,2,-50.0,-290.0,-50.0,-290.0
2026-04-24,1,120.0,WIN,1,1,0.0,120.0,120.0,120.0
2026-04-27,2,-314.0,LOSS,2,2,-162.0,-152.0,-152.0,-162.0
2026-04-28,1,148.0,WIN,1,1,0.0,148.0,148.0,148.0
2026-04-29,4,196.0,WIN,4,4,0.0,196.0,328.0,-118.0
2026-04-30,3,996.0,WIN,3,3,996.0,0.0,764.0,10.0
2026-05-01,4,-138.0,LOSS,4,4,-280.0,142.0,120.0,-280.0
2026-05-05,3,-576.0,LOSS,3,3,-308.0,-268.0,-136.0,-268.0
2026-05-06,4,-116.0,LOSS,4,4,-116.0,0.0,12.0,-80.0
2026-05-07,2,356.0,WIN,2,2,0.0,356.0,252.0,104.0
2026-05-08,4,-320.0,LOSS,4,4,0.0,-320.0,-22.0,-160.0
2026-05-11,3,-166.0,LOSS,3,3,-24.0,-142.0,24.0,-142.0
2026-05-12,3,128.0,WIN,3,3,-44.0,172.0,172.0,-34.0
2026-05-15,3,-342.0,LOSS,3,3,0.0,-342.0,86.0,-268.0
2026-05-18,3,-512.0,LOSS,3,3,-434.0,-78.0,-14.0,-434.0
2026-05-19,3,-652.0,LOSS,3,3,-188.0,-464.0,6.0,-464.0
