Index,Filename,Date,Total_Pts,Trades,Win,Loss
56,CBOT_MINI_YM1_2023-12-19.csv,2023-12-19,-412.0,1,0,1
72,CBOT_MINI_YM1_2024-01-10.csv,2024-01-10,-131.0,1,0,1
96,CBOT_MINI_YM1_2024-02-13.csv,2024-02-13,1040.0,1,1,0
103,CBOT_MINI_YM1_2024-02-22.csv,2024-02-22,177.0,1,1,0
105,CBOT_MINI_YM1_2024-02-26.csv,2024-02-26,-354.0,1,0,1
106,CBOT_MINI_YM1_2024-02-27.csv,2024-02-27,-114.0,1,0,1
107,CBOT_MINI_YM1_2024-02-28.csv,2024-02-28,-182.0,1,0,1
108,CBOT_MINI_YM1_2024-02-29.csv,2024-02-29,187.0,1,1,0
109,CBOT_MINI_YM1_2024-03-01.csv,2024-03-01,-170.0,1,0,1
110,CBOT_MINI_YM1_2024-03-04.csv,2024-03-04,-25.0,1,0,1
111,CBOT_MINI_YM1_2024-03-05.csv,2024-03-05,388.0,1,1,0
112,CBOT_MINI_YM1_2024-03-06.csv,2024-03-06,64.0,1,1,0
113,CBOT_MINI_YM1_2024-03-07.csv,2024-03-07,-472.0,1,0,1
114,CBOT_MINI_YM1_2024-03-08.csv,2024-03-08,684.0,1,1,0
115,CBOT_MINI_YM1_2024-03-11.csv,2024-03-11,51.0,1,1,0
116,CBOT_MINI_YM1_2024-03-12.csv,2024-03-12,686.0,1,1,0
117,CBOT_MINI_YM1_2024-03-13.csv,2024-03-13,-577.0,1,0,1
118,CBOT_MINI_YM1_2024-03-14.csv,2024-03-14,247.0,1,1,0
119,CBOT_MINI_YM1_2024-03-15.csv,2024-03-15,-40.0,1,0,1
120,CBOT_MINI_YM1_2024-03-18.csv,2024-03-18,-212.0,1,0,1
121,CBOT_MINI_YM1_2024-03-19.csv,2024-03-19,165.0,1,1,0
122,CBOT_MINI_YM1_2024-03-20.csv,2024-03-20,-164.0,1,0,1
123,CBOT_MINI_YM1_2024-03-21.csv,2024-03-21,-281.0,1,0,1
124,CBOT_MINI_YM1_2024-03-22.csv,2024-03-22,165.0,1,1,0
125,CBOT_MINI_YM1_2024-03-25.csv,2024-03-25,-328.0,1,0,1
126,CBOT_MINI_YM1_2024-03-26.csv,2024-03-26,-317.0,1,0,1
127,CBOT_MINI_YM1_2024-03-27.csv,2024-03-27,21.0,1,1,0
128,CBOT_MINI_YM1_2024-03-28.csv,2024-03-28,-487.0,1,0,1
130,CBOT_MINI_YM1_2024-04-01.csv,2024-04-01,-298.0,1,0,1
131,CBOT_MINI_YM1_2024-04-02.csv,2024-04-02,121.0,1,1,0
132,CBOT_MINI_YM1_2024-04-03.csv,2024-04-03,184.0,1,1,0
133,CBOT_MINI_YM1_2024-04-04.csv,2024-04-04,863.0,1,1,0
134,CBOT_MINI_YM1_2024-04-05.csv,2024-04-05,-801.0,1,0,1
135,CBOT_MINI_YM1_2024-04-08.csv,2024-04-08,-391.0,1,0,1
136,CBOT_MINI_YM1_2024-04-09.csv,2024-04-09,545.0,1,1,0
137,CBOT_MINI_YM1_2024-04-10.csv,2024-04-10,-415.0,1,0,1
138,CBOT_MINI_YM1_2024-04-11.csv,2024-04-11,-680.0,1,0,1
139,CBOT_MINI_YM1_2024-04-12.csv,2024-04-12,-183.0,1,0,1
140,CBOT_MINI_YM1_2024-04-15.csv,2024-04-15,241.0,1,1,0
141,CBOT_MINI_YM1_2024-04-16.csv,2024-04-16,472.0,1,1,0
142,CBOT_MINI_YM1_2024-04-17.csv,2024-04-17,-474.0,1,0,1
143,CBOT_MINI_YM1_2024-04-18.csv,2024-04-18,-459.0,1,0,1
144,CBOT_MINI_YM1_2024-04-19.csv,2024-04-19,431.0,1,1,0
145,CBOT_MINI_YM1_2024-04-22.csv,2024-04-22,406.0,1,1,0
146,CBOT_MINI_YM1_2024-04-23.csv,2024-04-23,-566.0,1,0,1
147,CBOT_MINI_YM1_2024-04-24.csv,2024-04-24,-165.0,1,0,1
148,CBOT_MINI_YM1_2024-04-25.csv,2024-04-25,130.0,1,1,0
149,CBOT_MINI_YM1_2024-04-26.csv,2024-04-26,-102.0,1,0,1
150,CBOT_MINI_YM1_2024-04-29.csv,2024-04-29,123.0,1,1,0
151,CBOT_MINI_YM1_2024-04-30.csv,2024-04-30,222.0,1,1,0
152,CBOT_MINI_YM1_2024-05-01.csv,2024-05-01,-537.0,1,0,1
153,CBOT_MINI_YM1_2024-05-02.csv,2024-05-02,312.0,1,1,0
154,CBOT_MINI_YM1_2024-05-03.csv,2024-05-03,-283.0,1,0,1
155,CBOT_MINI_YM1_2024-05-06.csv,2024-05-06,-135.0,1,0,1
156,CBOT_MINI_YM1_2024-05-07.csv,2024-05-07,-532.0,1,0,1
157,CBOT_MINI_YM1_2024-05-08.csv,2024-05-08,141.0,1,1,0
158,CBOT_MINI_YM1_2024-05-09.csv,2024-05-09,403.0,1,1,0
159,CBOT_MINI_YM1_2024-05-10.csv,2024-05-10,-42.0,1,0,1
160,CBOT_MINI_YM1_2024-05-13.csv,2024-05-13,485.0,1,1,0
161,CBOT_MINI_YM1_2024-05-14.csv,2024-05-14,38.0,1,1,0
162,CBOT_MINI_YM1_2024-05-15.csv,2024-05-15,-29.0,1,0,1
163,CBOT_MINI_YM1_2024-05-16.csv,2024-05-16,85.0,1,1,0
164,CBOT_MINI_YM1_2024-05-17.csv,2024-05-17,181.0,1,1,0
165,CBOT_MINI_YM1_2024-05-20.csv,2024-05-20,-230.0,1,0,1
166,CBOT_MINI_YM1_2024-05-21.csv,2024-05-21,-318.0,1,0,1
167,CBOT_MINI_YM1_2024-05-22.csv,2024-05-22,188.0,1,1,0
168,CBOT_MINI_YM1_2024-05-23.csv,2024-05-23,153.0,1,1,0
169,CBOT_MINI_YM1_2024-05-24.csv,2024-05-24,-223.0,1,0,1
170,CBOT_MINI_YM1_2024-05-27.csv,2024-05-27,184.0,1,1,0
171,CBOT_MINI_YM1_2024-05-28.csv,2024-05-28,277.0,1,1,0
172,CBOT_MINI_YM1_2024-05-29.csv,2024-05-29,-408.0,1,0,1
173,CBOT_MINI_YM1_2024-05-30.csv,2024-05-30,-450.0,1,0,1
174,CBOT_MINI_YM1_2024-05-31.csv,2024-05-31,620.0,1,1,0
175,CBOT_MINI_YM1_2024-06-03.csv,2024-06-03,-392.0,1,0,1
176,CBOT_MINI_YM1_2024-06-04.csv,2024-06-04,605.0,1,1,0
177,CBOT_MINI_YM1_2024-06-05.csv,2024-06-05,136.0,1,1,0
178,CBOT_MINI_YM1_2024-06-06.csv,2024-06-06,494.0,1,1,0
179,CBOT_MINI_YM1_2024-06-07.csv,2024-06-07,408.0,1,1,0
180,CBOT_MINI_YM1_2024-06-10.csv,2024-06-10,228.0,1,1,0
181,CBOT_MINI_YM1_2024-06-11.csv,2024-06-11,-105.0,1,0,1
182,CBOT_MINI_YM1_2024-06-12.csv,2024-06-12,315.0,1,1,0
183,CBOT_MINI_YM1_2024-06-13.csv,2024-06-13,-179.0,1,0,1
184,CBOT_MINI_YM1_2024-06-14.csv,2024-06-14,-77.0,1,0,1
185,CBOT_MINI_YM1_2024-06-17.csv,2024-06-17,517.0,1,1,0
186,CBOT_MINI_YM1_2024-06-18.csv,2024-06-18,132.0,1,1,0
187,CBOT_MINI_YM1_2024-06-19.csv,2024-06-19,-74.0,1,0,1
188,CBOT_MINI_YM1_2024-06-20.csv,2024-06-20,-61.0,1,0,1
190,CBOT_MINI_YM1_2024-06-24.csv,2024-06-24,207.0,1,1,0
191,CBOT_MINI_YM1_2024-06-25.csv,2024-06-25,285.0,1,1,0
192,CBOT_MINI_YM1_2024-06-26.csv,2024-06-26,-127.0,1,0,1
193,CBOT_MINI_YM1_2024-06-27.csv,2024-06-27,41.0,1,1,0
194,CBOT_MINI_YM1_2024-06-28.csv,2024-06-28,-205.0,1,0,1
195,CBOT_MINI_YM1_2024-07-01.csv,2024-07-01,189.0,1,1,0
196,CBOT_MINI_YM1_2024-07-02.csv,2024-07-02,-220.0,1,0,1
197,CBOT_MINI_YM1_2024-07-03.csv,2024-07-03,-293.0,1,0,1
198,CBOT_MINI_YM1_2024-07-04.csv,2024-07-04,92.0,1,1,0
199,CBOT_MINI_YM1_2024-07-05.csv,2024-07-05,-60.0,1,0,1
200,CBOT_MINI_YM1_2024-07-08.csv,2024-07-08,-247.0,1,0,1
201,CBOT_MINI_YM1_2024-07-09.csv,2024-07-09,561.0,1,1,0
202,CBOT_MINI_YM1_2024-07-10.csv,2024-07-10,-47.0,1,0,1
203,CBOT_MINI_YM1_2024-07-11.csv,2024-07-11,166.0,1,1,0
204,CBOT_MINI_YM1_2024-07-12.csv,2024-07-12,149.0,1,1,0
205,CBOT_MINI_YM1_2024-07-15.csv,2024-07-15,-17.0,1,0,1
206,CBOT_MINI_YM1_2024-07-16.csv,2024-07-16,78.0,1,1,0
207,CBOT_MINI_YM1_2024-07-17.csv,2024-07-17,-202.0,1,0,1
208,CBOT_MINI_YM1_2024-07-18.csv,2024-07-18,-79.0,1,0,1
209,CBOT_MINI_YM1_2024-07-19.csv,2024-07-19,-330.0,1,0,1
210,CBOT_MINI_YM1_2024-07-22.csv,2024-07-22,489.0,1,1,0
211,CBOT_MINI_YM1_2024-07-23.csv,2024-07-23,-206.0,1,0,1
212,CBOT_MINI_YM1_2024-07-24.csv,2024-07-24,671.0,1,1,0
213,CBOT_MINI_YM1_2024-07-25.csv,2024-07-25,357.0,1,1,0
214,CBOT_MINI_YM1_2024-07-26.csv,2024-07-26,202.0,1,1,0
215,CBOT_MINI_YM1_2024-07-29.csv,2024-07-29,-261.0,1,0,1
216,CBOT_MINI_YM1_2024-07-30.csv,2024-07-30,-451.0,1,0,1
217,CBOT_MINI_YM1_2024-07-31.csv,2024-07-31,90.0,1,1,0
218,CBOT_MINI_YM1_2024-08-01.csv,2024-08-01,-638.0,1,0,1
219,CBOT_MINI_YM1_2024-08-02.csv,2024-08-02,167.0,1,1,0
220,CBOT_MINI_YM1_2024-08-05.csv,2024-08-05,-284.0,1,0,1
221,CBOT_MINI_YM1_2024-08-06.csv,2024-08-06,1495.0,1,1,0
222,CBOT_MINI_YM1_2024-08-07.csv,2024-08-07,686.0,1,1,0
223,CBOT_MINI_YM1_2024-08-08.csv,2024-08-08,-387.0,1,0,1
224,CBOT_MINI_YM1_2024-08-09.csv,2024-08-09,-1107.0,1,0,1
225,CBOT_MINI_YM1_2024-08-12.csv,2024-08-12,282.0,1,1,0
226,CBOT_MINI_YM1_2024-08-13.csv,2024-08-13,-537.0,1,0,1
227,CBOT_MINI_YM1_2024-08-14.csv,2024-08-14,-237.0,1,0,1
228,CBOT_MINI_YM1_2024-08-15.csv,2024-08-15,-412.0,1,0,1
229,CBOT_MINI_YM1_2024-08-16.csv,2024-08-16,-749.0,1,0,1
230,CBOT_MINI_YM1_2024-08-19.csv,2024-08-19,532.0,1,1,0
231,CBOT_MINI_YM1_2024-08-20.csv,2024-08-20,-231.0,1,0,1
232,CBOT_MINI_YM1_2024-08-21.csv,2024-08-21,-152.0,1,0,1
233,CBOT_MINI_YM1_2024-08-22.csv,2024-08-22,603.0,1,1,0
234,CBOT_MINI_YM1_2024-08-23.csv,2024-08-23,-96.0,1,0,1
235,CBOT_MINI_YM1_2024-08-26.csv,2024-08-26,-181.0,1,0,1
236,CBOT_MINI_YM1_2024-08-27.csv,2024-08-27,-517.0,1,0,1
237,CBOT_MINI_YM1_2024-08-28.csv,2024-08-28,879.0,1,1,0
238,CBOT_MINI_YM1_2024-08-29.csv,2024-08-29,638.0,1,1,0
239,CBOT_MINI_YM1_2024-08-30.csv,2024-08-30,-608.0,1,0,1
240,CBOT_MINI_YM1_2024-09-02.csv,2024-09-02,1.0,1,1,0
241,CBOT_MINI_YM1_2024-09-03.csv,2024-09-03,17.0,1,1,0
242,CBOT_MINI_YM1_2024-09-04.csv,2024-09-04,-735.0,1,0,1
243,CBOT_MINI_YM1_2024-09-05.csv,2024-09-05,162.0,1,1,0
244,CBOT_MINI_YM1_2024-09-06.csv,2024-09-06,455.0,1,1,0
245,CBOT_MINI_YM1_2024-09-09.csv,2024-09-09,523.0,1,1,0
246,CBOT_MINI_YM1_2024-09-10.csv,2024-09-10,-143.0,1,0,1
247,CBOT_MINI_YM1_2024-09-11.csv,2024-09-11,-646.0,1,0,1
248,CBOT_MINI_YM1_2024-09-12.csv,2024-09-12,170.0,1,1,0
249,CBOT_MINI_YM1_2024-09-13.csv,2024-09-13,518.0,1,1,0
250,CBOT_MINI_YM1_2024-09-16.csv,2024-09-16,-379.0,1,0,1
251,CBOT_MINI_YM1_2024-09-17.csv,2024-09-17,-653.0,1,0,1
252,CBOT_MINI_YM1_2024-09-18.csv,2024-09-18,874.0,1,1,0
253,CBOT_MINI_YM1_2024-09-19.csv,2024-09-19,774.0,1,1,0
255,CBOT_MINI_YM1_2024-09-23.csv,2024-09-23,33.0,1,1,0
256,CBOT_MINI_YM1_2024-09-24.csv,2024-09-24,-289.0,1,0,1
257,CBOT_MINI_YM1_2024-09-25.csv,2024-09-25,85.0,1,1,0
258,CBOT_MINI_YM1_2024-09-26.csv,2024-09-26,210.0,1,1,0
259,CBOT_MINI_YM1_2024-09-27.csv,2024-09-27,630.0,1,1,0
260,CBOT_MINI_YM1_2024-09-30.csv,2024-09-30,30.0,1,1,0
261,CBOT_MINI_YM1_2024-10-01.csv,2024-10-01,-348.0,1,0,1
262,CBOT_MINI_YM1_2024-10-02.csv,2024-10-02,-64.0,1,0,1
263,CBOT_MINI_YM1_2024-10-03.csv,2024-10-03,450.0,1,1,0
264,CBOT_MINI_YM1_2024-10-04.csv,2024-10-04,-353.0,1,0,1
265,CBOT_MINI_YM1_2024-10-07.csv,2024-10-07,71.0,1,1,0
266,CBOT_MINI_YM1_2024-10-08.csv,2024-10-08,-266.0,1,0,1
267,CBOT_MINI_YM1_2024-10-09.csv,2024-10-09,196.0,1,1,0
268,CBOT_MINI_YM1_2024-10-10.csv,2024-10-10,397.0,1,1,0
269,CBOT_MINI_YM1_2024-10-11.csv,2024-10-11,115.0,1,1,0
270,CBOT_MINI_YM1_2024-10-14.csv,2024-10-14,93.0,1,1,0
271,CBOT_MINI_YM1_2024-10-15.csv,2024-10-15,177.0,1,1,0
272,CBOT_MINI_YM1_2024-10-16.csv,2024-10-16,-139.0,1,0,1
273,CBOT_MINI_YM1_2024-10-17.csv,2024-10-17,-1262.0,1,0,1
274,CBOT_MINI_YM1_2024-10-18.csv,2024-10-18,-5.0,1,0,1
275,CBOT_MINI_YM1_2024-10-21.csv,2024-10-21,55.0,1,1,0
276,CBOT_MINI_YM1_2024-10-22.csv,2024-10-22,109.0,1,1,0
277,CBOT_MINI_YM1_2024-10-23.csv,2024-10-23,698.0,1,1,0
278,CBOT_MINI_YM1_2024-10-24.csv,2024-10-24,-176.0,1,0,1
279,CBOT_MINI_YM1_2024-10-25.csv,2024-10-25,792.0,1,1,0
280,CBOT_MINI_YM1_2024-10-28.csv,2024-10-28,118.0,1,1,0
281,CBOT_MINI_YM1_2024-10-29.csv,2024-10-29,-405.0,1,0,1
282,CBOT_MINI_YM1_2024-10-30.csv,2024-10-30,-548.0,1,0,1
283,CBOT_MINI_YM1_2024-10-31.csv,2024-10-31,816.0,1,1,0
284,CBOT_MINI_YM1_2024-11-01.csv,2024-11-01,-368.0,1,0,1
285,CBOT_MINI_YM1_2024-11-04.csv,2024-11-04,214.0,1,1,0
286,CBOT_MINI_YM1_2024-11-05.csv,2024-11-05,380.0,1,1,0
287,CBOT_MINI_YM1_2024-11-06.csv,2024-11-06,477.0,1,1,0
288,CBOT_MINI_YM1_2024-11-07.csv,2024-11-07,-433.0,1,0,1
289,CBOT_MINI_YM1_2024-11-08.csv,2024-11-08,-184.0,1,0,1
290,CBOT_MINI_YM1_2024-11-11.csv,2024-11-11,-153.0,1,0,1
291,CBOT_MINI_YM1_2024-11-12.csv,2024-11-12,438.0,1,1,0
292,CBOT_MINI_YM1_2024-11-13.csv,2024-11-13,-395.0,1,0,1
293,CBOT_MINI_YM1_2024-11-14.csv,2024-11-14,80.0,1,1,0
294,CBOT_MINI_YM1_2024-11-15.csv,2024-11-15,-981.0,1,0,1
295,CBOT_MINI_YM1_2024-11-18.csv,2024-11-18,-515.0,1,0,1
296,CBOT_MINI_YM1_2024-11-19.csv,2024-11-19,386.0,1,1,0
297,CBOT_MINI_YM1_2024-11-20.csv,2024-11-20,63.0,1,1,0
298,CBOT_MINI_YM1_2024-11-21.csv,2024-11-21,475.0,1,1,0
299,CBOT_MINI_YM1_2024-11-22.csv,2024-11-22,-463.0,1,0,1
300,CBOT_MINI_YM1_2024-11-25.csv,2024-11-25,-665.0,1,0,1
301,CBOT_MINI_YM1_2024-11-26.csv,2024-11-26,-518.0,1,0,1
302,CBOT_MINI_YM1_2024-11-27.csv,2024-11-27,43.0,1,1,0
303,CBOT_MINI_YM1_2024-11-28.csv,2024-11-28,-16.0,1,0,1
304,CBOT_MINI_YM1_2024-11-29.csv,2024-11-29,192.0,1,1,0
305,CBOT_MINI_YM1_2024-12-02.csv,2024-12-02,-175.0,1,0,1
306,CBOT_MINI_YM1_2024-12-03.csv,2024-12-03,144.0,1,1,0
307,CBOT_MINI_YM1_2024-12-04.csv,2024-12-04,-662.0,1,0,1
308,CBOT_MINI_YM1_2024-12-05.csv,2024-12-05,214.0,1,1,0
309,CBOT_MINI_YM1_2024-12-06.csv,2024-12-06,-166.0,1,0,1
310,CBOT_MINI_YM1_2024-12-09.csv,2024-12-09,94.0,1,1,0
311,CBOT_MINI_YM1_2024-12-10.csv,2024-12-10,-203.0,1,0,1
312,CBOT_MINI_YM1_2024-12-11.csv,2024-12-11,86.0,1,1,0
313,CBOT_MINI_YM1_2024-12-12.csv,2024-12-12,405.0,1,1,0
314,CBOT_MINI_YM1_2024-12-13.csv,2024-12-13,-438.0,1,0,1
315,CBOT_MINI_YM1_2024-12-16.csv,2024-12-16,15.0,1,1,0
316,CBOT_MINI_YM1_2024-12-17.csv,2024-12-17,189.0,1,1,0
317,CBOT_MINI_YM1_2024-12-18.csv,2024-12-18,593.0,1,1,0
318,CBOT_MINI_YM1_2024-12-19.csv,2024-12-19,-309.0,1,0,1
320,CBOT_MINI_YM1_2024-12-23.csv,2024-12-23,-567.0,1,0,1
321,CBOT_MINI_YM1_2024-12-24.csv,2024-12-24,-103.0,1,0,1
323,CBOT_MINI_YM1_2024-12-26.csv,2024-12-26,-359.0,1,0,1
324,CBOT_MINI_YM1_2024-12-27.csv,2024-12-27,-79.0,1,0,1
325,CBOT_MINI_YM1_2024-12-30.csv,2024-12-30,-234.0,1,0,1
326,CBOT_MINI_YM1_2024-12-31.csv,2024-12-31,198.0,1,1,0
328,CBOT_MINI_YM1_2025-01-02.csv,2025-01-02,-270.0,1,0,1
329,CBOT_MINI_YM1_2025-01-03.csv,2025-01-03,100.0,1,1,0
330,CBOT_MINI_YM1_2025-01-06.csv,2025-01-06,149.0,1,1,0
331,CBOT_MINI_YM1_2025-01-07.csv,2025-01-07,1131.0,1,1,0
332,CBOT_MINI_YM1_2025-01-08.csv,2025-01-08,386.0,1,1,0
334,CBOT_MINI_YM1_2025-01-10.csv,2025-01-10,331.0,1,1,0
335,CBOT_MINI_YM1_2025-01-13.csv,2025-01-13,79.0,1,1,0
336,CBOT_MINI_YM1_2025-01-14.csv,2025-01-14,391.0,1,1,0
337,CBOT_MINI_YM1_2025-01-15.csv,2025-01-15,-394.0,1,0,1
338,CBOT_MINI_YM1_2025-01-16.csv,2025-01-16,132.0,1,1,0
339,CBOT_MINI_YM1_2025-01-17.csv,2025-01-17,-357.0,1,0,1
340,CBOT_MINI_YM1_2025-01-20.csv,2025-01-20,-457.0,1,0,1
341,CBOT_MINI_YM1_2025-01-21.csv,2025-01-21,-319.0,1,0,1
342,CBOT_MINI_YM1_2025-01-22.csv,2025-01-22,-53.0,1,0,1
343,CBOT_MINI_YM1_2025-01-23.csv,2025-01-23,313.0,1,1,0
344,CBOT_MINI_YM1_2025-01-24.csv,2025-01-24,-605.0,1,0,1
345,CBOT_MINI_YM1_2025-01-27.csv,2025-01-27,-127.0,1,0,1
346,CBOT_MINI_YM1_2025-01-28.csv,2025-01-28,801.0,1,1,0
347,CBOT_MINI_YM1_2025-01-29.csv,2025-01-29,-495.0,1,0,1
348,CBOT_MINI_YM1_2025-01-30.csv,2025-01-30,43.0,1,1,0
349,CBOT_MINI_YM1_2025-01-31.csv,2025-01-31,485.0,1,1,0
350,CBOT_MINI_YM1_2025-02-03.csv,2025-02-03,326.0,1,1,0
351,CBOT_MINI_YM1_2025-02-04.csv,2025-02-04,-58.0,1,0,1
352,CBOT_MINI_YM1_2025-02-05.csv,2025-02-05,211.0,1,1,0
353,CBOT_MINI_YM1_2025-02-06.csv,2025-02-06,132.0,1,1,0
354,CBOT_MINI_YM1_2025-02-07.csv,2025-02-07,-507.0,1,0,1
355,CBOT_MINI_YM1_2025-02-10.csv,2025-02-10,37.0,1,1,0
356,CBOT_MINI_YM1_2025-02-11.csv,2025-02-11,-168.0,1,0,1
357,CBOT_MINI_YM1_2025-02-12.csv,2025-02-12,149.0,1,1,0
358,CBOT_MINI_YM1_2025-02-13.csv,2025-02-13,-545.0,1,0,1
359,CBOT_MINI_YM1_2025-02-14.csv,2025-02-14,30.0,1,1,0
360,CBOT_MINI_YM1_2025-02-17.csv,2025-02-17,-14.0,1,0,1
361,CBOT_MINI_YM1_2025-02-18.csv,2025-02-18,406.0,1,1,0
362,CBOT_MINI_YM1_2025-02-19.csv,2025-02-19,-503.0,1,0,1
363,CBOT_MINI_YM1_2025-02-20.csv,2025-02-20,323.0,1,1,0
364,CBOT_MINI_YM1_2025-02-21.csv,2025-02-21,-108.0,1,0,1
365,CBOT_MINI_YM1_2025-02-24.csv,2025-02-24,-509.0,1,0,1
366,CBOT_MINI_YM1_2025-02-25.csv,2025-02-25,93.0,1,1,0
367,CBOT_MINI_YM1_2025-02-26.csv,2025-02-26,-235.0,1,0,1
368,CBOT_MINI_YM1_2025-02-27.csv,2025-02-27,606.0,1,1,0
369,CBOT_MINI_YM1_2025-02-28.csv,2025-02-28,273.0,1,1,0
370,CBOT_MINI_YM1_2025-03-03.csv,2025-03-03,787.0,1,1,0
371,CBOT_MINI_YM1_2025-03-04.csv,2025-03-04,423.0,1,1,0
372,CBOT_MINI_YM1_2025-03-05.csv,2025-03-05,-1616.0,1,0,1
373,CBOT_MINI_YM1_2025-03-06.csv,2025-03-06,-549.0,1,0,1
374,CBOT_MINI_YM1_2025-03-07.csv,2025-03-07,716.0,1,1,0
375,CBOT_MINI_YM1_2025-03-10.csv,2025-03-10,12.0,1,1,0
376,CBOT_MINI_YM1_2025-03-11.csv,2025-03-11,-244.0,1,0,1
377,CBOT_MINI_YM1_2025-03-12.csv,2025-03-12,-539.0,1,0,1
378,CBOT_MINI_YM1_2025-03-13.csv,2025-03-13,-366.0,1,0,1
379,CBOT_MINI_YM1_2025-03-14.csv,2025-03-14,131.0,1,1,0
380,CBOT_MINI_YM1_2025-03-17.csv,2025-03-17,-548.0,1,0,1
381,CBOT_MINI_YM1_2025-03-18.csv,2025-03-18,-583.0,1,0,1
382,CBOT_MINI_YM1_2025-03-19.csv,2025-03-19,-989.0,1,0,1
383,CBOT_MINI_YM1_2025-03-20.csv,2025-03-20,-432.0,1,0,1
385,CBOT_MINI_YM1_2025-03-24.csv,2025-03-24,-632.0,1,0,1
386,CBOT_MINI_YM1_2025-03-25.csv,2025-03-25,-366.0,1,0,1
387,CBOT_MINI_YM1_2025-03-26.csv,2025-03-26,708.0,1,1,0
388,CBOT_MINI_YM1_2025-03-27.csv,2025-03-27,522.0,1,1,0
389,CBOT_MINI_YM1_2025-03-28.csv,2025-03-28,-15.0,1,0,1
390,CBOT_MINI_YM1_2025-03-31.csv,2025-03-31,733.0,1,1,0
391,CBOT_MINI_YM1_2025-04-01.csv,2025-04-01,-143.0,1,0,1
392,CBOT_MINI_YM1_2025-04-02.csv,2025-04-02,426.0,1,1,0
393,CBOT_MINI_YM1_2025-04-03.csv,2025-04-03,934.0,1,1,0
394,CBOT_MINI_YM1_2025-04-04.csv,2025-04-04,1593.0,1,1,0
395,CBOT_MINI_YM1_2025-04-07.csv,2025-04-07,456.0,1,1,0
396,CBOT_MINI_YM1_2025-04-08.csv,2025-04-08,1130.0,1,1,0
397,CBOT_MINI_YM1_2025-04-09.csv,2025-04-09,-3136.0,1,0,1
398,CBOT_MINI_YM1_2025-04-10.csv,2025-04-10,-1021.0,1,0,1
399,CBOT_MINI_YM1_2025-04-11.csv,2025-04-11,-397.0,1,0,1
400,CBOT_MINI_YM1_2025-04-14.csv,2025-04-14,-268.0,1,0,1
401,CBOT_MINI_YM1_2025-04-15.csv,2025-04-15,-328.0,1,0,1
402,CBOT_MINI_YM1_2025-04-16.csv,2025-04-16,98.0,1,1,0
403,CBOT_MINI_YM1_2025-04-17.csv,2025-04-17,-1271.0,1,0,1
405,CBOT_MINI_YM1_2025-04-21.csv,2025-04-21,1015.0,1,1,0
406,CBOT_MINI_YM1_2025-04-22.csv,2025-04-22,208.0,1,1,0
407,CBOT_MINI_YM1_2025-04-23.csv,2025-04-23,17.0,1,1,0
408,CBOT_MINI_YM1_2025-04-24.csv,2025-04-24,756.0,1,1,0
409,CBOT_MINI_YM1_2025-04-25.csv,2025-04-25,-26.0,1,0,1
410,CBOT_MINI_YM1_2025-04-28.csv,2025-04-28,-740.0,1,0,1
411,CBOT_MINI_YM1_2025-04-29.csv,2025-04-29,-292.0,1,0,1
412,CBOT_MINI_YM1_2025-04-30.csv,2025-04-30,53.0,1,1,0
413,CBOT_MINI_YM1_2025-05-01.csv,2025-05-01,100.0,1,1,0
414,CBOT_MINI_YM1_2025-05-02.csv,2025-05-02,624.0,1,1,0
415,CBOT_MINI_YM1_2025-05-05.csv,2025-05-05,-567.0,1,0,1
416,CBOT_MINI_YM1_2025-05-06.csv,2025-05-06,-205.0,1,0,1
417,CBOT_MINI_YM1_2025-05-07.csv,2025-05-07,1589.0,1,1,0
418,CBOT_MINI_YM1_2025-05-08.csv,2025-05-08,733.0,1,1,0
419,CBOT_MINI_YM1_2025-05-09.csv,2025-05-09,123.0,1,1,0
420,CBOT_MINI_YM1_2025-05-12.csv,2025-05-12,-696.0,1,0,1
421,CBOT_MINI_YM1_2025-05-13.csv,2025-05-13,344.0,1,1,0
422,CBOT_MINI_YM1_2025-05-14.csv,2025-05-14,-325.0,1,0,1
423,CBOT_MINI_YM1_2025-05-15.csv,2025-05-15,354.0,1,1,0
424,CBOT_MINI_YM1_2025-05-16.csv,2025-05-16,508.0,1,1,0
425,CBOT_MINI_YM1_2025-05-19.csv,2025-05-19,-91.0,1,0,1
426,CBOT_MINI_YM1_2025-05-20.csv,2025-05-20,-404.0,1,0,1
427,CBOT_MINI_YM1_2025-05-21.csv,2025-05-21,-411.0,1,0,1
428,CBOT_MINI_YM1_2025-05-22.csv,2025-05-22,738.0,1,1,0
429,CBOT_MINI_YM1_2025-05-23.csv,2025-05-23,-846.0,1,0,1
430,CBOT_MINI_YM1_2025-05-26.csv,2025-05-26,-32.0,1,0,1
431,CBOT_MINI_YM1_2025-05-27.csv,2025-05-27,-21.0,1,0,1
432,CBOT_MINI_YM1_2025-05-28.csv,2025-05-28,-440.0,1,0,1
433,CBOT_MINI_YM1_2025-05-29.csv,2025-05-29,-527.0,1,0,1
434,CBOT_MINI_YM1_2025-05-30.csv,2025-05-30,393.0,1,1,0
435,CBOT_MINI_YM1_2025-06-02.csv,2025-06-02,-32.0,1,0,1
436,CBOT_MINI_YM1_2025-06-03.csv,2025-06-03,-294.0,1,0,1
437,CBOT_MINI_YM1_2025-06-04.csv,2025-06-04,-484.0,1,0,1
438,CBOT_MINI_YM1_2025-06-05.csv,2025-06-05,-99.0,1,0,1
439,CBOT_MINI_YM1_2025-06-06.csv,2025-06-06,-316.0,1,0,1
440,CBOT_MINI_YM1_2025-06-09.csv,2025-06-09,-265.0,1,0,1
441,CBOT_MINI_YM1_2025-06-10.csv,2025-06-10,-208.0,1,0,1
442,CBOT_MINI_YM1_2025-06-11.csv,2025-06-11,-159.0,1,0,1
443,CBOT_MINI_YM1_2025-06-12.csv,2025-06-12,-532.0,1,0,1
444,CBOT_MINI_YM1_2025-06-13.csv,2025-06-13,-778.0,1,0,1
445,CBOT_MINI_YM1_2025-06-16.csv,2025-06-16,-23.0,1,0,1
446,CBOT_MINI_YM1_2025-06-17.csv,2025-06-17,42.0,1,1,0
447,CBOT_MINI_YM1_2025-06-18.csv,2025-06-18,-526.0,1,0,1
448,CBOT_MINI_YM1_2025-06-19.csv,2025-06-19,113.0,1,1,0
450,CBOT_MINI_YM1_2025-06-23.csv,2025-06-23,647.0,1,1,0
451,CBOT_MINI_YM1_2025-06-24.csv,2025-06-24,30.0,1,1,0
452,CBOT_MINI_YM1_2025-06-25.csv,2025-06-25,-92.0,1,0,1
453,CBOT_MINI_YM1_2025-06-26.csv,2025-06-26,29.0,1,1,0
454,CBOT_MINI_YM1_2025-06-27.csv,2025-06-27,911.0,1,1,0
455,CBOT_MINI_YM1_2025-06-30.csv,2025-06-30,314.0,1,1,0
456,CBOT_MINI_YM1_2025-07-01.csv,2025-07-01,794.0,1,1,0
457,CBOT_MINI_YM1_2025-07-02.csv,2025-07-02,88.0,1,1,0
458,CBOT_MINI_YM1_2025-07-03.csv,2025-07-03,145.0,1,1,0
459,CBOT_MINI_YM1_2025-07-04.csv,2025-07-04,-108.0,1,0,1
460,CBOT_MINI_YM1_2025-07-07.csv,2025-07-07,841.0,1,1,0
461,CBOT_MINI_YM1_2025-07-08.csv,2025-07-08,-131.0,1,0,1
462,CBOT_MINI_YM1_2025-07-09.csv,2025-07-09,-52.0,1,0,1
463,CBOT_MINI_YM1_2025-07-10.csv,2025-07-10,23.0,1,1,0
464,CBOT_MINI_YM1_2025-07-11.csv,2025-07-11,-97.0,1,0,1
465,CBOT_MINI_YM1_2025-07-14.csv,2025-07-14,-48.0,1,0,1
466,CBOT_MINI_YM1_2025-07-15.csv,2025-07-15,107.0,1,1,0
467,CBOT_MINI_YM1_2025-07-16.csv,2025-07-16,-228.0,1,0,1
468,CBOT_MINI_YM1_2025-07-17.csv,2025-07-17,17.0,1,1,0
469,CBOT_MINI_YM1_2025-07-18.csv,2025-07-18,-54.0,1,0,1
470,CBOT_MINI_YM1_2025-07-21.csv,2025-07-21,264.0,1,1,0
471,CBOT_MINI_YM1_2025-07-22.csv,2025-07-22,-175.0,1,0,1
472,CBOT_MINI_YM1_2025-07-23.csv,2025-07-23,-69.0,1,0,1
473,CBOT_MINI_YM1_2025-07-24.csv,2025-07-24,-154.0,1,0,1
474,CBOT_MINI_YM1_2025-07-25.csv,2025-07-25,-303.0,1,0,1
475,CBOT_MINI_YM1_2025-07-28.csv,2025-07-28,-167.0,1,0,1
476,CBOT_MINI_YM1_2025-07-29.csv,2025-07-29,-92.0,1,0,1
477,CBOT_MINI_YM1_2025-07-30.csv,2025-07-30,281.0,1,1,0
478,CBOT_MINI_YM1_2025-07-31.csv,2025-07-31,864.0,1,1,0
479,CBOT_MINI_YM1_2025-08-01.csv,2025-08-01,755.0,1,1,0
480,CBOT_MINI_YM1_2025-08-04.csv,2025-08-04,516.0,1,1,0
481,CBOT_MINI_YM1_2025-08-05.csv,2025-08-05,-203.0,1,0,1
482,CBOT_MINI_YM1_2025-08-06.csv,2025-08-06,-115.0,1,0,1
483,CBOT_MINI_YM1_2025-08-07.csv,2025-08-07,18.0,1,1,0
484,CBOT_MINI_YM1_2025-08-08.csv,2025-08-08,-11.0,1,0,1
485,CBOT_MINI_YM1_2025-08-11.csv,2025-08-11,786.0,1,1,0
486,CBOT_MINI_YM1_2025-08-12.csv,2025-08-12,266.0,1,1,0
487,CBOT_MINI_YM1_2025-08-13.csv,2025-08-13,408.0,1,1,0
488,CBOT_MINI_YM1_2025-08-14.csv,2025-08-14,-773.0,1,0,1
489,CBOT_MINI_YM1_2025-08-15.csv,2025-08-15,148.0,1,1,0
490,CBOT_MINI_YM1_2025-08-18.csv,2025-08-18,-286.0,1,0,1
491,CBOT_MINI_YM1_2025-08-19.csv,2025-08-19,62.0,1,1,0
492,CBOT_MINI_YM1_2025-08-20.csv,2025-08-20,267.0,1,1,0
493,CBOT_MINI_YM1_2025-08-21.csv,2025-08-21,224.0,1,1,0
494,CBOT_MINI_YM1_2025-08-22.csv,2025-08-22,-427.0,1,0,1
495,CBOT_MINI_YM1_2025-08-25.csv,2025-08-25,-66.0,1,0,1
496,CBOT_MINI_YM1_2025-08-26.csv,2025-08-26,-5.0,1,0,1
497,CBOT_MINI_YM1_2025-08-27.csv,2025-08-27,-217.0,1,0,1
498,CBOT_MINI_YM1_2025-08-28.csv,2025-08-28,-143.0,1,0,1
499,CBOT_MINI_YM1_2025-08-29.csv,2025-08-29,-360.0,1,0,1
500,CBOT_MINI_YM1_2025-09-01.csv,2025-09-01,108.0,1,1,0
501,CBOT_MINI_YM1_2025-09-02.csv,2025-09-02,245.0,1,1,0
502,CBOT_MINI_YM1_2025-09-03.csv,2025-09-03,275.0,1,1,0
503,CBOT_MINI_YM1_2025-09-04.csv,2025-09-04,101.0,1,1,0
504,CBOT_MINI_YM1_2025-09-05.csv,2025-09-05,17.0,1,1,0
505,CBOT_MINI_YM1_2025-09-08.csv,2025-09-08,72.0,1,1,0
506,CBOT_MINI_YM1_2025-09-09.csv,2025-09-09,118.0,1,1,0
507,CBOT_MINI_YM1_2025-09-10.csv,2025-09-10,-57.0,1,0,1
508,CBOT_MINI_YM1_2025-09-11.csv,2025-09-11,-321.0,1,0,1
509,CBOT_MINI_YM1_2025-09-12.csv,2025-09-12,-658.0,1,0,1
510,CBOT_MINI_YM1_2025-09-15.csv,2025-09-15,248.0,1,1,0
511,CBOT_MINI_YM1_2025-09-16.csv,2025-09-16,-101.0,1,0,1
512,CBOT_MINI_YM1_2025-09-17.csv,2025-09-17,-335.0,1,0,1
513,CBOT_MINI_YM1_2025-09-18.csv,2025-09-18,684.0,1,1,0
515,CBOT_MINI_YM1_2025-09-22.csv,2025-09-22,31.0,1,1,0
516,CBOT_MINI_YM1_2025-09-23.csv,2025-09-23,-423.0,1,0,1
517,CBOT_MINI_YM1_2025-09-24.csv,2025-09-24,-420.0,1,0,1
518,CBOT_MINI_YM1_2025-09-25.csv,2025-09-25,-118.0,1,0,1
519,CBOT_MINI_YM1_2025-09-26.csv,2025-09-26,418.0,1,1,0
520,CBOT_MINI_YM1_2025-09-29.csv,2025-09-29,338.0,1,1,0
521,CBOT_MINI_YM1_2025-09-30.csv,2025-09-30,384.0,1,1,0
522,CBOT_MINI_YM1_2025-10-01.csv,2025-10-01,423.0,1,1,0
523,CBOT_MINI_YM1_2025-10-02.csv,2025-10-02,-22.0,1,0,1
524,CBOT_MINI_YM1_2025-10-03.csv,2025-10-03,753.0,1,1,0
525,CBOT_MINI_YM1_2025-10-06.csv,2025-10-06,635.0,1,1,0
526,CBOT_MINI_YM1_2025-10-07.csv,2025-10-07,205.0,1,1,0
527,CBOT_MINI_YM1_2025-10-08.csv,2025-10-08,-12.0,1,0,1
528,CBOT_MINI_YM1_2025-10-09.csv,2025-10-09,-93.0,1,0,1
529,CBOT_MINI_YM1_2025-10-10.csv,2025-10-10,1241.0,1,1,0
530,CBOT_MINI_YM1_2025-10-13.csv,2025-10-13,-806.0,1,0,1
531,CBOT_MINI_YM1_2025-10-14.csv,2025-10-14,209.0,1,1,0
532,CBOT_MINI_YM1_2025-10-15.csv,2025-10-15,-516.0,1,0,1
533,CBOT_MINI_YM1_2025-10-16.csv,2025-10-16,-698.0,1,0,1
534,CBOT_MINI_YM1_2025-10-17.csv,2025-10-17,-864.0,1,0,1
535,CBOT_MINI_YM1_2025-10-20.csv,2025-10-20,-68.0,1,0,1
536,CBOT_MINI_YM1_2025-10-21.csv,2025-10-21,224.0,1,1,0
537,CBOT_MINI_YM1_2025-10-22.csv,2025-10-22,21.0,1,1,0
538,CBOT_MINI_YM1_2025-10-23.csv,2025-10-23,118.0,1,1,0
539,CBOT_MINI_YM1_2025-10-24.csv,2025-10-24,-273.0,1,0,1
540,CBOT_MINI_YM1_2025-10-27.csv,2025-10-27,135.0,1,1,0
541,CBOT_MINI_YM1_2025-10-28.csv,2025-10-28,514.0,1,1,0
542,CBOT_MINI_YM1_2025-10-29.csv,2025-10-29,-968.0,1,0,1
543,CBOT_MINI_YM1_2025-10-30.csv,2025-10-30,-860.0,1,0,1
544,CBOT_MINI_YM1_2025-10-31.csv,2025-10-31,-493.0,1,0,1
545,CBOT_MINI_YM1_2025-11-03.csv,2025-11-03,144.0,1,1,0
546,CBOT_MINI_YM1_2025-11-04.csv,2025-11-04,461.0,1,1,0
547,CBOT_MINI_YM1_2025-11-05.csv,2025-11-05,-235.0,1,0,1
548,CBOT_MINI_YM1_2025-11-06.csv,2025-11-06,690.0,1,1,0
549,CBOT_MINI_YM1_2025-11-07.csv,2025-11-07,342.0,1,1,0
550,CBOT_MINI_YM1_2025-11-10.csv,2025-11-10,-253.0,1,0,1
551,CBOT_MINI_YM1_2025-11-11.csv,2025-11-11,-437.0,1,0,1
552,CBOT_MINI_YM1_2025-11-12.csv,2025-11-12,-30.0,1,0,1
553,CBOT_MINI_YM1_2025-11-13.csv,2025-11-13,723.0,1,1,0
554,CBOT_MINI_YM1_2025-11-14.csv,2025-11-14,-1023.0,1,0,1
555,CBOT_MINI_YM1_2025-11-17.csv,2025-11-17,-317.0,1,0,1
556,CBOT_MINI_YM1_2025-11-18.csv,2025-11-18,-800.0,1,0,1
557,CBOT_MINI_YM1_2025-11-19.csv,2025-11-19,-508.0,1,0,1
558,CBOT_MINI_YM1_2025-11-20.csv,2025-11-20,-639.0,1,0,1
559,CBOT_MINI_YM1_2025-11-21.csv,2025-11-21,-263.0,1,0,1
560,CBOT_MINI_YM1_2025-11-24.csv,2025-11-24,164.0,1,1,0
561,CBOT_MINI_YM1_2025-11-25.csv,2025-11-25,45.0,1,1,0
562,CBOT_MINI_YM1_2025-11-26.csv,2025-11-26,93.0,1,1,0
563,CBOT_MINI_YM1_2025-11-27.csv,2025-11-27,-32.0,1,0,1
564,CBOT_MINI_YM1_2025-11-28.csv,2025-11-28,-219.0,1,0,1
565,CBOT_MINI_YM1_2025-12-01.csv,2025-12-01,246.0,1,1,0
566,CBOT_MINI_YM1_2025-12-02.csv,2025-12-02,900.0,1,1,0
567,CBOT_MINI_YM1_2025-12-03.csv,2025-12-03,155.0,1,1,0
568,CBOT_MINI_YM1_2025-12-04.csv,2025-12-04,-53.0,1,0,1
569,CBOT_MINI_YM1_2025-12-05.csv,2025-12-05,306.0,1,1,0
570,CBOT_MINI_YM1_2025-12-08.csv,2025-12-08,415.0,1,1,0
571,CBOT_MINI_YM1_2025-12-09.csv,2025-12-09,-312.0,1,0,1
572,CBOT_MINI_YM1_2025-12-10.csv,2025-12-10,114.0,1,1,0
573,CBOT_MINI_YM1_2025-12-11.csv,2025-12-11,-11.0,1,0,1
574,CBOT_MINI_YM1_2025-12-12.csv,2025-12-12,425.0,1,1,0
575,CBOT_MINI_YM1_2025-12-15.csv,2025-12-15,-416.0,1,0,1
576,CBOT_MINI_YM1_2025-12-16.csv,2025-12-16,264.0,1,1,0
577,CBOT_MINI_YM1_2025-12-17.csv,2025-12-17,-676.0,1,0,1
578,CBOT_MINI_YM1_2025-12-18.csv,2025-12-18,274.0,1,1,0
580,CBOT_MINI_YM1_2025-12-22.csv,2025-12-22,-281.0,1,0,1
581,CBOT_MINI_YM1_2025-12-23.csv,2025-12-23,-249.0,1,0,1
582,CBOT_MINI_YM1_2025-12-24.csv,2025-12-24,32.0,1,1,0
584,CBOT_MINI_YM1_2025-12-26.csv,2025-12-26,50.0,1,1,0
585,CBOT_MINI_YM1_2025-12-29.csv,2025-12-29,426.0,1,1,0
586,CBOT_MINI_YM1_2025-12-30.csv,2025-12-30,-186.0,1,0,1
587,CBOT_MINI_YM1_2025-12-31.csv,2025-12-31,330.0,1,1,0
589,CBOT_MINI_YM1_2026-01-02.csv,2026-01-02,576.0,1,1,0
590,CBOT_MINI_YM1_2026-01-05.csv,2026-01-05,463.0,1,1,0
591,CBOT_MINI_YM1_2026-01-06.csv,2026-01-06,424.0,1,1,0
592,CBOT_MINI_YM1_2026-01-07.csv,2026-01-07,477.0,1,1,0
593,CBOT_MINI_YM1_2026-01-08.csv,2026-01-08,-309.0,1,0,1
594,CBOT_MINI_YM1_2026-01-09.csv,2026-01-09,42.0,1,1,0
595,CBOT_MINI_YM1_2026-01-12.csv,2026-01-12,754.0,1,1,0
596,CBOT_MINI_YM1_2026-01-13.csv,2026-01-13,33.0,1,1,0
597,CBOT_MINI_YM1_2026-01-14.csv,2026-01-14,-689.0,1,0,1
598,CBOT_MINI_YM1_2026-01-15.csv,2026-01-15,350.0,1,1,0
599,CBOT_MINI_YM1_2026-01-16.csv,2026-01-16,-436.0,1,0,1
600,CBOT_MINI_YM1_2026-01-19.csv,2026-01-19,-97.0,1,0,1
601,CBOT_MINI_YM1_2026-01-20.csv,2026-01-20,-950.0,1,0,1
602,CBOT_MINI_YM1_2026-01-21.csv,2026-01-21,706.0,1,1,0
603,CBOT_MINI_YM1_2026-01-22.csv,2026-01-22,-566.0,1,0,1
604,CBOT_MINI_YM1_2026-01-23.csv,2026-01-23,222.0,1,1,0
605,CBOT_MINI_YM1_2026-01-26.csv,2026-01-26,-23.0,1,0,1
606,CBOT_MINI_YM1_2026-01-27.csv,2026-01-27,-410.0,1,0,1
607,CBOT_MINI_YM1_2026-01-28.csv,2026-01-28,-697.0,1,0,1
608,CBOT_MINI_YM1_2026-01-29.csv,2026-01-29,-375.0,1,0,1
609,CBOT_MINI_YM1_2026-01-30.csv,2026-01-30,709.0,1,1,0
610,CBOT_MINI_YM1_2026-02-02.csv,2026-02-02,492.0,1,1,0
611,CBOT_MINI_YM1_2026-02-03.csv,2026-02-03,158.0,1,1,0
612,CBOT_MINI_YM1_2026-02-04.csv,2026-02-04,-570.0,1,0,1
613,CBOT_MINI_YM1_2026-02-05.csv,2026-02-05,971.0,1,1,0
614,CBOT_MINI_YM1_2026-02-06.csv,2026-02-06,586.0,1,1,0
615,CBOT_MINI_YM1_2026-02-09.csv,2026-02-09,311.0,1,1,0
616,CBOT_MINI_YM1_2026-02-10.csv,2026-02-10,-628.0,1,0,1
617,CBOT_MINI_YM1_2026-02-11.csv,2026-02-11,-84.0,1,0,1
618,CBOT_MINI_YM1_2026-02-12.csv,2026-02-12,-456.0,1,0,1
619,CBOT_MINI_YM1_2026-02-13.csv,2026-02-13,571.0,1,1,0
620,CBOT_MINI_YM1_2026-02-16.csv,2026-02-16,345.0,1,1,0
621,CBOT_MINI_YM1_2026-02-17.csv,2026-02-17,78.0,1,1,0
622,CBOT_MINI_YM1_2026-02-18.csv,2026-02-18,-96.0,1,0,1
623,CBOT_MINI_YM1_2026-02-19.csv,2026-02-19,-175.0,1,0,1
624,CBOT_MINI_YM1_2026-02-20.csv,2026-02-20,386.0,1,1,0
625,CBOT_MINI_YM1_2026-02-23.csv,2026-02-23,1261.0,1,1,0
626,CBOT_MINI_YM1_2026-02-24.csv,2026-02-24,-59.0,1,0,1
627,CBOT_MINI_YM1_2026-02-25.csv,2026-02-25,-679.0,1,0,1
628,CBOT_MINI_YM1_2026-02-26.csv,2026-02-26,704.0,1,1,0
629,CBOT_MINI_YM1_2026-02-27.csv,2026-02-27,-266.0,1,0,1
630,CBOT_MINI_YM1_2026-03-02.csv,2026-03-02,552.0,1,1,0
631,CBOT_MINI_YM1_2026-03-03.csv,2026-03-03,-170.0,1,0,1
632,CBOT_MINI_YM1_2026-03-04.csv,2026-03-04,213.0,1,1,0
633,CBOT_MINI_YM1_2026-03-05.csv,2026-03-05,-275.0,1,0,1
634,CBOT_MINI_YM1_2026-03-06.csv,2026-03-06,-224.0,1,0,1
635,CBOT_MINI_YM1_2026-03-09.csv,2026-03-09,230.0,1,1,0
636,CBOT_MINI_YM1_2026-03-10.csv,2026-03-10,1245.0,1,1,0
637,CBOT_MINI_YM1_2026-03-11.csv,2026-03-11,-409.0,1,0,1
638,CBOT_MINI_YM1_2026-03-12.csv,2026-03-12,-489.0,1,0,1
639,CBOT_MINI_YM1_2026-03-13.csv,2026-03-13,-1013.0,1,0,1
640,CBOT_MINI_YM1_2026-03-16.csv,2026-03-16,810.0,1,1,0
641,CBOT_MINI_YM1_2026-03-17.csv,2026-03-17,-1295.0,1,0,1
642,CBOT_MINI_YM1_2026-03-18.csv,2026-03-18,-822.0,1,0,1
643,CBOT_MINI_YM1_2026-03-19.csv,2026-03-19,-185.0,1,0,1
645,CBOT_MINI_YM1_2026-03-23.csv,2026-03-23,133.0,1,1,0
646,CBOT_MINI_YM1_2026-03-24.csv,2026-03-24,-171.0,1,0,1
647,CBOT_MINI_YM1_2026-03-25.csv,2026-03-25,1293.0,1,1,0
648,CBOT_MINI_YM1_2026-03-26.csv,2026-03-26,413.0,1,1,0
649,CBOT_MINI_YM1_2026-03-27.csv,2026-03-27,3.0,1,1,0
650,CBOT_MINI_YM1_2026-03-30.csv,2026-03-30,-856.0,1,0,1
651,CBOT_MINI_YM1_2026-03-31.csv,2026-03-31,-524.0,1,0,1
652,CBOT_MINI_YM1_2026-04-01.csv,2026-04-01,-20.0,1,0,1
653,CBOT_MINI_YM1_2026-04-02.csv,2026-04-02,122.0,1,1,0
655,CBOT_MINI_YM1_2026-04-06.csv,2026-04-06,483.0,1,1,0
656,CBOT_MINI_YM1_2026-04-07.csv,2026-04-07,-369.0,1,0,1
657,CBOT_MINI_YM1_2026-04-08.csv,2026-04-08,84.0,1,1,0
658,CBOT_MINI_YM1_2026-04-09.csv,2026-04-09,265.0,1,1,0
659,CBOT_MINI_YM1_2026-04-10.csv,2026-04-10,449.0,1,1,0
660,CBOT_MINI_YM1_2026-04-13.csv,2026-04-13,420.0,1,1,0
661,CBOT_MINI_YM1_2026-04-14.csv,2026-04-14,661.0,1,1,0
662,CBOT_MINI_YM1_2026-04-15.csv,2026-04-15,-288.0,1,0,1
663,CBOT_MINI_YM1_2026-04-16.csv,2026-04-16,21.0,1,1,0
664,CBOT_MINI_YM1_2026-04-17.csv,2026-04-17,963.0,1,1,0
666,CBOT_MINI_YM1_2026-04-20.csv,2026-04-20,-330.0,1,0,1
667,CBOT_MINI_YM1_2026-04-21.csv,2026-04-21,708.0,1,1,0
668,CBOT_MINI_YM1_2026-04-22.csv,2026-04-22,-32.0,1,0,1
669,CBOT_MINI_YM1_2026-04-23.csv,2026-04-23,-111.0,1,0,1
670,CBOT_MINI_YM1_2026-04-24.csv,2026-04-24,-477.0,1,0,1
671,CBOT_MINI_YM1_2026-04-27.csv,2026-04-27,-169.0,1,0,1
672,CBOT_MINI_YM1_2026-04-28.csv,2026-04-28,-707.0,1,0,1
673,CBOT_MINI_YM1_2026-04-29.csv,2026-04-29,-439.0,1,0,1
674,CBOT_MINI_YM1_2026-04-30.csv,2026-04-30,34.0,1,1,0
675,CBOT_MINI_YM1_2026-05-01.csv,2026-05-01,575.0,1,1,0
676,CBOT_MINI_YM1_2026-05-05.csv,2026-05-05,-297.0,1,0,1
677,CBOT_MINI_YM1_2026-05-06.csv,2026-05-06,-489.0,1,0,1
678,CBOT_MINI_YM1_2026-05-07.csv,2026-05-07,742.0,1,1,0
679,CBOT_MINI_YM1_2026-05-08.csv,2026-05-08,-387.0,1,0,1
680,CBOT_MINI_YM1_2026-05-11.csv,2026-05-11,378.0,1,1,0
681,CBOT_MINI_YM1_2026-05-12.csv,2026-05-12,-282.0,1,0,1
682,CBOT_MINI_YM1_2026-05-15.csv,2026-05-15,-150.0,1,0,1
