date,total_pts,trades,mode,blocked,first_trade_holds
2023-12-19,24.0,2,TREND,0,0
2024-01-10,-180.0,2,CHOP,0,0
2024-02-13,253.0,1,CHOP,0,0
2024-02-22,30.0,1,CHOP,0,0
2024-02-26,-108.0,1,TREND,0,0
2024-02-27,-40.0,1,CHOP,0,0
2024-02-28,48.0,1,CHOP,0,0
2024-02-29,103.0,2,CHOP,0,0
2024-03-01,99.0,2,CHOP,0,0
2024-03-04,28.0,1,CHOP,0,0
2024-03-05,-258.0,3,CHOP,0,0
2024-03-06,-152.0,2,CHOP,0,0
2024-03-07,-16.0,1,TREND,0,0
2024-03-08,24.0,1,TREND,0,0
2024-03-11,39.0,2,TREND,0,0
2024-03-12,22.0,2,TREND,1,0
2024-03-13,98.0,1,TREND,0,0
2024-03-14,157.0,1,TREND,0,0
2024-03-15,-138.0,2,TREND,1,1
2024-03-18,-64.0,2,TREND,0,0
2024-03-19,4.0,1,TREND,0,0
2024-03-20,90.0,1,TREND,1,1
2024-03-21,91.0,1,TREND,0,0
2024-03-22,189.0,1,CHOP,0,0
2024-03-25,52.0,1,TREND,1,0
2024-03-26,-84.0,1,TREND,1,0
2024-03-27,-126.0,2,TREND,0,0
2024-03-28,54.0,1,TREND,0,0
2024-04-01,199.0,2,TREND,0,0
2024-04-02,56.0,2,TREND,0,0
2024-04-03,106.0,2,CHOP,0,0
2024-04-04,124.0,2,TREND,0,0
2024-04-05,77.0,1,TREND,0,0
2024-04-08,-268.0,2,CHOP,0,0
2024-04-09,279.0,1,TREND,1,0
2024-04-10,-2.0,1,TREND,0,0
2024-04-11,177.0,1,CHOP,0,0
2024-04-12,-264.0,3,TREND,1,1
2024-04-15,311.0,1,TREND,0,0
2024-04-16,-98.0,2,TREND,1,1
2024-04-17,-116.0,2,TREND,0,0
2024-04-18,111.0,1,TREND,0,0
2024-04-19,77.0,1,TREND,1,0
2024-04-22,20.0,1,TREND,2,0
2024-04-23,-10.0,1,TREND,1,0
2024-04-24,-154.0,2,TREND,2,0
2024-04-25,90.0,1,TREND,0,0
2024-04-26,102.0,1,TREND,1,0
2024-04-29,14.0,1,CHOP,1,0
2024-04-30,-306.0,3,TREND,0,0
2024-05-01,-70.0,1,TREND,2,0
2024-05-02,1.0,1,TREND,0,0
2024-05-03,153.0,1,TREND,0,0
2024-05-06,91.0,1,TREND,1,0
2024-05-07,32.0,2,TREND,0,0
2024-05-08,-20.0,1,TREND,0,0
2024-05-09,232.0,2,TREND,0,0
2024-05-10,-36.0,2,TREND,1,0
2024-05-13,44.0,2,TREND,1,0
2024-05-14,70.0,1,TREND,0,0
2024-05-15,-176.0,2,TREND,0,0
2024-05-16,-76.0,2,CHOP,2,1
2024-05-17,-50.0,1,CHOP,2,0
2024-05-20,173.0,1,TREND,0,0
2024-05-21,-4.0,1,TREND,0,0
2024-05-22,-20.0,1,TREND,0,0
2024-05-23,183.0,2,TREND,1,0
2024-05-24,-42.0,1,TREND,0,0
2024-05-27,2.0,1,TREND,0,0
2024-05-28,-106.0,2,TREND,1,1
2024-05-29,-38.0,1,TREND,0,0
2024-05-30,-68.0,2,TREND,0,0
2024-05-31,8.0,1,TREND,0,0
2024-06-03,86.0,1,TREND,0,0
2024-06-04,103.0,1,TREND,0,0
2024-06-05,-366.0,4,CHOP,2,2
2024-06-06,172.0,2,TREND,1,0
2024-06-07,-22.0,2,TREND,0,0
2024-06-10,-78.0,1,TREND,0,0
2024-06-11,-15.0,2,TREND,0,0
2024-06-12,103.0,1,TREND,0,0
2024-06-13,168.0,1,TREND,2,0
2024-06-14,90.0,1,CHOP,0,0
2024-06-17,-148.0,2,TREND,0,0
2024-06-18,-30.0,1,TREND,0,0
2024-06-19,-16.0,2,TREND,5,2
2024-06-20,122.0,3,TREND,0,0
2024-06-24,192.0,2,TREND,1,0
2024-06-25,68.0,1,TREND,0,0
2024-06-26,-58.0,1,TREND,1,0
2024-06-27,14.0,1,TREND,0,0
2024-06-28,-124.0,2,TREND,0,0
2024-07-01,-72.0,2,TREND,1,1
2024-07-02,2.0,1,TREND,1,0
2024-07-03,-14.0,1,TREND,0,0
2024-07-04,92.0,1,TREND,2,1
2024-07-05,-172.0,2,TREND,0,0
2024-07-08,-152.0,2,TREND,0,0
2024-07-09,90.0,1,TREND,1,0
2024-07-10,-8.0,1,CHOP,1,0
2024-07-11,52.0,1,CHOP,0,0
2024-07-12,72.0,1,CHOP,0,0
2024-07-15,66.0,1,TREND,4,0
2024-07-16,398.0,1,TREND,1,0
2024-07-17,97.0,1,TREND,0,0
2024-07-18,121.0,1,TREND,0,0
2024-07-19,34.0,1,TREND,0,0
2024-07-22,61.0,1,TREND,0,0
2024-07-23,26.0,1,TREND,0,0
2024-07-24,222.0,1,TREND,5,1
2024-07-25,165.0,1,TREND,1,0
2024-07-26,-88.0,3,TREND,2,2
2024-07-29,44.0,1,TREND,1,0
2024-07-30,146.0,2,TREND,0,0
2024-07-31,116.0,2,TREND,0,0
2024-08-01,811.0,1,TREND,1,0
2024-08-02,439.0,1,TREND,2,0
2024-08-05,-151.0,3,TREND,1,1
2024-08-06,173.0,3,TREND,1,0
2024-08-07,69.0,1,TREND,0,0
2024-08-08,-52.0,3,TREND,1,1
2024-08-09,-226.0,2,TREND,0,0
2024-08-12,24.0,1,TREND,0,0
2024-08-13,-322.0,3,TREND,0,0
2024-08-14,-172.0,2,TREND,0,0
2024-08-15,61.0,1,TREND,1,0
2024-08-16,-136.0,2,TREND,0,0
2024-08-19,-126.0,2,TREND,0,0
2024-08-20,-6.0,1,TREND,0,0
2024-08-21,14.0,1,TREND,0,0
2024-08-22,164.0,2,TREND,0,0
2024-08-23,-119.0,2,TREND,1,1
2024-08-26,110.0,2,CHOP,0,0
2024-08-27,-122.0,2,TREND,0,0
2024-08-28,3.0,1,TREND,0,0
2024-08-29,-148.0,2,TREND,0,0
2024-08-30,-166.0,2,TREND,0,0
2024-09-02,10.0,1,TREND,0,0
2024-09-03,228.0,2,TREND,0,0
2024-09-04,-48.0,2,TREND,0,0
2024-09-05,30.0,1,TREND,0,0
2024-09-06,101.0,1,TREND,0,0
2024-09-09,384.0,1,TREND,0,0
2024-09-10,164.0,1,TREND,0,0
2024-09-11,325.0,1,TREND,3,1
2024-09-12,0.0,3,TREND,0,0
2024-09-13,102.0,1,TREND,0,0
2024-09-16,-252.0,3,TREND,1,0
2024-09-17,-76.0,3,TREND,0,0
2024-09-18,-138.0,2,TREND,0,0
2024-09-19,-59.0,2,TREND,0,0
2024-09-23,-136.0,2,TREND,1,1
2024-09-24,-140.0,2,TREND,0,0
2024-09-25,115.0,1,TREND,0,0
2024-09-26,40.0,1,TREND,1,1
2024-09-27,174.0,1,TREND,0,0
2024-09-30,-172.0,2,TREND,0,0
2024-10-01,58.0,1,TREND,0,0
2024-10-02,-6.0,1,TREND,0,0
2024-10-03,-239.0,3,TREND,0,0
2024-10-04,115.0,1,TREND,1,0
2024-10-07,27.0,1,TREND,0,0
2024-10-08,-12.0,1,TREND,2,0
2024-10-09,-23.0,2,TREND,1,1
2024-10-10,-42.0,1,TREND,0,0
2024-10-11,148.0,1,TREND,0,0
2024-10-14,70.0,1,TREND,0,0
2024-10-15,-232.0,3,TREND,1,1
2024-10-16,141.0,1,TREND,2,0
2024-10-17,-16.0,1,TREND,0,0
2024-10-18,-112.0,2,TREND,0,0
2024-10-21,150.0,2,TREND,0,0
2024-10-22,26.0,1,TREND,1,0
2024-10-23,66.0,2,TREND,0,0
2024-10-24,-166.0,2,TREND,0,0
2024-10-25,-220.0,2,TREND,1,0
2024-10-28,-264.0,3,TREND,0,0
2024-10-29,186.0,1,TREND,1,0
2024-10-30,-102.0,2,TREND,3,2
2024-10-31,65.0,2,TREND,1,0
2024-11-01,30.0,2,TREND,3,0
2024-11-04,74.0,2,TREND,0,0
2024-11-05,331.0,3,TREND,0,0
2024-11-06,-88.0,2,TREND,1,1
2024-11-07,-126.0,2,TREND,0,0
2024-11-08,146.0,1,TREND,1,0
2024-11-11,-296.0,3,CHOP,1,1
2024-11-12,155.0,2,TREND,0,0
2024-11-13,63.0,1,TREND,0,0
2024-11-14,-292.0,2,TREND,1,1
2024-11-15,94.0,1,TREND,0,0
2024-11-18,-108.0,1,TREND,0,0
2024-11-19,-148.0,2,TREND,0,0
2024-11-20,106.0,1,TREND,0,0
2024-11-21,-152.0,2,TREND,0,0
2024-11-22,-36.0,2,TREND,0,0
2024-11-25,128.0,2,TREND,1,0
2024-11-26,18.0,2,TREND,1,1
2024-11-27,2.0,1,TREND,0,0
2024-11-28,-74.0,3,TREND,0,0
2024-11-29,-4.0,1,TREND,2,0
2024-12-02,132.0,2,TREND,3,1
2024-12-03,66.0,1,TREND,1,1
2024-12-04,-49.0,3,TREND,0,0
2024-12-05,36.0,1,CHOP,0,0
2024-12-06,-2.0,1,TREND,0,0
2024-12-09,-122.0,2,CHOP,0,0
2024-12-10,12.0,1,TREND,0,0
2024-12-11,80.0,1,CHOP,2,1
2024-12-12,-166.0,2,TREND,1,1
2024-12-13,86.0,1,TREND,2,0
2024-12-16,-2.0,2,TREND,0,0
2024-12-17,-132.0,2,TREND,0,0
2024-12-18,97.0,1,TREND,0,0
2024-12-19,134.0,2,TREND,1,0
2024-12-23,111.0,1,TREND,1,0
2024-12-24,248.0,1,TREND,0,0
2024-12-26,-170.0,2,CHOP,1,1
2024-12-27,-8.0,2,TREND,2,0
2024-12-30,70.0,2,TREND,3,1
2024-12-31,-218.0,2,TREND,0,0
2025-01-02,-31.0,2,TREND,0,0
2025-01-03,28.0,1,TREND,0,0
2025-01-06,106.0,1,CHOP,1,1
2025-01-07,316.0,1,TREND,0,0
2025-01-08,101.0,1,TREND,1,0
2025-01-10,216.0,3,TREND,0,0
2025-01-13,86.0,1,TREND,0,0
2025-01-14,-83.0,2,TREND,2,0
2025-01-15,-16.0,1,TREND,0,0
2025-01-16,71.0,2,TREND,0,0
2025-01-17,0.0,1,TREND,1,1
2025-01-20,184.0,1,TREND,1,0
2025-01-21,-18.0,2,TREND,0,0
2025-01-22,-22.0,1,TREND,0,0
2025-01-23,-114.0,1,TREND,0,0
2025-01-24,-264.0,3,TREND,0,0
2025-01-27,-4.0,1,TREND,2,0
2025-01-28,-91.0,2,TREND,1,0
2025-01-29,-120.0,2,TREND,0,0
2025-01-30,21.0,2,TREND,0,0
2025-01-31,56.0,2,TREND,2,0
2025-02-03,180.0,2,TREND,0,0
2025-02-04,-60.0,1,TREND,0,0
2025-02-05,15.0,1,TREND,1,0
2025-02-06,136.0,1,TREND,0,0
2025-02-07,-64.0,2,TREND,0,0
2025-02-10,26.0,1,CHOP,1,0
2025-02-11,-60.0,2,TREND,0,0
2025-02-12,56.0,2,TREND,0,0
2025-02-13,10.0,1,TREND,2,0
2025-02-14,-142.0,2,TREND,0,0
2025-02-17,6.0,1,TREND,0,0
2025-02-18,-92.0,2,TREND,2,0
2025-02-19,-40.0,1,TREND,0,0
2025-02-20,220.0,2,TREND,0,0
2025-02-21,158.0,1,TREND,2,0
2025-02-24,76.0,1,TREND,0,0
2025-02-25,117.0,1,TREND,1,0
2025-02-26,148.0,1,TREND,3,0
2025-02-27,184.0,3,TREND,0,0
2025-02-28,129.0,1,TREND,0,0
2025-03-03,110.0,1,TREND,1,1
2025-03-04,267.0,1,TREND,0,0
2025-03-05,-6.0,1,TREND,0,0
2025-03-06,71.0,3,CHOP,1,0
2025-03-07,26.0,2,TREND,1,0
2025-03-10,43.0,1,TREND,0,0
2025-03-11,-650.0,4,TREND,0,0
2025-03-12,197.0,1,TREND,2,0
2025-03-13,-262.0,3,TREND,0,0
2025-03-14,-308.0,2,TREND,0,0
2025-03-17,0.0,1,TREND,0,0
2025-03-18,-130.0,2,TREND,0,0
2025-03-19,50.0,1,TREND,0,0
2025-03-20,398.0,1,TREND,1,0
2025-03-24,12.0,1,TREND,0,0
2025-03-25,-132.0,1,TREND,0,0
2025-03-26,-6.0,1,TREND,0,0
2025-03-27,110.0,1,TREND,1,0
2025-03-28,441.0,1,TREND,0,0
2025-03-31,107.0,1,TREND,1,1
2025-04-01,-53.0,2,TREND,0,0
2025-04-02,317.0,1,TREND,2,1
2025-04-03,240.0,1,TREND,1,0
2025-04-04,-70.0,2,TREND,0,0
2025-04-07,-15.0,2,TREND,0,0
2025-04-08,57.0,1,TREND,2,1
2025-04-09,-460.0,3,TREND,1,1
2025-04-10,-165.0,3,TREND,0,0
2025-04-11,65.0,2,TREND,1,1
2025-04-14,-184.0,2,TREND,0,0
2025-04-15,-262.0,3,TREND,0,0
2025-04-16,44.0,1,TREND,2,1
2025-04-17,-28.0,2,TREND,0,0
2025-04-21,289.0,2,TREND,1,1
2025-04-22,71.0,1,TREND,0,0
2025-04-23,-94.0,1,TREND,0,0
2025-04-24,347.0,1,TREND,0,0
2025-04-25,105.0,1,TREND,0,0
2025-04-28,-86.0,2,TREND,1,1
2025-04-29,-322.0,3,TREND,0,0
2025-04-30,21.0,2,TREND,1,1
2025-05-01,-153.0,3,TREND,0,0
2025-05-02,95.0,2,TREND,0,0
2025-05-05,95.0,2,TREND,0,0
2025-05-06,-22.0,2,CHOP,0,0
2025-05-07,-122.0,3,TREND,0,0
2025-05-08,26.0,1,TREND,1,0
2025-05-09,33.0,2,TREND,0,0
2025-05-12,93.0,1,TREND,0,0
2025-05-13,47.0,1,TREND,0,0
2025-05-14,-140.0,2,TREND,1,1
2025-05-15,-108.0,2,TREND,1,0
2025-05-16,-48.0,1,TREND,0,0
2025-05-19,128.0,1,TREND,1,0
2025-05-20,-124.0,2,TREND,0,0
2025-05-21,-120.0,2,TREND,0,0
2025-05-22,-162.0,2,TREND,0,0
2025-05-23,-292.0,3,TREND,1,0
2025-05-26,-104.0,2,TREND,1,0
2025-05-27,84.0,1,TREND,0,0
2025-05-28,70.0,1,TREND,0,0
2025-05-29,-318.0,3,TREND,0,0
2025-05-30,4.0,3,TREND,0,0
2025-06-02,50.0,1,TREND,0,0
2025-06-03,-128.0,2,TREND,0,0
2025-06-04,-22.0,1,TREND,3,0
2025-06-05,-8.0,2,TREND,0,0
2025-06-06,-256.0,2,TREND,0,0
2025-06-09,-78.0,1,TREND,0,0
2025-06-10,-80.0,1,TREND,0,0
2025-06-11,135.0,1,TREND,0,0
2025-06-12,234.0,1,TREND,1,0
2025-06-13,167.0,2,TREND,1,0
2025-06-16,186.0,1,TREND,0,0
2025-06-17,91.0,1,TREND,0,0
2025-06-18,241.0,1,TREND,1,0
2025-06-19,120.0,2,TREND,0,0
2025-06-23,92.0,1,TREND,1,1
2025-06-24,-60.0,3,TREND,1,1
2025-06-25,32.0,1,TREND,0,0
2025-06-26,-2.0,1,TREND,1,0
2025-06-27,379.0,1,TREND,0,0
2025-06-30,-26.0,1,TREND,0,0
2025-07-01,150.0,1,TREND,0,0
2025-07-02,52.0,2,TREND,1,0
2025-07-03,116.0,2,TREND,1,1
2025-07-04,50.0,1,TREND,1,0
2025-07-07,188.0,1,TREND,1,0
2025-07-08,-160.0,2,TREND,0,0
2025-07-09,41.0,2,CHOP,0,0
2025-07-10,179.0,1,TREND,1,1
2025-07-11,-186.0,2,TREND,0,0
2025-07-14,-132.0,2,TREND,0,0
2025-07-15,92.0,1,TREND,0,0
2025-07-16,-6.0,1,TREND,1,1
2025-07-17,-168.0,2,TREND,1,1
2025-07-18,134.0,1,TREND,0,0
2025-07-21,-86.0,2,TREND,0,0
2025-07-22,38.0,1,TREND,0,0
2025-07-23,24.0,1,TREND,0,0
2025-07-24,194.0,1,TREND,2,2
2025-07-25,-18.0,2,TREND,0,0
2025-07-28,-174.0,2,TREND,1,1
2025-07-29,-40.0,1,TREND,0,0
2025-07-30,-108.0,2,TREND,0,0
2025-07-31,-168.0,2,TREND,0,0
2025-08-01,-44.0,3,TREND,1,1
2025-08-04,112.0,2,TREND,0,0
2025-08-05,180.0,1,TREND,0,0
2025-08-06,-28.0,1,TREND,0,0
2025-08-07,591.0,1,TREND,3,0
2025-08-08,10.0,3,TREND,0,0
2025-08-11,99.0,1,TREND,0,0
2025-08-12,-73.0,2,TREND,0,0
2025-08-13,60.0,1,TREND,0,0
2025-08-14,-112.0,2,TREND,0,0
2025-08-15,145.0,1,TREND,0,0
2025-08-18,-262.0,3,TREND,1,1
2025-08-19,-126.0,2,TREND,2,1
2025-08-20,187.0,2,TREND,1,0
2025-08-21,142.0,2,TREND,0,0
2025-08-22,405.0,2,TREND,1,0
2025-08-25,98.0,1,TREND,1,1
2025-08-26,-78.0,1,CHOP,2,0
2025-08-27,-38.0,1,TREND,0,0
2025-08-28,-14.0,1,CHOP,0,0
2025-08-29,-38.0,2,TREND,0,0
2025-09-01,86.0,2,TREND,0,0
2025-09-02,147.0,2,TREND,1,1
2025-09-03,71.0,1,TREND,0,0
2025-09-04,-132.0,2,TREND,0,0
2025-09-05,377.0,1,TREND,0,0
2025-09-08,-120.0,2,TREND,0,0
2025-09-09,-246.0,3,TREND,0,0
2025-09-10,-172.0,2,TREND,0,0
2025-09-11,375.0,1,TREND,1,1
2025-09-12,-130.0,2,TREND,0,0
2025-09-15,-128.0,2,TREND,0,0
2025-09-16,-110.0,2,TREND,1,1
2025-09-17,-38.0,1,TREND,0,0
2025-09-18,-135.0,2,TREND,5,2
2025-09-22,223.0,1,TREND,0,0
2025-09-23,-93.0,3,TREND,0,0
2025-09-24,-38.0,1,TREND,0,0
2025-09-25,-58.0,1,CHOP,0,0
2025-09-26,-80.0,2,TREND,2,2
2025-09-29,-20.0,1,TREND,0,0
2025-09-30,-246.0,3,TREND,0,0
2025-10-01,-130.0,2,TREND,1,0
2025-10-02,-50.0,2,TREND,0,0
2025-10-03,363.0,1,TREND,1,0
2025-10-06,99.0,1,TREND,0,0
2025-10-07,143.0,1,TREND,0,0
2025-10-08,-10.0,1,TREND,2,0
2025-10-09,116.0,1,TREND,0,0
2025-10-10,-332.0,3,TREND,0,0
2025-10-13,-196.0,2,TREND,0,0
2025-10-14,606.0,2,TREND,4,0
2025-10-15,76.0,1,TREND,1,0
2025-10-16,-122.0,3,TREND,0,0
2025-10-17,-340.0,3,TREND,1,1
2025-10-20,-140.0,2,TREND,0,0
2025-10-21,247.0,1,TREND,0,0
2025-10-22,-196.0,2,TREND,0,0
2025-10-23,-122.0,3,TREND,0,0
2025-10-24,-64.0,2,CHOP,0,0
2025-10-27,-130.0,2,TREND,0,0
2025-10-28,-306.0,2,TREND,0,0
2025-10-29,-82.0,2,TREND,1,1
2025-10-30,359.0,2,TREND,0,0
2025-10-31,-106.0,2,TREND,0,0
2025-11-03,98.0,1,TREND,0,0
2025-11-04,215.0,1,TREND,3,1
2025-11-05,122.0,1,TREND,1,1
2025-11-06,153.0,2,TREND,1,1
2025-11-07,-110.0,2,CHOP,0,0
2025-11-10,-18.0,2,TREND,0,0
2025-11-11,-392.0,3,TREND,0,0
2025-11-12,-130.0,2,TREND,1,1
2025-11-13,-108.0,2,TREND,0,0
2025-11-14,-366.0,3,TREND,1,0
2025-11-17,91.0,1,TREND,0,0
2025-11-18,-178.0,3,TREND,0,0
2025-11-19,-31.0,2,TREND,0,0
2025-11-20,-146.0,2,TREND,0,0
2025-11-21,-130.0,3,TREND,0,0
2025-11-24,-69.0,2,TREND,0,0
2025-11-25,70.0,2,TREND,0,0
2025-11-26,26.0,1,TREND,0,0
2025-11-27,14.0,1,CHOP,0,0
2025-11-28,236.0,1,TREND,1,0
2025-12-01,54.0,2,TREND,0,0
2025-12-02,-124.0,2,TREND,1,1
2025-12-03,-50.0,2,TREND,0,0
2025-12-04,87.0,2,TREND,0,0
2025-12-05,66.0,1,CHOP,0,0
2025-12-08,66.0,1,TREND,1,0
2025-12-09,-108.0,2,TREND,0,0
2025-12-10,118.0,1,TREND,0,0
2025-12-11,-58.0,2,TREND,1,1
2025-12-12,-8.0,2,TREND,1,1
2025-12-15,169.0,1,TREND,1,0
2025-12-16,-277.0,3,TREND,0,0
2025-12-17,-112.0,2,TREND,0,0
2025-12-18,-11.0,2,TREND,0,0
2025-12-22,-24.0,1,TREND,0,0
2025-12-23,52.0,1,TREND,0,0
2025-12-24,155.0,1,TREND,0,0
2025-12-26,-242.0,3,CHOP,0,0
2025-12-29,129.0,2,TREND,1,1
2025-12-30,0.0,0,TREND,1,0
2025-12-31,-122.0,2,TREND,1,1
2026-01-02,116.0,1,TREND,0,0
2026-01-05,255.0,1,CHOP,1,1
2026-01-06,94.0,1,TREND,1,0
2026-01-07,237.0,1,TREND,0,0
2026-01-08,304.0,1,TREND,3,1
2026-01-09,-340.0,3,TREND,0,0
2026-01-12,-188.0,2,TREND,0,0
2026-01-13,73.0,1,TREND,1,0
2026-01-14,-298.0,3,TREND,0,0
2026-01-15,82.0,1,TREND,0,0
2026-01-16,58.0,1,TREND,0,0
2026-01-19,-52.0,1,TREND,0,0
2026-01-20,-138.0,3,TREND,0,0
2026-01-21,314.0,1,TREND,0,0
2026-01-22,-18.0,1,TREND,0,0
2026-01-23,-128.0,2,CHOP,2,0
2026-01-26,-116.0,1,TREND,0,0
2026-01-27,28.0,1,TREND,0,0
2026-01-28,17.0,1,TREND,0,0
2026-01-29,-192.0,3,TREND,0,0
2026-01-30,-184.0,2,TREND,0,0
2026-02-02,-168.0,2,TREND,0,0
2026-02-03,-20.0,1,TREND,0,0
2026-02-04,-281.0,3,TREND,1,1
2026-02-05,-20.0,2,TREND,0,0
2026-02-06,174.0,1,TREND,2,2
2026-02-09,94.0,2,TREND,0,0
2026-02-10,85.0,1,TREND,0,0
2026-02-11,365.0,1,TREND,1,1
2026-02-12,-62.0,2,TREND,0,0
2026-02-13,-226.0,2,TREND,1,0
2026-02-16,-270.0,3,TREND,0,0
2026-02-17,106.0,1,CHOP,1,0
2026-02-18,80.0,2,TREND,0,0
2026-02-19,-94.0,2,TREND,0,0
2026-02-20,747.0,3,TREND,0,0
2026-02-23,652.0,1,TREND,2,0
2026-02-24,-10.0,1,TREND,1,0
2026-02-25,97.0,2,TREND,0,0
2026-02-26,105.0,1,TREND,0,0
2026-02-27,0.0,0,CHOP,4,0
2026-03-02,141.0,1,TREND,0,0
2026-03-03,-70.0,3,TREND,2,2
2026-03-04,82.0,1,TREND,1,1
2026-03-05,-125.0,3,TREND,1,1
2026-03-06,255.0,3,TREND,0,0
2026-03-09,-160.0,3,TREND,0,0
2026-03-10,15.0,2,TREND,0,0
2026-03-11,30.0,1,TREND,0,0
2026-03-12,-202.0,3,TREND,0,0
2026-03-13,-152.0,2,TREND,0,0
2026-03-16,-114.0,3,TREND,0,0
2026-03-17,99.0,1,TREND,0,0
2026-03-18,194.0,1,TREND,0,0
2026-03-19,143.0,2,TREND,1,1
2026-03-23,-214.0,4,TREND,0,0
2026-03-24,200.0,1,TREND,0,0
2026-03-25,167.0,3,TREND,0,0
2026-03-26,129.0,1,TREND,0,0
2026-03-27,-144.0,2,TREND,0,0
2026-03-30,70.0,2,TREND,0,0
2026-03-31,-10.0,2,TREND,0,0
2026-04-01,-58.0,2,TREND,0,0
2026-04-02,348.0,1,TREND,0,0
2026-04-06,-182.0,2,TREND,0,0
2026-04-07,-178.0,2,TREND,0,0
2026-04-08,-548.0,4,TREND,0,0
2026-04-09,-122.0,2,CHOP,0,0
2026-04-10,-58.0,2,TREND,0,0
2026-04-13,-284.0,3,TREND,0,0
2026-04-14,-134.0,2,TREND,0,0
2026-04-15,329.0,1,TREND,0,0
2026-04-16,182.0,1,TREND,0,0
2026-04-17,269.0,1,TREND,1,0
2026-04-20,38.0,1,CHOP,3,0
2026-04-21,156.0,2,TREND,0,0
2026-04-22,-234.0,2,TREND,0,0
2026-04-23,123.0,2,TREND,0,0
2026-04-24,-28.0,1,TREND,1,1
2026-04-27,-87.0,2,TREND,0,0
2026-04-28,186.0,2,TREND,1,0
2026-04-29,-95.0,2,TREND,0,0
2026-04-30,308.0,2,TREND,0,0
2026-05-01,123.0,1,TREND,0,0
2026-05-05,-284.0,3,TREND,0,0
2026-05-06,-22.0,1,TREND,0,0
2026-05-07,108.0,1,TREND,1,0
2026-05-08,-114.0,2,TREND,0,0
2026-05-11,-288.0,3,TREND,0,0
2026-05-12,-170.0,2,TREND,0,0
2026-05-15,-96.0,3,TREND,0,0
