date,baseline_pl,experiment_pl,baseline_trades,experiment_trades,blocked,day_type,first_trade_holds
2023-12-19,-78.0,-10.0,3,1,0,CHOP,0
2024-01-10,-510.0,0.0,3,1,0,CHOP,0
2024-02-13,117.0,76.0,1,1,0,CHOP,0
2024-02-22,50.0,30.0,1,1,0,CHOP,0
2024-02-26,-108.0,-108.0,2,1,0,CHOP,0
2024-02-27,54.0,-40.0,1,1,0,CHOP,0
2024-02-28,50.0,48.0,1,1,0,CHOP,0
2024-02-29,64.0,109.0,1,1,0,CHOP,0
2024-03-01,17.0,-33.0,2,2,0,CHOP,0
2024-03-04,54.0,28.0,1,1,0,CHOP,0
2024-03-05,-410.0,-342.0,3,2,0,CHOP,0
2024-03-06,-276.0,-34.0,3,1,0,CHOP,0
2024-03-07,-283.0,-16.0,3,1,0,CHOP,0
2024-03-08,-66.0,24.0,2,1,0,CHOP,0
2024-03-11,-42.0,104.0,4,1,0,CHOP,0
2024-03-12,-320.0,106.0,2,1,0,CHOP,0
2024-03-13,26.0,98.0,2,1,0,CHOP,0
2024-03-14,227.0,62.0,2,1,0,CHOP,0
2024-03-15,11.0,-136.0,3,1,2,CHOP,2
2024-03-18,-418.0,-232.0,3,2,0,CHOP,0
2024-03-19,64.0,4.0,1,1,0,CHOP,0
2024-03-20,257.0,90.0,7,1,4,CHOP,2
2024-03-21,-61.0,91.0,2,1,0,CHOP,0
2024-03-22,55.0,55.0,1,1,0,CHOP,0
2024-03-25,50.0,-24.0,1,1,0,CHOP,0
2024-03-26,-218.0,0.0,2,0,0,CHOP,0
2024-03-27,-548.0,-182.0,5,1,1,CHOP,0
2024-03-28,-184.0,54.0,2,1,0,CHOP,0
2024-04-01,55.0,55.0,1,1,0,TREND,0
2024-04-02,50.0,-70.0,1,1,0,CHOP,0
2024-04-03,34.0,102.0,2,1,0,CHOP,0
2024-04-04,61.0,108.0,1,1,0,CHOP,0
2024-04-05,66.0,-62.0,1,1,0,CHOP,0
2024-04-08,-186.0,-306.0,2,2,0,CHOP,0
2024-04-09,394.0,221.0,2,2,0,CHOP,0
2024-04-10,-508.0,0.0,3,0,0,CHOP,0
2024-04-11,-139.0,93.0,2,1,0,CHOP,0
2024-04-12,-164.0,-152.0,2,2,0,CHOP,0
2024-04-15,51.0,51.0,1,1,0,CHOP,0
2024-04-16,177.0,70.0,4,1,2,CHOP,2
2024-04-17,-308.0,-246.0,4,2,0,CHOP,0
2024-04-18,-6.0,111.0,2,1,0,CHOP,0
2024-04-19,101.0,-40.0,3,2,2,CHOP,2
2024-04-22,-259.0,0.0,4,0,1,CHOP,0
2024-04-23,-57.0,-14.0,3,2,0,CHOP,0
2024-04-24,-278.0,-88.0,3,1,0,CHOP,0
2024-04-25,4.0,90.0,2,1,0,CHOP,0
2024-04-26,223.0,237.0,3,2,0,CHOP,0
2024-04-29,77.0,0.0,1,0,0,CHOP,0
2024-04-30,-370.0,-288.0,3,2,0,CHOP,0
2024-05-01,196.0,0.0,3,0,0,CHOP,0
2024-05-02,-64.0,1.0,2,1,0,CHOP,0
2024-05-03,53.0,102.0,1,1,0,CHOP,0
2024-05-06,51.0,26.0,1,1,0,CHOP,0
2024-05-07,-38.0,52.0,2,1,0,CHOP,0
2024-05-08,54.0,-20.0,1,1,0,CHOP,0
2024-05-09,54.0,54.0,1,1,0,CHOP,0
2024-05-10,57.0,0.0,1,0,0,CHOP,0
2024-05-13,51.0,0.0,1,0,0,CHOP,0
2024-05-14,-28.0,-42.0,3,1,1,CHOP,0
2024-05-15,-178.0,-46.0,2,1,0,CHOP,0
2024-05-16,-189.0,-130.0,7,3,2,CHOP,2
2024-05-17,54.0,0.0,1,0,0,CHOP,0
2024-05-20,-205.0,70.0,3,1,1,CHOP,0
2024-05-21,0.0,-4.0,1,1,0,CHOP,0
2024-05-22,138.0,-20.0,3,1,0,CHOP,0
2024-05-23,232.0,262.0,3,3,0,CHOP,0
2024-05-24,-206.0,-42.0,2,1,0,CHOP,0
2024-05-27,-52.0,2.0,2,1,0,CHOP,0
2024-05-28,-111.0,-212.0,2,2,0,CHOP,0
2024-05-29,27.0,-38.0,9,1,0,CHOP,0
2024-05-30,-66.0,48.0,2,1,0,CHOP,0
2024-05-31,-469.0,8.0,3,1,0,CHOP,0
2024-06-03,63.0,86.0,1,1,0,CHOP,0
2024-06-04,73.0,103.0,1,1,0,CHOP,0
2024-06-05,-242.0,-276.0,6,3,3,CHOP,2
2024-06-06,219.0,219.0,2,2,0,CHOP,0
2024-06-07,54.0,98.0,1,1,0,CHOP,0
2024-06-10,-227.0,-78.0,2,1,0,CHOP,0
2024-06-11,-207.0,0.0,3,1,0,CHOP,0
2024-06-12,59.0,103.0,1,1,0,CHOP,0
2024-06-13,-48.0,89.0,2,1,0,CHOP,0
2024-06-14,-280.0,90.0,3,1,0,CHOP,0
2024-06-17,50.0,-84.0,1,1,0,CHOP,0
2024-06-18,0.0,-30.0,1,1,0,CHOP,0
2024-06-19,0.0,44.0,1,1,0,CHOP,0
2024-06-20,68.0,115.0,1,1,0,CHOP,0
2024-06-24,314.0,20.0,4,3,2,CHOP,2
2024-06-25,66.0,68.0,1,1,0,CHOP,0
2024-06-26,50.0,0.0,1,0,0,CHOP,0
2024-06-27,-65.0,14.0,2,1,0,CHOP,0
2024-06-28,-625.0,-126.0,2,1,0,CHOP,0
2024-07-01,-109.0,-374.0,4,2,3,CHOP,2
2024-07-02,53.0,0.0,1,0,0,CHOP,0
2024-07-03,55.0,-14.0,1,1,0,CHOP,0
2024-07-04,-22.0,0.0,5,3,6,CHOP,6
2024-07-05,-597.0,-352.0,3,2,0,CHOP,0
2024-07-08,-423.0,-280.0,2,1,0,CHOP,0
2024-07-09,-249.0,-152.0,4,3,2,CHOP,2
2024-07-10,58.0,0.0,1,0,0,CHOP,0
2024-07-11,54.0,52.0,1,1,0,CHOP,0
2024-07-12,104.0,72.0,3,1,0,CHOP,0
2024-07-15,133.0,172.0,3,2,0,CHOP,0
2024-07-16,328.0,444.0,5,2,0,CHOP,0
2024-07-17,54.0,97.0,1,1,0,CHOP,0
2024-07-18,173.0,104.0,5,1,0,CHOP,0
2024-07-19,66.0,34.0,1,1,0,CHOP,0
2024-07-22,-15.0,61.0,2,1,0,CHOP,0
2024-07-23,-76.0,26.0,2,1,0,CHOP,0
2024-07-24,222.0,295.0,7,2,4,CHOP,4
2024-07-25,380.0,137.0,5,3,0,CHOP,0
2024-07-26,-54.0,93.0,5,1,4,CHOP,4
2024-07-29,0.0,0.0,1,0,0,CHOP,0
2024-07-30,279.0,94.0,4,2,0,CHOP,0
2024-07-31,301.0,7.0,4,2,0,CHOP,0
2024-08-01,355.0,97.0,5,3,2,CHOP,2
2024-08-02,82.0,167.0,6,2,0,CHOP,0
2024-08-05,-41.0,-5.0,3,1,2,CHOP,2
2024-08-06,235.0,101.0,3,3,2,CHOP,2
2024-08-07,176.0,69.0,4,1,0,CHOP,0
2024-08-08,2.0,65.0,3,1,2,CHOP,2
2024-08-09,-248.0,-436.0,2,2,0,CHOP,0
2024-08-12,151.0,24.0,2,1,0,CHOP,0
2024-08-13,-508.0,-434.0,5,2,0,CHOP,0
2024-08-14,-448.0,-8.0,3,1,0,CHOP,0
2024-08-15,252.0,201.0,2,2,0,CHOP,0
2024-08-16,-626.0,-336.0,6,3,0,CHOP,0
2024-08-19,88.0,-26.0,2,1,0,CHOP,0
2024-08-20,-228.0,0.0,2,0,0,CHOP,0
2024-08-21,-440.0,14.0,4,1,0,CHOP,0
2024-08-22,232.0,100.0,3,1,2,CHOP,0
2024-08-23,-686.0,1.0,5,3,0,CHOP,0
2024-08-26,9.0,74.0,2,1,0,CHOP,0
2024-08-27,-222.0,-8.0,2,1,0,CHOP,0
2024-08-28,57.0,3.0,2,1,0,CHOP,0
2024-08-29,-619.0,-494.0,4,1,0,CHOP,0
2024-08-30,-115.0,-76.0,3,1,0,CHOP,0
2024-09-02,-74.0,10.0,4,1,0,CHOP,0
2024-09-03,-106.0,56.0,2,1,0,TREND,0
2024-09-04,-128.0,16.0,2,1,0,CHOP,0
2024-09-05,106.0,0.0,2,0,0,CHOP,0
2024-09-06,63.0,101.0,1,1,0,CHOP,0
2024-09-09,61.0,110.0,1,1,0,CHOP,0
2024-09-10,65.0,114.0,1,1,0,CHOP,0
2024-09-11,-1326.0,43.0,9,3,6,CHOP,6
2024-09-12,-59.0,72.0,2,1,0,CHOP,0
2024-09-13,56.0,102.0,1,1,0,CHOP,0
2024-09-16,-324.0,-384.0,2,1,0,CHOP,0
2024-09-17,-516.0,-242.0,3,2,0,CHOP,0
2024-09-18,43.0,-72.0,3,1,0,CHOP,0
2024-09-19,-217.0,-34.0,3,1,0,CHOP,0
2024-09-23,5.0,-176.0,2,1,2,CHOP,2
2024-09-24,-558.0,-44.0,3,1,0,CHOP,0
2024-09-25,-123.0,115.0,4,1,2,CHOP,0
2024-09-26,-412.0,40.0,4,1,2,CHOP,2
2024-09-27,60.0,105.0,1,1,0,CHOP,0
2024-09-30,153.0,0.0,4,0,2,CHOP,0
2024-10-01,-610.0,58.0,2,1,0,CHOP,0
2024-10-02,55.0,0.0,1,0,0,CHOP,0
2024-10-03,-108.0,-529.0,2,2,0,CHOP,0
2024-10-04,-109.0,102.0,2,1,0,CHOP,0
2024-10-07,-11.0,27.0,2,1,0,CHOP,0
2024-10-08,52.0,0.0,1,0,0,CHOP,0
2024-10-09,96.0,-15.0,3,1,2,CHOP,2
2024-10-10,0.0,0.0,1,0,0,CHOP,0
2024-10-11,54.0,99.0,1,1,0,CHOP,0
2024-10-14,198.0,70.0,5,1,0,CHOP,0
2024-10-15,-70.0,-230.0,4,1,3,CHOP,2
2024-10-16,51.0,51.0,1,1,0,CHOP,0
2024-10-17,-30.0,-16.0,2,1,0,CHOP,0
2024-10-18,-357.0,-106.0,2,1,0,CHOP,0
2024-10-21,-32.0,50.0,3,1,0,CHOP,0
2024-10-22,-39.0,-70.0,4,2,0,CHOP,0
2024-10-23,35.0,42.0,2,1,0,CHOP,0
2024-10-24,50.0,-134.0,1,1,0,CHOP,0
2024-10-25,92.0,-92.0,3,1,0,CHOP,0
2024-10-28,14.0,-4.0,4,1,1,CHOP,0
2024-10-29,-79.0,-140.0,3,3,2,CHOP,2
2024-10-30,-18.0,3.0,5,3,2,CHOP,2
2024-10-31,53.0,52.0,1,1,0,CHOP,0
2024-11-01,208.0,141.0,3,2,0,CHOP,0
2024-11-04,61.0,0.0,1,0,0,CHOP,0
2024-11-05,70.0,70.0,1,1,0,CHOP,0
2024-11-06,261.0,-334.0,3,2,2,CHOP,2
2024-11-07,0.0,-58.0,1,1,0,CHOP,0
2024-11-08,163.0,146.0,3,2,0,CHOP,0
2024-11-11,-1.0,-120.0,4,1,2,CHOP,2
2024-11-12,52.0,52.0,1,1,0,TREND,0
2024-11-13,-91.0,63.0,5,1,1,CHOP,0
2024-11-14,116.0,60.0,3,2,2,CHOP,2
2024-11-15,53.0,94.0,1,1,0,CHOP,0
2024-11-18,-212.0,-108.0,2,1,0,CHOP,0
2024-11-19,32.0,-320.0,2,2,1,CHOP,0
2024-11-20,-45.0,106.0,2,1,0,CHOP,0
2024-11-21,245.0,-300.0,3,1,0,CHOP,0
2024-11-22,224.0,-254.0,2,1,0,CHOP,0
2024-11-25,56.0,0.0,1,0,0,CHOP,0
2024-11-26,-78.0,94.0,6,1,2,CHOP,2
2024-11-27,83.0,0.0,3,0,0,CHOP,0
2024-11-28,-21.0,-74.0,2,2,0,CHOP,0
2024-11-29,52.0,0.0,1,0,0,CHOP,0
2024-12-02,-94.0,114.0,4,1,2,CHOP,2
2024-12-03,182.0,66.0,3,1,2,CHOP,2
2024-12-04,-92.0,98.0,2,1,0,CHOP,0
2024-12-05,51.0,0.0,1,0,0,CHOP,0
2024-12-06,52.0,-2.0,1,1,0,CHOP,0
2024-12-09,52.0,-36.0,1,1,0,CHOP,0
2024-12-10,-256.0,12.0,2,1,0,CHOP,0
2024-12-11,146.0,252.0,5,2,2,CHOP,2
2024-12-12,-62.0,-256.0,4,2,2,CHOP,2
2024-12-13,-191.0,65.0,2,1,0,CHOP,0
2024-12-16,32.0,67.0,2,1,0,CHOP,0
2024-12-17,50.0,-62.0,1,1,0,CHOP,0
2024-12-18,963.0,97.0,6,1,0,CHOP,0
2024-12-19,100.0,46.0,5,3,0,CHOP,0
2024-12-23,304.0,320.0,2,2,0,CHOP,0
2024-12-24,55.0,69.0,1,1,0,TREND,0
2024-12-26,-137.0,-196.0,4,1,2,CHOP,2
2024-12-27,75.0,-240.0,6,3,0,CHOP,0
2024-12-30,-549.0,-114.0,8,3,4,CHOP,4
2024-12-31,-387.0,-70.0,3,1,0,CHOP,0
2025-01-02,-376.0,-351.0,5,2,0,CHOP,0
2025-01-03,-347.0,28.0,3,1,0,CHOP,0
2025-01-06,-83.0,106.0,6,1,2,CHOP,2
2025-01-07,51.0,124.0,1,1,0,TREND,0
2025-01-08,300.0,135.0,3,2,0,CHOP,0
2025-01-10,135.0,117.0,2,1,0,TREND,0
2025-01-13,74.0,86.0,1,1,0,CHOP,0
2025-01-14,-99.0,22.0,4,1,0,CHOP,0
2025-01-15,-786.0,-16.0,3,1,0,CHOP,0
2025-01-16,57.0,82.0,1,1,0,CHOP,0
2025-01-17,3.0,0.0,7,1,2,CHOP,2
2025-01-20,67.0,90.0,2,1,0,CHOP,0
2025-01-21,241.0,105.0,2,1,0,CHOP,0
2025-01-22,-494.0,0.0,3,0,1,CHOP,0
2025-01-23,53.0,-114.0,1,1,0,CHOP,0
2025-01-24,-437.0,-54.0,3,1,0,CHOP,0
2025-01-27,50.0,-4.0,1,1,0,CHOP,0
2025-01-28,-478.0,-191.0,3,2,0,CHOP,0
2025-01-29,-139.0,-76.0,2,1,0,CHOP,0
2025-01-30,7.0,16.0,3,1,0,CHOP,0
2025-01-31,240.0,156.0,5,2,0,CHOP,0
2025-02-03,-319.0,-490.0,3,2,0,CHOP,0
2025-02-04,-6.0,-60.0,2,1,1,CHOP,0
2025-02-05,28.0,231.0,3,2,0,CHOP,0
2025-02-06,386.0,228.0,3,2,0,CHOP,0
2025-02-07,-442.0,-181.0,3,2,0,CHOP,0
2025-02-10,41.0,0.0,2,0,0,CHOP,0
2025-02-11,56.0,-142.0,1,1,1,CHOP,0
2025-02-12,-332.0,-304.0,2,1,0,CHOP,0
2025-02-13,174.0,0.0,3,0,0,CHOP,0
2025-02-14,29.0,-244.0,2,2,0,CHOP,0
2025-02-17,-124.0,6.0,3,1,0,CHOP,0
2025-02-18,-962.0,-114.0,4,1,0,CHOP,0
2025-02-19,-954.0,-40.0,5,1,0,CHOP,0
2025-02-20,423.0,318.0,6,2,1,CHOP,0
2025-02-21,470.0,106.0,3,1,0,CHOP,0
2025-02-24,-87.0,76.0,2,1,0,CHOP,0
2025-02-25,-120.0,136.0,4,3,4,CHOP,4
2025-02-26,-666.0,-15.0,6,3,6,CHOP,6
2025-02-27,-80.0,104.0,2,1,0,CHOP,0
2025-02-28,-640.0,129.0,10,1,0,CHOP,0
2025-03-03,-365.0,110.0,4,1,2,CHOP,2
2025-03-04,-81.0,98.0,2,1,0,CHOP,0
2025-03-05,-477.0,0.0,10,0,0,CHOP,0
2025-03-06,-678.0,-397.0,5,4,2,CHOP,2
2025-03-07,162.0,304.0,4,2,0,CHOP,0
2025-03-10,-680.0,-194.0,4,1,0,CHOP,0
2025-03-11,-332.0,-536.0,2,2,2,CHOP,2
2025-03-12,-290.0,-163.0,7,3,0,CHOP,0
2025-03-13,-546.0,-394.0,9,2,0,CHOP,0
2025-03-14,312.0,-182.0,4,1,0,CHOP,0
2025-03-17,-12.0,0.0,3,0,1,CHOP,0
2025-03-18,52.0,-126.0,1,1,0,CHOP,0
2025-03-19,-58.0,50.0,3,1,0,CHOP,0
2025-03-20,243.0,196.0,3,3,2,CHOP,2
2025-03-24,50.0,12.0,1,1,0,CHOP,0
2025-03-25,58.0,-132.0,1,1,0,CHOP,0
2025-03-26,187.0,0.0,4,0,0,CHOP,0
2025-03-27,-319.0,119.0,4,2,0,CHOP,0
2025-03-28,-207.0,55.0,2,1,0,TREND,0
2025-03-31,656.0,107.0,6,1,2,CHOP,2
2025-04-01,-203.0,103.0,6,1,0,CHOP,0
2025-04-02,173.0,283.0,6,2,2,CHOP,2
2025-04-03,324.0,35.0,4,3,2,CHOP,2
2025-04-04,-12.0,-538.0,6,2,0,CHOP,0
2025-04-07,85.0,-1019.0,3,2,0,CHOP,0
2025-04-08,54.0,57.0,13,1,2,CHOP,2
2025-04-09,158.0,-73.0,6,1,2,CHOP,2
2025-04-10,727.0,21.0,7,1,1,CHOP,0
2025-04-11,1214.0,-220.0,5,1,2,CHOP,2
2025-04-14,332.0,-228.0,6,1,2,CHOP,2
2025-04-15,-195.0,-266.0,4,1,0,CHOP,0
2025-04-16,-528.0,211.0,9,2,4,CHOP,4
2025-04-17,-370.0,-170.0,3,2,0,CHOP,0
2025-04-21,510.0,759.0,7,2,2,CHOP,2
2025-04-22,232.0,71.0,2,1,0,CHOP,0
2025-04-23,-420.0,0.0,3,0,0,CHOP,0
2025-04-24,54.0,54.0,1,1,0,TREND,0
2025-04-25,200.0,105.0,5,1,0,CHOP,0
2025-04-28,-46.0,-84.0,4,1,2,CHOP,2
2025-04-29,-562.0,-422.0,3,2,0,CHOP,0
2025-04-30,106.0,-200.0,2,1,2,CHOP,2
2025-05-01,11.0,-57.0,7,3,0,CHOP,0
2025-05-02,-20.0,-5.0,2,1,0,CHOP,0
2025-05-05,75.0,125.0,1,1,0,CHOP,0
2025-05-06,-381.0,-192.0,3,2,0,CHOP,0
2025-05-07,-852.0,-6.0,5,1,0,CHOP,0
2025-05-08,264.0,16.0,6,1,0,CHOP,0
2025-05-09,62.0,52.0,1,1,0,CHOP,0
2025-05-12,-57.0,93.0,2,1,0,CHOP,0
2025-05-13,41.0,47.0,2,1,0,CHOP,0
2025-05-14,85.0,-140.0,3,1,3,CHOP,2
2025-05-15,56.0,-106.0,1,1,0,CHOP,0
2025-05-16,66.0,-48.0,1,1,0,CHOP,0
2025-05-19,141.0,60.0,3,2,4,CHOP,4
2025-05-20,-7.0,-2.0,2,1,0,CHOP,0
2025-05-21,-171.0,-122.0,2,1,0,CHOP,0
2025-05-22,-259.0,-178.0,5,1,0,CHOP,0
2025-05-23,57.0,95.0,1,1,0,CHOP,0
2025-05-26,-154.0,-204.0,4,3,0,CHOP,0
2025-05-27,329.0,84.0,4,1,0,CHOP,0
2025-05-28,-161.0,70.0,2,1,0,CHOP,0
2025-05-29,-423.0,-500.0,3,2,0,CHOP,0
2025-05-30,125.0,102.0,3,1,0,CHOP,0
2025-06-02,7.0,50.0,2,1,0,CHOP,0
2025-06-03,-192.0,-182.0,2,1,0,CHOP,0
2025-06-04,51.0,0.0,1,0,0,CHOP,0
2025-06-05,-184.0,-2.0,4,1,0,CHOP,0
2025-06-06,-58.0,-192.0,2,1,0,CHOP,0
2025-06-09,-38.0,-78.0,2,1,1,CHOP,0
2025-06-10,-398.0,-80.0,4,1,0,CHOP,0
2025-06-11,-59.0,91.0,2,1,0,CHOP,0
2025-06-12,82.0,125.0,1,1,0,CHOP,0
2025-06-13,-814.0,-27.0,5,3,2,CHOP,2
2025-06-16,57.0,106.0,1,1,0,CHOP,0
2025-06-17,228.0,91.0,4,1,1,CHOP,0
2025-06-18,335.0,229.0,4,2,0,CHOP,0
2025-06-19,68.0,92.0,1,1,0,CHOP,0
2025-06-23,270.0,92.0,8,1,2,CHOP,2
2025-06-24,-502.0,8.0,5,1,2,CHOP,2
2025-06-25,69.0,32.0,1,1,0,CHOP,0
2025-06-26,51.0,0.0,1,0,0,CHOP,0
2025-06-27,58.0,102.0,1,1,0,CHOP,0
2025-06-30,-521.0,-26.0,4,1,0,CHOP,0
2025-07-01,235.0,60.0,2,1,0,CHOP,0
2025-07-02,-322.0,0.0,2,0,1,CHOP,0
2025-07-03,113.0,53.0,3,1,2,TREND,2
2025-07-04,-210.0,10.0,5,2,0,CHOP,0
2025-07-07,52.0,92.0,1,1,0,CHOP,0
2025-07-08,-186.0,-278.0,2,2,0,CHOP,0
2025-07-09,12.0,-203.0,2,2,0,CHOP,0
2025-07-10,-121.0,51.0,4,1,2,CHOP,2
2025-07-11,-252.0,-280.0,2,2,0,CHOP,0
2025-07-14,58.0,-142.0,1,1,0,CHOP,0
2025-07-15,83.0,92.0,2,1,1,CHOP,0
2025-07-16,-266.0,-6.0,4,1,2,CHOP,2
2025-07-17,140.0,-302.0,4,1,2,CHOP,2
2025-07-18,66.0,66.0,1,1,0,CHOP,0
2025-07-21,-279.0,-166.0,3,2,0,CHOP,0
2025-07-22,61.0,0.0,1,0,0,CHOP,0
2025-07-23,185.0,24.0,3,1,0,CHOP,0
2025-07-24,-198.0,106.0,7,1,4,CHOP,4
2025-07-25,-14.0,6.0,2,1,0,CHOP,0
2025-07-28,-526.0,-230.0,5,2,2,CHOP,2
2025-07-29,58.0,-40.0,1,1,0,CHOP,0
2025-07-30,-327.0,-200.0,4,2,0,CHOP,0
2025-07-31,-514.0,-92.0,3,1,0,CHOP,0
2025-08-01,199.0,-3.0,3,1,2,CHOP,2
2025-08-04,251.0,91.0,4,1,0,CHOP,0
2025-08-05,-239.0,99.0,2,1,0,CHOP,0
2025-08-06,-284.0,-28.0,2,1,1,CHOP,0
2025-08-07,430.0,415.0,5,2,0,CHOP,0
2025-08-08,-282.0,-138.0,3,2,0,CHOP,0
2025-08-11,413.0,99.0,2,1,0,CHOP,0
2025-08-12,-552.0,-255.0,3,2,0,CHOP,0
2025-08-13,58.0,60.0,1,1,0,CHOP,0
2025-08-14,-560.0,-48.0,4,1,0,CHOP,0
2025-08-15,50.0,100.0,1,1,0,CHOP,0
2025-08-18,-207.0,-264.0,4,2,2,CHOP,2
2025-08-19,-361.0,110.0,4,2,0,CHOP,0
2025-08-20,160.0,135.0,3,3,0,CHOP,0
2025-08-21,23.0,115.0,2,1,1,CHOP,0
2025-08-22,582.0,490.0,3,2,2,CHOP,2
2025-08-25,37.0,98.0,3,1,2,CHOP,2
2025-08-26,62.0,-78.0,1,1,0,CHOP,0
2025-08-27,-55.0,-38.0,3,1,0,CHOP,0
2025-08-28,19.0,-14.0,2,1,0,CHOP,0
2025-08-29,-201.0,-104.0,3,2,2,CHOP,2
2025-09-01,51.0,84.0,1,1,0,CHOP,0
2025-09-02,-417.0,98.0,4,1,2,CHOP,2
2025-09-03,54.0,71.0,1,1,1,CHOP,0
2025-09-04,392.0,22.0,2,1,0,CHOP,0
2025-09-05,371.0,67.0,3,1,0,TREND,0
2025-09-08,-197.0,-178.0,2,1,0,CHOP,0
2025-09-09,-674.0,-386.0,4,2,0,CHOP,0
2025-09-10,-391.0,-204.0,3,1,0,CHOP,0
2025-09-11,-160.0,71.0,3,1,2,CHOP,2
2025-09-12,60.0,6.0,1,1,0,CHOP,0
2025-09-15,-496.0,-2.0,5,1,0,CHOP,0
2025-09-16,66.0,98.0,1,1,0,CHOP,0
2025-09-17,-86.0,0.0,3,0,0,CHOP,0
2025-09-18,-55.0,-230.0,8,4,12,CHOP,12
2025-09-22,-160.0,62.0,2,1,0,TREND,0
2025-09-23,-70.0,13.0,2,1,0,CHOP,0
2025-09-24,65.0,-38.0,1,1,0,CHOP,0
2025-09-25,-453.0,-58.0,3,1,0,CHOP,0
2025-09-26,-344.0,-360.0,6,2,4,CHOP,4
2025-09-29,54.0,-20.0,1,1,0,CHOP,0
2025-09-30,-255.0,-168.0,3,2,0,CHOP,0
2025-10-01,51.0,0.0,1,0,0,CHOP,0
2025-10-02,-792.0,-232.0,5,2,0,CHOP,0
2025-10-03,328.0,288.0,3,2,0,CHOP,0
2025-10-06,82.0,99.0,3,1,0,CHOP,0
2025-10-07,54.0,54.0,1,1,0,TREND,0
2025-10-08,-455.0,0.0,3,0,0,CHOP,0
2025-10-09,66.0,116.0,1,1,0,CHOP,0
2025-10-10,269.0,-420.0,4,2,0,CHOP,0
2025-10-13,51.0,-276.0,1,1,0,CHOP,0
2025-10-14,141.0,-267.0,8,3,0,CHOP,0
2025-10-15,251.0,236.0,2,2,0,CHOP,0
2025-10-16,-120.0,-144.0,5,2,0,CHOP,0
2025-10-17,-1048.0,-14.0,6,1,3,CHOP,2
2025-10-20,50.0,94.0,1,1,0,CHOP,0
2025-10-21,51.0,51.0,1,1,0,CHOP,0
2025-10-22,54.0,28.0,1,1,0,CHOP,0
2025-10-23,-425.0,-206.0,3,2,0,CHOP,0
2025-10-24,53.0,19.0,1,1,0,CHOP,0
2025-10-27,-234.0,-130.0,2,1,0,CHOP,0
2025-10-28,-534.0,-268.0,3,1,0,CHOP,0
2025-10-29,-465.0,-32.0,5,1,2,CHOP,2
2025-10-30,226.0,113.0,2,1,0,CHOP,0
2025-10-31,-610.0,-150.0,4,1,0,CHOP,0
2025-11-03,58.0,98.0,1,1,0,CHOP,0
2025-11-04,74.0,-22.0,6,3,6,CHOP,6
2025-11-05,43.0,122.0,4,1,3,CHOP,2
2025-11-06,53.0,77.0,3,1,2,TREND,2
2025-11-07,-841.0,16.0,4,1,0,CHOP,0
2025-11-10,-59.0,36.0,2,1,0,CHOP,0
2025-11-11,59.0,97.0,1,1,0,CHOP,0
2025-11-12,71.0,82.0,1,1,0,CHOP,0
2025-11-13,52.0,-22.0,1,1,0,CHOP,0
2025-11-14,-356.0,-354.0,2,1,0,CHOP,0
2025-11-17,595.0,0.0,6,0,0,CHOP,0
2025-11-18,-627.0,-454.0,3,2,0,CHOP,0
2025-11-19,-31.0,95.0,2,1,0,CHOP,0
2025-11-20,335.0,46.0,8,1,0,CHOP,0
2025-11-21,668.0,-205.0,4,2,0,CHOP,0
2025-11-24,117.0,-162.0,4,2,1,CHOP,0
2025-11-25,515.0,-51.0,6,1,0,CHOP,0
2025-11-26,52.0,0.0,1,0,0,CHOP,0
2025-11-27,-62.0,-8.0,2,1,0,CHOP,0
2025-11-28,145.0,205.0,3,2,0,CHOP,0
2025-12-01,18.0,-7.0,2,2,0,CHOP,0
2025-12-02,-413.0,-222.0,4,1,2,CHOP,2
2025-12-03,60.0,108.0,1,1,0,CHOP,0
2025-12-04,211.0,40.0,2,1,0,CHOP,0
2025-12-05,-7.0,66.0,2,1,0,CHOP,0
2025-12-08,85.0,0.0,3,0,1,CHOP,0
2025-12-09,-302.0,-144.0,4,1,0,CHOP,0
2025-12-10,715.0,118.0,5,1,0,CHOP,0
2025-12-11,472.0,89.0,6,1,2,CHOP,2
2025-12-12,313.0,-102.0,4,2,2,CHOP,2
2025-12-15,210.0,117.0,3,2,4,CHOP,4
2025-12-16,54.0,100.0,1,1,0,CHOP,0
2025-12-17,-423.0,-114.0,8,1,0,CHOP,0
2025-12-18,-593.0,-58.0,8,1,0,CHOP,0
2025-12-22,55.0,0.0,1,0,0,CHOP,0
2025-12-23,18.0,52.0,2,1,1,CHOP,0
2025-12-24,58.0,58.0,1,1,0,CHOP,0
2025-12-26,-200.0,-344.0,4,2,0,CHOP,0
2025-12-29,26.0,105.0,3,1,2,CHOP,2
2025-12-30,0.0,0.0,0,0,0,CHOP,0
2025-12-31,13.0,50.0,4,1,2,CHOP,2
2026-01-02,-182.0,0.0,2,0,1,CHOP,0
2026-01-05,131.0,56.0,5,1,2,CHOP,2
2026-01-06,299.0,154.0,7,2,0,CHOP,0
2026-01-07,350.0,367.0,5,2,0,CHOP,0
2026-01-08,-10.0,-106.0,5,3,2,CHOP,2
2026-01-09,-54.0,-154.0,2,2,0,CHOP,0
2026-01-12,51.0,-130.0,1,1,0,CHOP,0
2026-01-13,-87.0,260.0,5,2,4,CHOP,2
2026-01-14,77.0,120.0,1,1,0,CHOP,0
2026-01-15,51.0,82.0,1,1,0,CHOP,0
2026-01-16,-50.0,58.0,3,1,0,CHOP,0
2026-01-19,-77.0,-52.0,2,1,0,CHOP,0
2026-01-20,-848.0,-641.0,4,3,0,CHOP,0
2026-01-21,60.0,106.0,1,1,0,CHOP,0
2026-01-22,-205.0,-18.0,2,1,0,CHOP,0
2026-01-23,50.0,-160.0,1,1,0,CHOP,0
2026-01-26,57.0,-116.0,1,1,0,CHOP,0
2026-01-27,-888.0,28.0,3,1,0,CHOP,0
2026-01-28,-590.0,17.0,4,1,1,CHOP,0
2026-01-29,587.0,401.0,5,2,0,CHOP,0
2026-01-30,59.0,98.0,3,1,0,CHOP,0
2026-02-02,417.0,68.0,6,1,0,CHOP,0
2026-02-03,-544.0,0.0,2,0,0,CHOP,0
2026-02-04,-680.0,-44.0,7,1,2,CHOP,2
2026-02-05,-330.0,-282.0,2,2,0,CHOP,0
2026-02-06,-165.0,117.0,9,1,4,CHOP,4
2026-02-09,-41.0,6.0,2,2,0,CHOP,0
2026-02-10,-59.0,85.0,2,1,0,CHOP,0
2026-02-11,164.0,50.0,4,1,2,CHOP,2
2026-02-12,58.0,-90.0,1,1,0,CHOP,0
2026-02-13,-94.0,90.0,6,1,0,CHOP,0
2026-02-16,-283.0,-330.0,5,2,0,CHOP,0
2026-02-17,334.0,148.0,3,2,0,CHOP,0
2026-02-18,65.0,50.0,1,1,0,CHOP,0
2026-02-19,175.0,-178.0,2,1,0,CHOP,0
2026-02-20,154.0,436.0,2,1,0,CHOP,0
2026-02-23,397.0,23.0,6,3,4,CHOP,4
2026-02-24,377.0,0.0,3,0,1,CHOP,0
2026-02-25,-42.0,77.0,2,1,0,CHOP,0
2026-02-26,58.0,105.0,1,1,0,CHOP,0
2026-02-27,169.0,0.0,1,0,1,CHOP,0
2026-03-02,102.0,141.0,1,1,0,CHOP,0
2026-03-03,349.0,161.0,3,2,0,CHOP,0
2026-03-04,401.0,82.0,4,1,3,CHOP,2
2026-03-05,-103.0,82.0,3,1,2,CHOP,2
2026-03-06,-556.0,-600.0,2,2,0,CHOP,0
2026-03-09,-155.0,74.0,2,1,0,CHOP,0
2026-03-10,70.0,-94.0,6,1,0,CHOP,0
2026-03-11,413.0,30.0,4,1,0,CHOP,0
2026-03-12,-689.0,-306.0,6,2,0,CHOP,0
2026-03-13,-259.0,-452.0,4,2,0,CHOP,0
2026-03-16,-285.0,-24.0,5,1,0,CHOP,0
2026-03-17,219.0,99.0,8,1,1,CHOP,0
2026-03-18,112.0,76.0,4,1,0,CHOP,0
2026-03-19,-623.0,-102.0,5,2,2,CHOP,2
2026-03-23,-140.0,62.0,2,1,0,CHOP,0
2026-03-24,-129.0,57.0,3,1,0,TREND,0
2026-03-25,245.0,92.0,2,1,0,CHOP,0
2026-03-26,-17.0,129.0,3,1,0,CHOP,0
2026-03-27,237.0,-102.0,3,1,0,CHOP,0
2026-03-30,-1099.0,8.0,4,1,0,CHOP,0
2026-03-31,-580.0,12.0,4,1,0,CHOP,0
2026-04-01,315.0,-218.0,3,1,0,CHOP,0
2026-04-02,-246.0,58.0,2,1,0,TREND,0
2026-04-06,60.0,103.0,1,1,0,CHOP,0
2026-04-07,-982.0,-390.0,6,1,0,CHOP,0
2026-04-08,-234.0,-382.0,4,2,2,CHOP,2
2026-04-09,61.0,-82.0,1,1,0,CHOP,0
2026-04-10,85.0,-292.0,3,1,0,CHOP,0
2026-04-13,269.0,90.0,3,1,0,CHOP,0
2026-04-14,-135.0,-140.0,2,1,0,CHOP,0
2026-04-15,246.0,132.0,2,1,0,CHOP,0
2026-04-16,52.0,102.0,1,1,0,CHOP,0
2026-04-17,186.0,38.0,3,2,2,CHOP,2
2026-04-20,86.0,0.0,2,0,0,CHOP,0
2026-04-21,279.0,68.0,4,1,0,CHOP,0
2026-04-22,-549.0,-372.0,3,2,0,CHOP,0
2026-04-23,-25.0,91.0,2,1,0,CHOP,0
2026-04-24,-90.0,-66.0,2,1,1,CHOP,0
2026-04-27,79.0,-104.0,3,1,0,CHOP,0
2026-04-28,146.0,152.0,3,3,0,CHOP,0
2026-04-29,252.0,38.0,4,1,0,CHOP,0
2026-04-30,496.0,443.0,3,2,0,CHOP,0
2026-05-01,-301.0,96.0,3,1,0,CHOP,0
2026-05-05,-59.0,-474.0,2,2,0,CHOP,0
2026-05-06,56.0,-22.0,1,1,0,CHOP,0
2026-05-07,59.0,101.0,1,1,0,CHOP,0
2026-05-08,-102.0,-126.0,3,1,0,CHOP,0
2026-05-11,-284.0,56.0,2,1,0,CHOP,0
2026-05-12,-685.0,-146.0,4,1,0,CHOP,0
2026-05-15,323.0,-272.0,2,1,0,CHOP,0
