date,entry_time,exit_time,direction,entry_price,exit_price,realized_pl,max_favorable_excursion,max_adverse_excursion,bars_held,day_type,entry_type,partial_tp_before,hard_stop_exit,time_bucket
2024-01-10,09:58:00,10:02:00,long,38240.0,38150.0,-180.0,0.0,-90.0,4,TREND,CHOP_BUY,False,True,10:00-10:30
2024-03-05,09:52:00,10:00:00,short,39226.0,39300.0,-148.0,7.0,-74.0,8,TREND,TREND_SHORT,False,True,10:00-10:30
2024-03-05,10:04:00,10:08:00,long,39336.0,39271.0,-130.0,0.0,-65.0,4,TREND,TREND_LONG,False,True,10:00-10:30
2024-03-06,09:48:00,10:11:00,short,39150.0,39210.0,-120.0,0.0,-60.0,23,TREND,TREND_SHORT,False,True,10:00-10:30
2024-03-12,10:05:00,10:22:00,short,39279.0,39348.0,-138.0,0.0,-69.0,17,TREND,CHOP_SELL,False,True,10:00-10:30
2024-03-15,09:53:00,10:14:00,short,39173.0,39234.0,-122.0,0.0,-61.0,21,TREND,TREND_SHORT,False,True,10:00-10:30
2024-03-18,09:47:00,10:08:00,short,39209.0,39271.0,-124.0,4.0,-62.0,21,TREND,TREND_SHORT,False,True,10:00-10:30
2024-03-27,09:48:00,10:06:00,long,39974.0,39911.0,-126.0,1.0,-63.0,18,TREND,TREND_LONG,False,True,10:00-10:30
2024-04-08,09:45:00,09:59:00,long,39319.0,39245.0,-148.0,2.0,-74.0,14,TREND,TREND_LONG,False,True,09:30-10:00
2024-04-12,09:46:00,09:52:00,long,38551.0,38475.0,-152.0,0.0,-76.0,6,TREND,TREND_LONG,False,True,09:30-10:00
2024-04-12,10:00:00,10:08:00,long,38501.0,38411.0,-180.0,0.0,-90.0,8,TREND,CHOP_BUY,False,True,10:00-10:30
2024-04-16,09:42:00,09:56:00,short,38086.0,38151.0,-130.0,34.0,-65.0,14,TREND,TREND_SHORT,False,True,09:30-10:00
2024-04-17,09:42:00,10:00:00,long,38225.0,38164.0,-122.0,29.0,-61.0,18,TREND,TREND_LONG,False,True,10:00-10:30
2024-04-24,10:08:00,10:17:00,long,38737.0,38665.0,-144.0,0.0,-72.0,9,TREND,TREND_LONG,False,True,10:00-10:30
2024-04-30,09:53:00,10:17:00,short,38353.0,38424.0,-142.0,29.0,-71.0,24,TREND,TREND_SHORT,False,True,10:00-10:30
2024-04-30,10:18:00,10:29:00,long,38430.0,38361.0,-138.0,0.0,-69.0,11,TREND,TREND_LONG,False,True,10:00-10:30
2024-05-15,09:42:00,09:53:00,long,39881.0,39815.0,-132.0,0.0,-66.0,11,TREND,CHOP_BUY,False,True,09:30-10:00
2024-05-16,09:43:00,10:10:00,short,40025.0,40094.0,-138.0,1.0,-69.0,27,TREND,TREND_SHORT,False,True,10:00-10:30
2024-05-28,09:44:00,09:56:00,long,39082.0,39020.0,-124.0,14.0,-62.0,12,TREND,TREND_LONG,False,True,09:30-10:00
2024-06-05,09:45:00,09:53:00,long,38813.0,38743.0,-140.0,2.0,-70.0,8,TREND,CHOP_BUY,False,True,09:30-10:00
2024-06-05,09:59:00,10:05:00,long,38737.0,38677.0,-120.0,0.0,-60.0,6,TREND,TREND_LONG,False,True,10:00-10:30
2024-06-05,10:09:00,10:23:00,short,38629.0,38691.0,-124.0,0.0,-62.0,14,TREND,TREND_SHORT,False,True,10:00-10:30
2024-06-07,09:43:00,09:47:00,long,38939.0,38878.0,-122.0,0.0,-61.0,4,TREND,TREND_LONG,False,True,09:30-10:00
2024-06-11,09:42:00,10:24:00,short,38588.0,38648.0,-60.0,79.0,-60.0,42,TREND,TREND_SHORT,True,True,10:00-10:30
2024-06-17,09:50:00,09:59:00,long,38576.0,38499.0,-154.0,1.0,-77.0,9,TREND,TREND_LONG,False,True,09:30-10:00
2024-06-28,10:12:00,10:16:00,long,39804.0,39740.0,-128.0,0.0,-64.0,4,TREND,TREND_LONG,False,True,10:00-10:30
2024-07-01,09:46:00,10:01:00,long,39762.0,39700.0,-124.0,36.0,-62.0,15,TREND,TREND_LONG,False,True,10:00-10:30
2024-07-05,09:43:00,09:47:00,long,39668.0,39600.0,-136.0,0.0,-68.0,4,TREND,TREND_LONG,False,True,09:30-10:00
2024-07-08,09:47:00,09:56:00,long,39998.0,39925.0,-146.0,0.0,-73.0,9,TREND,TREND_LONG,False,True,09:30-10:00
2024-07-26,10:01:00,10:09:00,long,40763.0,40695.0,-136.0,22.0,-68.0,8,TREND,TREND_LONG,True,True,10:00-10:30
2024-07-31,09:54:00,10:11:00,short,40921.0,41000.0,-79.0,59.0,-79.0,17,TREND,TREND_SHORT,True,True,10:00-10:30
2024-08-05,09:47:00,09:59:00,long,38846.0,38777.0,-69.0,92.0,-69.0,12,TREND,TREND_LONG,True,True,09:30-10:00
2024-08-05,10:00:00,10:03:00,long,39075.0,38995.0,-160.0,26.0,-80.0,3,TREND,TREND_LONG,True,True,10:00-10:30
2024-08-06,10:25:00,10:29:00,long,39283.0,39185.0,-196.0,0.0,-98.0,4,TREND,TREND_LONG,True,True,10:00-10:30
2024-08-08,09:46:00,09:48:00,long,39290.0,39198.0,-184.0,0.0,-92.0,2,TREND,TREND_LONG,False,True,09:30-10:00
2024-08-09,09:49:00,09:54:00,short,39375.0,39445.0,-140.0,0.0,-70.0,5,TREND,TREND_SHORT,False,True,09:30-10:00
2024-08-13,09:45:00,09:55:00,long,39725.0,39619.0,-212.0,30.0,-106.0,10,TREND,TREND_LONG,False,True,09:30-10:00
2024-08-13,10:05:00,10:27:00,short,39531.0,39596.0,-130.0,16.0,-65.0,22,TREND,TREND_SHORT,False,True,10:00-10:30
2024-08-14,09:43:00,10:05:00,long,39945.0,39878.0,-134.0,39.0,-67.0,22,TREND,TREND_LONG,False,True,10:00-10:30
2024-08-16,09:43:00,10:00:00,short,40624.0,40712.0,-176.0,0.0,-88.0,17,TREND,TREND_SHORT,False,True,10:00-10:30
2024-08-19,09:58:00,10:07:00,short,40878.0,40945.0,-134.0,0.0,-67.0,9,TREND,CHOP_SELL,False,True,10:00-10:30
2024-08-23,09:50:00,10:00:00,short,40967.0,41077.0,-220.0,15.0,-110.0,10,TREND,TREND_SHORT,False,True,10:00-10:30
2024-08-27,09:43:00,09:57:00,long,41338.0,41273.0,-130.0,12.0,-65.0,14,TREND,TREND_LONG,False,True,09:30-10:00
2024-08-29,09:46:00,09:56:00,short,41220.0,41293.0,-146.0,38.0,-73.0,10,TREND,TREND_SHORT,False,True,09:30-10:00
2024-08-30,09:47:00,10:10:00,short,41457.0,41531.0,-148.0,34.0,-74.0,23,TREND,TREND_SHORT,False,True,10:00-10:30
2024-09-04,10:08:00,10:17:00,long,41152.0,41088.0,-128.0,13.0,-64.0,9,TREND,TREND_LONG,False,True,10:00-10:30
2024-09-12,09:59:00,10:12:00,short,40737.0,40825.0,-176.0,29.0,-88.0,13,TREND,TREND_SHORT,True,True,10:00-10:30
2024-09-16,09:52:00,10:03:00,long,41757.0,41694.0,-126.0,15.0,-63.0,11,TREND,TREND_LONG,False,True,10:00-10:30
2024-09-16,10:11:00,10:26:00,long,41696.0,41625.0,-142.0,0.0,-71.0,15,TREND,CHOP_BUY,False,True,10:00-10:30
2024-09-17,09:55:00,10:06:00,short,41706.0,41766.0,-120.0,16.0,-60.0,11,TREND,TREND_SHORT,False,True,10:00-10:30
2024-09-18,09:55:00,10:06:00,short,41520.0,41581.0,-122.0,0.0,-61.0,11,TREND,TREND_SHORT,False,True,10:00-10:30
2024-09-19,09:45:00,09:58:00,short,41948.0,42018.0,-70.0,53.0,-70.0,13,TREND,TREND_SHORT,True,True,09:30-10:00
2024-09-23,09:58:00,10:08:00,short,42404.0,42466.0,-124.0,4.0,-62.0,10,TREND,TREND_SHORT,False,True,10:00-10:30
2024-09-24,10:00:00,10:10:00,short,42491.0,42553.0,-124.0,18.0,-62.0,10,TREND,TREND_SHORT,False,True,10:00-10:30
2024-09-30,09:58:00,10:05:00,short,42460.0,42541.0,-162.0,0.0,-81.0,7,TREND,CHOP_SELL,False,True,10:00-10:30
2024-10-03,09:44:00,10:02:00,short,42227.0,42333.0,-106.0,75.0,-106.0,18,TREND,TREND_SHORT,True,True,10:00-10:30
2024-10-03,10:10:00,10:13:00,long,42419.0,42334.0,-170.0,13.0,-85.0,3,TREND,TREND_LONG,True,True,10:00-10:30
2024-10-09,09:45:00,10:25:00,long,42521.0,42456.0,-65.0,60.0,-65.0,40,TREND,TREND_LONG,True,True,10:00-10:30
2024-10-15,09:44:00,09:47:00,short,43052.0,43114.0,-124.0,0.0,-62.0,3,TREND,TREND_SHORT,False,True,09:30-10:00
2024-10-15,09:57:00,10:12:00,short,43042.0,43102.0,-120.0,6.0,-60.0,15,TREND,TREND_SHORT,False,True,10:00-10:30
2024-10-18,09:54:00,10:10:00,short,43301.0,43367.0,-132.0,7.0,-66.0,16,TREND,TREND_SHORT,False,True,10:00-10:30
2024-10-24,09:45:00,09:54:00,short,42571.0,42645.0,-148.0,0.0,-74.0,9,TREND,TREND_SHORT,False,True,09:30-10:00
2024-10-25,09:45:00,10:07:00,short,42727.0,42791.0,-128.0,27.0,-64.0,22,TREND,CHOP_SELL,False,True,10:00-10:30
2024-10-28,09:43:00,09:59:00,long,42665.0,42600.0,-130.0,0.0,-65.0,16,TREND,TREND_LONG,False,True,09:30-10:00
2024-10-28,10:18:00,10:26:00,short,42587.0,42656.0,-138.0,0.0,-69.0,8,TREND,CHOP_SELL,False,True,10:00-10:30
2024-10-30,09:44:00,09:52:00,short,42410.0,42484.0,-148.0,17.0,-74.0,8,TREND,CHOP_SELL,False,True,09:30-10:00
2024-11-01,09:55:00,10:06:00,short,42239.0,42278.0,-78.0,28.0,-39.0,11,TREND,CHOP_SELL,False,True,10:00-10:30
2024-11-06,09:55:00,10:01:00,short,43560.0,43624.0,-128.0,23.0,-64.0,6,TREND,TREND_SHORT,False,True,10:00-10:30
2024-11-07,09:52:00,10:04:00,long,43962.0,43900.0,-124.0,0.0,-62.0,12,TREND,TREND_LONG,False,True,10:00-10:30
2024-11-11,09:42:00,09:46:00,long,44576.0,44516.0,-120.0,1.0,-60.0,4,TREND,TREND_LONG,False,True,09:30-10:00
2024-11-11,09:58:00,10:09:00,long,44607.0,44538.0,-138.0,17.0,-69.0,11,TREND,TREND_LONG,False,True,10:00-10:30
2024-11-14,09:43:00,09:49:00,short,44037.0,44136.0,-198.0,0.0,-99.0,6,TREND,TREND_SHORT,False,True,09:30-10:00
2024-11-19,09:50:00,09:55:00,short,43080.0,43142.0,-124.0,0.0,-62.0,5,TREND,TREND_SHORT,False,True,09:30-10:00
2024-11-21,10:13:00,10:23:00,long,43696.0,43627.0,-138.0,12.0,-69.0,10,TREND,TREND_LONG,False,True,10:00-10:30
2024-11-22,09:48:00,09:52:00,long,44302.0,44232.0,-140.0,0.0,-70.0,4,TREND,TREND_LONG,False,True,09:30-10:00
2024-11-28,09:42:00,09:53:00,short,44880.0,44916.0,-72.0,4.0,-36.0,11,TREND,TREND_SHORT,False,True,09:30-10:00
2024-12-04,09:43:00,10:02:00,long,45103.0,45040.0,-126.0,0.0,-63.0,19,TREND,CHOP_BUY,False,True,10:00-10:30
2024-12-09,09:54:00,10:13:00,short,44689.0,44756.0,-134.0,0.0,-67.0,19,TREND,TREND_SHORT,False,True,10:00-10:30
2024-12-12,09:42:00,09:56:00,long,44253.0,44193.0,-120.0,13.0,-60.0,14,TREND,TREND_LONG,False,True,09:30-10:00
2024-12-16,09:50:00,10:22:00,long,43913.0,43852.0,-61.0,69.0,-61.0,32,TREND,TREND_LONG,True,True,10:00-10:30
2024-12-17,10:10:00,10:16:00,short,43453.0,43519.0,-132.0,0.0,-66.0,6,TREND,TREND_SHORT,False,True,10:00-10:30
2024-12-26,09:53:00,09:57:00,short,43484.0,43552.0,-136.0,0.0,-68.0,4,TREND,TREND_SHORT,False,True,09:30-10:00
2024-12-27,09:47:00,10:01:00,long,43554.0,43448.0,-212.0,20.0,-106.0,14,TREND,TREND_LONG,False,True,10:00-10:30
2024-12-31,09:59:00,10:07:00,long,43057.0,42977.0,-160.0,34.0,-80.0,8,TREND,TREND_LONG,False,True,10:00-10:30
2025-01-02,09:55:00,10:03:00,long,43189.0,43129.0,-120.0,5.0,-60.0,8,TREND,TREND_LONG,False,True,10:00-10:30
2025-01-10,10:13:00,10:20:00,short,42238.0,42310.0,-144.0,3.0,-72.0,7,TREND,TREND_SHORT,True,True,10:00-10:30
2025-01-14,09:51:00,10:08:00,short,42641.0,42706.0,-65.0,58.0,-65.0,17,TREND,TREND_SHORT,True,True,10:00-10:30
2025-01-21,09:43:00,10:12:00,long,43961.0,43901.0,-60.0,79.0,-60.0,29,TREND,TREND_LONG,True,True,10:00-10:30
2025-01-24,09:45:00,09:49:00,long,44692.0,44632.0,-120.0,0.0,-60.0,4,TREND,CHOP_BUY,False,True,09:30-10:00
2025-01-24,09:52:00,10:17:00,short,44616.0,44678.0,-124.0,30.0,-62.0,25,TREND,TREND_SHORT,False,True,10:00-10:30
2025-01-28,09:46:00,10:03:00,short,44843.0,44937.0,-188.0,36.0,-94.0,17,TREND,TREND_SHORT,False,True,10:00-10:30
2025-01-29,10:07:00,10:12:00,long,45108.0,45045.0,-126.0,6.0,-63.0,5,TREND,TREND_LONG,False,True,10:00-10:30
2025-01-30,09:48:00,10:29:00,long,44977.0,44917.0,-60.0,67.0,-60.0,41,TREND,TREND_LONG,True,True,10:00-10:30
2025-02-03,09:53:00,10:21:00,short,44053.0,44164.0,-222.0,7.0,-111.0,28,TREND,TREND_SHORT,False,True,10:00-10:30
2025-02-07,09:42:00,10:04:00,long,44878.0,44781.0,-97.0,80.0,-97.0,22,TREND,CHOP_BUY,True,True,10:00-10:30
2025-02-11,09:49:00,10:08:00,long,44478.0,44437.0,-82.0,13.0,-51.0,19,TREND,CHOP_BUY,False,True,10:00-10:30
2025-02-12,09:42:00,09:46:00,short,44191.0,44271.0,-160.0,0.0,-80.0,4,TREND,TREND_SHORT,False,True,09:30-10:00
2025-02-14,10:05:00,10:19:00,long,44848.0,44777.0,-142.0,8.0,-71.0,14,TREND,TREND_LONG,False,True,10:00-10:30
2025-02-18,09:59:00,10:28:00,short,44497.0,44558.0,-122.0,20.0,-61.0,29,TREND,TREND_SHORT,False,True,10:00-10:30
2025-02-27,09:46:00,09:50:00,long,43733.0,43672.0,-122.0,0.0,-61.0,4,TREND,TREND_LONG,False,True,09:30-10:00
2025-03-06,09:43:00,09:49:00,short,42475.0,42542.0,-134.0,12.0,-67.0,6,TREND,TREND_SHORT,False,True,09:30-10:00
2025-03-07,09:43:00,10:17:00,long,42614.0,42554.0,-60.0,154.0,-60.0,34,TREND,TREND_LONG,True,True,10:00-10:30
2025-03-11,10:00:00,10:02:00,long,41793.0,41620.0,-346.0,0.0,-173.0,2,TREND,TREND_LONG,False,True,10:00-10:30
2025-03-11,10:03:00,10:06:00,short,41591.0,41652.0,-122.0,29.0,-61.0,3,TREND,TREND_SHORT,False,True,10:00-10:30
2025-03-11,10:17:00,10:20:00,short,41519.0,41588.0,-138.0,0.0,-69.0,3,TREND,TREND_SHORT,False,True,10:00-10:30
2025-03-13,09:50:00,10:05:00,short,41216.0,41283.0,-134.0,30.0,-67.0,15,TREND,TREND_SHORT,False,True,10:00-10:30
2025-03-13,10:14:00,10:28:00,long,41384.0,41313.0,-142.0,6.0,-71.0,14,TREND,TREND_LONG,False,True,10:00-10:30
2025-03-14,09:49:00,10:00:00,long,41246.0,41112.0,-268.0,43.0,-134.0,11,TREND,TREND_LONG,False,True,10:00-10:30
2025-03-18,10:00:00,10:26:00,short,41624.0,41686.0,-124.0,8.0,-62.0,26,TREND,TREND_SHORT,False,True,10:00-10:30
2025-04-01,09:42:00,09:47:00,short,41955.0,42025.0,-140.0,0.0,-70.0,5,TREND,TREND_SHORT,False,True,09:30-10:00
2025-04-04,09:59:00,10:01:00,long,39808.0,39725.0,-166.0,0.0,-83.0,2,TREND,TREND_LONG,False,True,10:00-10:30
2025-04-07,09:42:00,09:44:00,short,36870.0,36963.0,-186.0,0.0,-93.0,2,TREND,TREND_SHORT,False,True,09:30-10:00
2025-04-09,09:56:00,09:59:00,long,38061.0,37982.0,-158.0,0.0,-79.0,3,TREND,TREND_LONG,False,True,09:30-10:00
2025-04-09,10:00:00,10:05:00,long,38130.0,38034.0,-192.0,27.0,-96.0,5,TREND,TREND_LONG,False,True,10:00-10:30
2025-04-10,10:01:00,10:02:00,short,39867.0,39937.0,-140.0,0.0,-70.0,1,TREND,TREND_SHORT,False,True,10:00-10:30
2025-04-10,10:11:00,10:15:00,short,39820.0,39900.0,-160.0,20.0,-80.0,4,TREND,TREND_SHORT,False,True,10:00-10:30
2025-04-11,09:45:00,10:00:00,long,39848.0,39780.0,-68.0,144.0,-68.0,15,TREND,TREND_LONG,True,True,10:00-10:30
2025-04-14,09:43:00,09:44:00,short,40699.0,40782.0,-166.0,0.0,-83.0,1,TREND,TREND_SHORT,False,True,09:30-10:00
2025-04-15,09:51:00,09:57:00,long,40946.0,40886.0,-120.0,2.0,-60.0,6,TREND,TREND_LONG,False,True,09:30-10:00
2025-04-15,10:11:00,10:14:00,long,40982.0,40894.0,-176.0,11.0,-88.0,3,TREND,TREND_LONG,False,True,10:00-10:30
2025-04-17,09:55:00,10:09:00,long,39423.0,39356.0,-134.0,48.0,-67.0,14,TREND,TREND_LONG,False,True,10:00-10:30
2025-04-28,10:00:00,10:04:00,short,40336.0,40410.0,-148.0,7.0,-74.0,4,TREND,TREND_SHORT,False,True,10:00-10:30
2025-04-29,09:50:00,09:59:00,long,40557.0,40494.0,-126.0,0.0,-63.0,9,TREND,TREND_LONG,False,True,09:30-10:00
2025-04-29,10:06:00,10:11:00,long,40601.0,40525.0,-152.0,0.0,-76.0,5,TREND,TREND_LONG,False,True,10:00-10:30
2025-04-30,09:53:00,10:10:00,short,39955.0,40015.0,-60.0,77.0,-60.0,17,TREND,TREND_SHORT,True,True,10:00-10:30
2025-05-01,09:51:00,09:58:00,long,41053.0,40972.0,-162.0,8.0,-81.0,7,TREND,TREND_LONG,False,True,09:30-10:00
2025-05-01,10:06:00,10:23:00,short,41042.0,41103.0,-61.0,58.0,-61.0,17,TREND,TREND_SHORT,True,True,10:00-10:30
2025-05-02,09:47:00,10:16:00,short,41256.0,41329.0,-73.0,85.0,-73.0,29,TREND,TREND_SHORT,True,True,10:00-10:30
2025-05-06,09:49:00,10:04:00,short,40908.0,40971.0,-126.0,48.0,-63.0,15,TREND,TREND_SHORT,False,True,10:00-10:30
2025-05-07,09:44:00,09:49:00,long,41163.0,41078.0,-170.0,0.0,-85.0,5,TREND,TREND_LONG,False,True,09:30-10:00
2025-05-09,09:44:00,10:08:00,short,41494.0,41570.0,-152.0,24.0,-76.0,24,TREND,TREND_SHORT,False,True,10:00-10:30
2025-05-14,09:47:00,10:08:00,short,42237.0,42298.0,-122.0,18.0,-61.0,21,TREND,TREND_SHORT,False,True,10:00-10:30
2025-05-15,10:01:00,10:13:00,long,42050.0,41989.0,-122.0,3.0,-61.0,12,TREND,TREND_LONG,False,True,10:00-10:30
2025-05-20,09:43:00,10:05:00,short,42784.0,42846.0,-124.0,47.0,-62.0,22,TREND,TREND_SHORT,False,True,10:00-10:30
2025-05-21,09:54:00,10:25:00,long,42472.0,42411.0,-122.0,29.0,-61.0,31,TREND,TREND_LONG,False,True,10:00-10:30
2025-05-22,09:53:00,10:24:00,long,41964.0,41874.0,-180.0,47.0,-90.0,31,TREND,TREND_LONG,False,True,10:00-10:30
2025-05-23,09:42:00,10:02:00,short,41537.0,41601.0,-128.0,14.0,-64.0,20,TREND,CHOP_SELL,False,True,10:00-10:30
2025-05-23,10:04:00,10:19:00,long,41639.0,41576.0,-126.0,19.0,-63.0,15,TREND,TREND_LONG,False,True,10:00-10:30
2025-05-26,09:42:00,10:03:00,long,42162.0,42096.0,-132.0,6.0,-66.0,21,TREND,TREND_LONG,False,True,10:00-10:30
2025-05-29,09:54:00,09:56:00,long,42290.0,42211.0,-158.0,0.0,-79.0,2,TREND,TREND_LONG,False,True,09:30-10:00
2025-05-29,10:07:00,10:15:00,short,42134.0,42211.0,-154.0,8.0,-77.0,8,TREND,TREND_SHORT,False,True,10:00-10:30
2025-05-30,09:45:00,09:49:00,long,42253.0,42188.0,-130.0,0.0,-65.0,4,TREND,TREND_LONG,False,True,09:30-10:00
2025-06-03,09:58:00,10:26:00,short,42301.0,42367.0,-132.0,28.0,-66.0,28,TREND,TREND_SHORT,False,True,10:00-10:30
2025-06-05,09:45:00,10:29:00,short,42391.0,42452.0,-61.0,86.0,-61.0,44,TREND,TREND_SHORT,True,True,10:00-10:30
2025-06-06,09:44:00,09:51:00,long,42957.0,42883.0,-148.0,0.0,-74.0,7,TREND,TREND_LONG,False,True,09:30-10:00
2025-06-24,10:08:00,10:20:00,short,43124.0,43193.0,-138.0,0.0,-69.0,12,TREND,TREND_SHORT,False,True,10:00-10:30
2025-07-08,09:45:00,09:59:00,long,44676.0,44612.0,-128.0,20.0,-64.0,14,TREND,TREND_LONG,False,True,09:30-10:00
2025-07-09,09:49:00,09:55:00,long,44826.0,44757.0,-138.0,0.0,-69.0,6,TREND,TREND_LONG,False,True,09:30-10:00
2025-07-11,09:45:00,09:55:00,short,44544.0,44623.0,-158.0,21.0,-79.0,10,TREND,TREND_SHORT,False,True,09:30-10:00
2025-07-14,09:45:00,10:00:00,long,44625.0,44555.0,-140.0,47.0,-70.0,15,TREND,TREND_LONG,False,True,10:00-10:30
2025-07-17,09:49:00,09:55:00,long,44694.0,44619.0,-150.0,0.0,-75.0,6,TREND,TREND_LONG,False,True,09:30-10:00
2025-07-21,09:43:00,09:54:00,short,44578.0,44647.0,-138.0,0.0,-69.0,11,TREND,TREND_SHORT,False,True,09:30-10:00
2025-07-25,10:01:00,10:18:00,short,44872.0,44935.0,-63.0,51.0,-63.0,17,TREND,TREND_SHORT,True,True,10:00-10:30
2025-07-28,09:52:00,10:05:00,short,44989.0,45071.0,-164.0,19.0,-82.0,13,TREND,TREND_SHORT,False,True,10:00-10:30
2025-07-30,09:49:00,09:59:00,short,44758.0,44825.0,-134.0,15.0,-67.0,10,TREND,TREND_SHORT,False,True,09:30-10:00
2025-07-31,09:53:00,10:11:00,long,44741.0,44679.0,-124.0,36.0,-62.0,18,TREND,TREND_LONG,False,True,10:00-10:30
2025-08-01,10:00:00,10:10:00,short,43520.0,43609.0,-178.0,36.0,-89.0,10,TREND,TREND_SHORT,True,True,10:00-10:30
2025-08-08,09:43:00,09:51:00,short,44148.0,44210.0,-124.0,0.0,-62.0,8,TREND,TREND_SHORT,False,True,09:30-10:00
2025-08-12,09:44:00,09:53:00,short,44219.0,44304.0,-170.0,8.0,-85.0,9,TREND,TREND_SHORT,False,True,09:30-10:00
2025-08-14,10:03:00,10:23:00,long,44928.0,44865.0,-126.0,10.0,-63.0,20,TREND,TREND_LONG,False,True,10:00-10:30
2025-08-18,09:46:00,09:54:00,long,45078.0,45017.0,-122.0,0.0,-61.0,8,TREND,TREND_LONG,False,True,09:30-10:00
2025-08-18,09:58:00,10:13:00,short,44959.0,45020.0,-122.0,8.0,-61.0,15,TREND,TREND_SHORT,False,True,10:00-10:30
2025-08-19,09:57:00,10:03:00,short,45128.0,45205.0,-154.0,9.0,-77.0,6,TREND,CHOP_SELL,False,True,10:00-10:30
2025-08-29,09:43:00,09:50:00,long,45665.0,45593.0,-144.0,16.0,-72.0,7,TREND,TREND_LONG,False,True,09:30-10:00
2025-09-04,09:57:00,10:05:00,long,45401.0,45341.0,-120.0,10.0,-60.0,8,TREND,TREND_LONG,False,True,10:00-10:30
2025-09-08,09:43:00,10:27:00,short,45359.0,45425.0,-132.0,31.0,-66.0,44,TREND,TREND_SHORT,False,True,10:00-10:30
2025-09-09,09:45:00,10:02:00,short,45512.0,45577.0,-130.0,0.0,-65.0,17,TREND,TREND_SHORT,False,True,10:00-10:30
2025-09-09,10:11:00,10:20:00,long,45619.0,45557.0,-124.0,0.0,-62.0,9,TREND,TREND_LONG,False,True,10:00-10:30
2025-09-10,09:48:00,09:51:00,long,45740.0,45644.0,-192.0,0.0,-96.0,3,TREND,TREND_LONG,False,True,09:30-10:00
2025-09-12,09:51:00,10:25:00,long,46053.0,45984.0,-138.0,31.0,-69.0,34,TREND,CHOP_BUY,False,True,10:00-10:30
2025-09-15,09:55:00,10:03:00,long,45970.0,45904.0,-132.0,0.0,-66.0,8,TREND,TREND_LONG,False,True,10:00-10:30
2025-09-16,09:50:00,10:00:00,long,45801.0,45741.0,-120.0,0.0,-60.0,10,TREND,CHOP_BUY,False,True,10:00-10:30
2025-09-18,09:45:00,09:50:00,short,45995.0,46110.0,-230.0,11.0,-115.0,5,TREND,TREND_SHORT,False,True,09:30-10:00
2025-09-23,10:10:00,10:18:00,long,47051.0,46975.0,-152.0,0.0,-76.0,8,TREND,TREND_LONG,True,True,10:00-10:30
2025-09-26,09:46:00,10:03:00,long,46624.0,46556.0,-136.0,27.0,-68.0,17,TREND,TREND_LONG,False,True,10:00-10:30
2025-09-30,09:59:00,10:05:00,long,46652.0,46592.0,-120.0,6.0,-60.0,6,TREND,TREND_LONG,False,True,10:00-10:30
2025-09-30,10:09:00,10:16:00,short,46557.0,46627.0,-140.0,4.0,-70.0,7,TREND,TREND_SHORT,False,True,10:00-10:30
2025-10-01,10:02:00,10:06:00,short,46573.0,46642.0,-138.0,0.0,-69.0,4,TREND,CHOP_SELL,False,True,10:00-10:30
2025-10-02,09:53:00,10:02:00,long,46842.0,46782.0,-120.0,5.0,-60.0,9,TREND,TREND_LONG,False,True,10:00-10:30
2025-10-10,09:44:00,09:50:00,long,46862.0,46774.0,-176.0,14.0,-88.0,6,TREND,TREND_LONG,False,True,09:30-10:00
2025-10-10,10:01:00,10:08:00,short,46705.0,46771.0,-132.0,2.0,-66.0,7,TREND,TREND_SHORT,False,True,10:00-10:30
2025-10-13,09:59:00,10:02:00,long,46220.0,46141.0,-158.0,23.0,-79.0,3,TREND,TREND_LONG,False,True,10:00-10:30
2025-10-14,09:43:00,09:52:00,short,45729.0,45805.0,-152.0,18.0,-76.0,9,TREND,TREND_SHORT,False,True,09:30-10:00
2025-10-16,09:45:00,09:47:00,long,46628.0,46537.0,-182.0,0.0,-91.0,2,TREND,TREND_LONG,False,True,09:30-10:00
2025-10-17,09:53:00,09:59:00,long,46349.0,46250.0,-198.0,38.0,-99.0,6,TREND,TREND_LONG,False,True,09:30-10:00
2025-10-17,10:15:00,10:16:00,long,46412.0,46350.0,-124.0,0.0,-62.0,1,TREND,TREND_LONG,False,True,10:00-10:30
2025-10-20,09:45:00,09:55:00,long,46656.0,46574.0,-164.0,22.0,-82.0,10,TREND,TREND_LONG,False,True,09:30-10:00
2025-10-22,09:56:00,10:16:00,short,46999.0,47059.0,-120.0,13.0,-60.0,20,TREND,TREND_SHORT,False,True,10:00-10:30
2025-10-23,09:44:00,10:06:00,long,46854.0,46786.0,-68.0,54.0,-68.0,22,TREND,TREND_LONG,True,True,10:00-10:30
2025-10-23,10:16:00,10:23:00,short,46700.0,46763.0,-126.0,13.0,-63.0,7,TREND,TREND_SHORT,True,True,10:00-10:30
2025-10-27,10:07:00,10:17:00,long,47701.0,47632.0,-138.0,0.0,-69.0,10,TREND,TREND_LONG,False,True,10:00-10:30
2025-10-28,09:48:00,09:53:00,short,47859.0,47934.0,-150.0,0.0,-75.0,5,TREND,TREND_SHORT,False,True,09:30-10:00
2025-10-29,09:44:00,10:11:00,long,48163.0,48101.0,-124.0,41.0,-62.0,27,TREND,TREND_LONG,False,True,10:00-10:30
2025-10-31,09:51:00,10:03:00,long,47765.0,47702.0,-126.0,6.0,-63.0,12,TREND,TREND_LONG,False,True,10:00-10:30
2025-11-07,09:56:00,10:03:00,long,46917.0,46849.0,-136.0,4.0,-68.0,7,TREND,TREND_LONG,False,True,10:00-10:30
2025-11-11,09:59:00,10:06:00,long,47585.0,47508.0,-154.0,0.0,-77.0,7,TREND,TREND_LONG,False,True,10:00-10:30
2025-11-11,10:14:00,10:25:00,short,47531.0,47615.0,-168.0,17.0,-84.0,11,TREND,CHOP_SELL,False,True,10:00-10:30
2025-11-12,09:46:00,09:50:00,short,48375.0,48447.0,-144.0,0.0,-72.0,4,TREND,CHOP_SELL,False,True,09:30-10:00
2025-11-13,09:56:00,10:06:00,short,48203.0,48265.0,-124.0,0.0,-62.0,10,TREND,TREND_SHORT,False,True,10:00-10:30
2025-11-14,09:42:00,09:47:00,short,47014.0,47093.0,-158.0,0.0,-79.0,5,TREND,CHOP_SELL,False,True,09:30-10:00
2025-11-14,10:05:00,10:16:00,short,46978.0,47066.0,-176.0,0.0,-88.0,11,TREND,TREND_SHORT,False,True,10:00-10:30
2025-11-18,09:45:00,09:47:00,long,46369.0,46290.0,-158.0,0.0,-79.0,2,TREND,TREND_LONG,False,True,09:30-10:00
2025-11-18,10:02:00,10:23:00,short,46130.0,46195.0,-65.0,92.0,-65.0,21,TREND,TREND_SHORT,True,True,10:00-10:30
2025-11-19,09:42:00,09:56:00,short,46186.0,46221.0,-70.0,39.0,-35.0,14,TREND,CHOP_SELL,False,True,09:30-10:00
2025-11-20,09:48:00,09:54:00,long,46875.0,46798.0,-154.0,0.0,-77.0,6,TREND,TREND_LONG,False,True,09:30-10:00
2025-11-21,09:43:00,09:55:00,short,45917.0,45993.0,-76.0,58.0,-76.0,12,TREND,TREND_SHORT,True,True,09:30-10:00
2025-11-21,10:24:00,10:28:00,long,46108.0,46033.0,-150.0,19.0,-75.0,4,TREND,TREND_LONG,True,True,10:00-10:30
2025-11-24,09:43:00,10:00:00,short,46317.0,46387.0,-70.0,145.0,-70.0,17,TREND,TREND_SHORT,True,True,10:00-10:30
2025-11-25,09:46:00,10:07:00,short,46605.0,46696.0,-91.0,180.0,-91.0,21,TREND,TREND_SHORT,True,True,10:00-10:30
2025-12-01,09:42:00,10:20:00,long,47578.0,47504.0,-74.0,136.0,-74.0,38,TREND,TREND_LONG,True,True,10:00-10:30
2025-12-02,10:05:00,10:27:00,long,47529.0,47465.0,-128.0,38.0,-64.0,22,TREND,TREND_LONG,False,True,10:00-10:30
2025-12-03,09:43:00,09:46:00,long,47645.0,47572.0,-146.0,0.0,-73.0,3,TREND,TREND_LONG,False,True,09:30-10:00
2025-12-09,09:51:00,10:06:00,long,47957.0,47896.0,-122.0,44.0,-61.0,15,TREND,TREND_LONG,False,True,10:00-10:30
2025-12-11,09:44:00,09:48:00,long,48452.0,48376.0,-152.0,0.0,-76.0,4,TREND,TREND_LONG,False,True,09:30-10:00
2025-12-12,09:46:00,10:00:00,long,48888.0,48825.0,-126.0,14.0,-63.0,14,TREND,TREND_LONG,False,True,10:00-10:30
2025-12-16,09:45:00,09:47:00,short,48297.0,48415.0,-236.0,0.0,-118.0,2,TREND,TREND_SHORT,False,True,09:30-10:00
2025-12-16,10:03:00,10:06:00,short,48291.0,48357.0,-132.0,0.0,-66.0,3,TREND,TREND_SHORT,False,True,10:00-10:30
2025-12-17,09:50:00,10:18:00,long,48350.0,48287.0,-126.0,32.0,-63.0,28,TREND,TREND_LONG,False,True,10:00-10:30
2025-12-18,09:42:00,09:54:00,short,48120.0,48183.0,-63.0,50.0,-63.0,12,TREND,TREND_SHORT,True,True,09:30-10:00
2025-12-26,09:46:00,09:51:00,long,49053.0,48979.0,-148.0,0.0,-74.0,5,TREND,TREND_LONG,False,True,09:30-10:00
2025-12-26,09:58:00,10:15:00,long,49009.0,48951.0,-116.0,8.0,-58.0,17,TREND,CHOP_BUY,False,True,10:00-10:30
2025-12-31,09:43:00,09:54:00,short,48517.0,48577.0,-120.0,9.0,-60.0,11,TREND,TREND_SHORT,False,True,09:30-10:00
2026-01-09,09:45:00,09:53:00,short,49493.0,49574.0,-162.0,24.0,-81.0,8,TREND,TREND_SHORT,False,True,09:30-10:00
2026-01-09,10:05:00,10:12:00,short,49428.0,49495.0,-134.0,4.0,-67.0,7,TREND,TREND_SHORT,False,True,10:00-10:30
2026-01-12,09:53:00,10:09:00,long,49535.0,49465.0,-140.0,25.0,-70.0,16,TREND,TREND_LONG,False,True,10:00-10:30
2026-01-14,09:44:00,09:48:00,short,49255.0,49331.0,-152.0,31.0,-76.0,4,TREND,TREND_SHORT,False,True,09:30-10:00
2026-01-14,10:00:00,10:06:00,short,49178.0,49242.0,-128.0,0.0,-64.0,6,TREND,TREND_SHORT,False,True,10:00-10:30
2026-01-20,09:44:00,09:46:00,long,48966.0,48885.0,-162.0,0.0,-81.0,2,TREND,TREND_LONG,False,True,09:30-10:00
2026-01-20,10:10:00,10:14:00,short,48776.0,48850.0,-148.0,13.0,-74.0,4,TREND,TREND_SHORT,False,True,10:00-10:30
2026-01-23,09:48:00,09:57:00,short,49234.0,49308.0,-148.0,42.0,-74.0,9,TREND,CHOP_SELL,False,True,09:30-10:00
2026-01-29,09:46:00,09:49:00,short,49116.0,49176.0,-120.0,11.0,-60.0,3,TREND,TREND_SHORT,False,True,09:30-10:00
2026-01-29,10:00:00,10:05:00,short,49032.0,49113.0,-162.0,0.0,-81.0,5,TREND,TREND_SHORT,False,True,10:00-10:30
2026-01-30,09:46:00,10:07:00,short,49004.0,49088.0,-168.0,29.0,-84.0,21,TREND,TREND_SHORT,False,True,10:00-10:30
2026-02-02,09:51:00,09:56:00,long,49308.0,49208.0,-200.0,0.0,-100.0,5,TREND,TREND_LONG,False,True,09:30-10:00
2026-02-04,09:48:00,09:50:00,long,49725.0,49602.0,-246.0,0.0,-123.0,2,TREND,TREND_LONG,False,True,09:30-10:00
2026-02-04,09:57:00,10:09:00,short,49481.0,49564.0,-83.0,106.0,-83.0,12,TREND,TREND_SHORT,True,True,10:00-10:30
2026-02-05,09:45:00,09:48:00,long,49430.0,49365.0,-130.0,0.0,-65.0,3,TREND,TREND_LONG,False,True,09:30-10:00
2026-02-09,09:46:00,10:04:00,short,49995.0,50074.0,-79.0,66.0,-79.0,18,TREND,TREND_SHORT,True,True,10:00-10:30
2026-02-12,10:21:00,10:22:00,short,50338.0,50402.0,-128.0,0.0,-64.0,1,TREND,TREND_SHORT,False,True,10:00-10:30
2026-02-13,10:09:00,10:14:00,long,49568.0,49479.0,-178.0,30.0,-89.0,5,TREND,TREND_LONG,False,True,10:00-10:30
2026-02-16,09:42:00,09:55:00,short,49647.0,49716.0,-138.0,15.0,-69.0,13,TREND,TREND_SHORT,False,True,09:30-10:00
2026-02-16,09:56:00,10:22:00,long,49724.0,49662.0,-124.0,7.0,-62.0,26,TREND,TREND_LONG,False,True,10:00-10:30
2026-02-19,10:24:00,10:27:00,long,49622.0,49558.0,-128.0,0.0,-64.0,3,TREND,TREND_LONG,False,True,10:00-10:30
2026-03-03,10:08:00,10:12:00,short,47786.0,47858.0,-144.0,2.0,-72.0,4,TREND,TREND_SHORT,False,True,10:00-10:30
2026-03-05,09:45:00,09:54:00,short,48350.0,48419.0,-138.0,34.0,-69.0,9,TREND,TREND_SHORT,False,True,09:30-10:00
2026-03-05,10:08:00,10:13:00,short,48268.0,48329.0,-122.0,0.0,-61.0,5,TREND,TREND_SHORT,False,True,10:00-10:30
2026-03-06,09:46:00,09:51:00,short,47044.0,47137.0,-186.0,0.0,-93.0,5,TREND,TREND_SHORT,False,True,09:30-10:00
2026-03-09,09:50:00,09:57:00,short,46810.0,46879.0,-69.0,65.0,-69.0,7,TREND,TREND_SHORT,True,True,09:30-10:00
2026-03-09,10:05:00,10:16:00,short,46702.0,46764.0,-124.0,44.0,-62.0,11,TREND,TREND_SHORT,True,True,10:00-10:30
2026-03-10,09:42:00,10:20:00,short,47628.0,47689.0,-61.0,141.0,-61.0,38,TREND,TREND_SHORT,True,True,10:00-10:30
2026-03-12,10:03:00,10:06:00,long,47020.0,46950.0,-140.0,0.0,-70.0,3,TREND,TREND_LONG,False,True,10:00-10:30
2026-03-12,10:12:00,10:17:00,long,47040.0,46965.0,-150.0,0.0,-75.0,5,TREND,TREND_LONG,False,True,10:00-10:30
2026-03-13,09:44:00,09:48:00,long,47161.0,47064.0,-194.0,0.0,-97.0,4,TREND,TREND_LONG,False,True,09:30-10:00
2026-03-16,10:10:00,10:12:00,long,47215.0,47128.0,-174.0,0.0,-87.0,2,TREND,TREND_LONG,True,True,10:00-10:30
2026-03-23,09:42:00,09:44:00,long,46767.0,46681.0,-172.0,0.0,-86.0,2,TREND,TREND_LONG,False,True,09:30-10:00
2026-03-23,09:58:00,10:04:00,long,46817.0,46735.0,-82.0,67.0,-82.0,6,TREND,TREND_LONG,True,True,10:00-10:30
2026-03-23,10:21:00,10:27:00,long,46889.0,46819.0,-140.0,28.0,-70.0,6,TREND,TREND_LONG,True,True,10:00-10:30
2026-03-25,10:07:00,10:12:00,short,46634.0,46718.0,-168.0,15.0,-84.0,5,TREND,TREND_SHORT,True,True,10:00-10:30
2026-03-27,09:56:00,10:00:00,short,45723.0,45788.0,-130.0,20.0,-65.0,4,TREND,TREND_SHORT,False,True,10:00-10:30
2026-03-31,09:49:00,10:16:00,long,46055.0,45984.0,-71.0,59.0,-71.0,27,TREND,TREND_LONG,True,True,10:00-10:30
2026-04-01,09:46:00,09:52:00,short,46757.0,46836.0,-158.0,21.0,-79.0,6,CHOP,TREND_SHORT,False,True,09:30-10:00
2026-04-06,09:59:00,10:03:00,long,46819.0,46740.0,-158.0,0.0,-79.0,4,TREND,TREND_LONG,False,True,10:00-10:30
2026-04-07,10:06:00,10:19:00,short,46471.0,46553.0,-164.0,12.0,-82.0,13,TREND,TREND_SHORT,False,True,10:00-10:30
2026-04-08,09:46:00,09:51:00,long,48255.0,48114.0,-282.0,0.0,-141.0,5,TREND,TREND_LONG,False,True,09:30-10:00
2026-04-08,09:53:00,10:00:00,short,48078.0,48143.0,-130.0,2.0,-65.0,7,TREND,TREND_SHORT,False,True,10:00-10:30
2026-04-08,10:08:00,10:25:00,long,48106.0,48031.0,-150.0,28.0,-75.0,17,TREND,CHOP_BUY,False,True,10:00-10:30
2026-04-09,09:53:00,10:15:00,long,48074.0,48005.0,-138.0,19.0,-69.0,22,TREND,TREND_LONG,False,True,10:00-10:30
2026-04-10,09:47:00,10:04:00,short,48200.0,48274.0,-148.0,11.0,-74.0,17,TREND,TREND_SHORT,False,True,10:00-10:30
2026-04-13,09:49:00,09:51:00,long,47908.0,47836.0,-144.0,24.0,-72.0,2,TREND,TREND_LONG,False,True,09:30-10:00
2026-04-13,10:00:00,10:01:00,long,47973.0,47898.0,-150.0,0.0,-75.0,1,TREND,TREND_LONG,False,True,10:00-10:30
2026-04-14,10:09:00,10:25:00,long,48673.0,48604.0,-138.0,31.0,-69.0,16,TREND,TREND_LONG,False,True,10:00-10:30
2026-04-22,09:44:00,09:46:00,short,49621.0,49696.0,-150.0,0.0,-75.0,2,TREND,TREND_SHORT,False,True,09:30-10:00
2026-04-27,09:48:00,09:50:00,short,49299.0,49391.0,-184.0,0.0,-92.0,2,TREND,TREND_SHORT,False,True,09:30-10:00
2026-04-29,09:43:00,10:09:00,short,49088.0,49152.0,-64.0,89.0,-64.0,26,TREND,TREND_SHORT,True,True,10:00-10:30
2026-05-05,09:42:00,09:50:00,short,49158.0,49222.0,-128.0,29.0,-64.0,8,TREND,TREND_SHORT,False,True,09:30-10:00
2026-05-05,10:10:00,10:14:00,long,49359.0,49288.0,-142.0,8.0,-71.0,4,TREND,TREND_LONG,False,True,10:00-10:30
2026-05-08,10:10:00,10:24:00,short,49746.0,49810.0,-128.0,0.0,-64.0,14,TREND,TREND_SHORT,False,True,10:00-10:30
2026-05-11,09:50:00,10:03:00,long,49764.0,49699.0,-130.0,39.0,-65.0,13,TREND,TREND_LONG,False,True,10:00-10:30
2026-05-11,10:12:00,10:19:00,short,49678.0,49742.0,-128.0,3.0,-64.0,7,TREND,CHOP_SELL,False,True,10:00-10:30
2026-05-12,09:44:00,09:59:00,short,49437.0,49504.0,-134.0,23.0,-67.0,15,TREND,TREND_SHORT,False,True,09:30-10:00
2026-05-15,09:43:00,09:55:00,short,49650.0,49729.0,-158.0,17.0,-79.0,12,TREND,TREND_SHORT,False,True,09:30-10:00
