date,exp_pl,pin_pl,exp_trades,pin_trades,pin_mode
2023-12-19,-10.0,-180.0,2,3,CHOP
2024-01-10,0.0,-180.0,2,4,CHOP
2024-02-13,76.0,-158.0,3,5,CHOP
2024-02-22,30.0,56.0,3,5,CHOP
2024-02-26,-108.0,-108.0,2,2,CHOP
2024-02-27,-40.0,-40.0,2,2,CHOP
2024-02-28,48.0,48.0,2,4,CHOP
2024-02-29,109.0,108.0,3,4,CHOP
2024-03-01,-33.0,-33.0,4,4,CHOP
2024-03-04,28.0,28.0,2,2,CHOP
2024-03-05,-342.0,-370.0,3,5,CHOP
2024-03-06,-34.0,-34.0,2,2,CHOP
2024-03-07,-16.0,-16.0,2,2,CHOP
2024-03-08,24.0,24.0,3,3,CHOP
2024-03-11,104.0,37.0,3,5,CHOP
2024-03-12,106.0,55.0,3,4,CHOP
2024-03-13,98.0,98.0,3,3,CHOP
2024-03-14,62.0,145.0,2,3,CHOP
2024-03-15,-136.0,-136.0,2,2,CHOP
2024-03-18,-232.0,-154.0,3,4,CHOP
2024-03-19,4.0,4.0,2,2,CHOP
2024-03-20,90.0,90.0,3,3,CHOP
2024-03-21,91.0,91.0,3,3,CHOP
2024-03-22,55.0,-48.0,2,5,CHOP
2024-03-25,-24.0,-52.0,2,2,CHOP
2024-03-26,0.0,-88.0,0,2,CHOP
2024-03-27,-182.0,-182.0,2,2,CHOP
2024-03-28,54.0,46.0,2,4,CHOP
2024-04-01,55.0,182.0,2,5,CHOP
2024-04-02,-70.0,-70.0,2,2,CHOP
2024-04-03,102.0,111.0,3,5,CHOP
2024-04-04,108.0,129.0,3,5,CHOP
2024-04-05,-62.0,91.0,2,3,CHOP
2024-04-08,-306.0,-306.0,3,3,CHOP
2024-04-09,221.0,221.0,4,4,CHOP
2024-04-10,0.0,-2.0,0,2,CHOP
2024-04-11,93.0,183.0,3,3,CHOP
2024-04-12,-152.0,-44.0,3,4,CHOP
2024-04-15,51.0,303.0,2,3,CHOP
2024-04-16,70.0,40.0,2,4,CHOP
2024-04-17,-246.0,-246.0,3,3,CHOP
2024-04-18,111.0,111.0,3,3,CHOP
2024-04-19,-40.0,-40.0,3,3,CHOP
2024-04-22,0.0,20.0,0,2,CHOP
2024-04-23,-14.0,-14.0,3,3,CHOP
2024-04-24,-88.0,-88.0,2,2,CHOP
2024-04-25,90.0,90.0,3,3,CHOP
2024-04-26,237.0,237.0,4,4,CHOP
2024-04-29,0.0,14.0,0,2,CHOP
2024-04-30,-288.0,-222.0,3,4,CHOP
2024-05-01,0.0,4.0,0,2,CHOP
2024-05-02,1.0,1.0,3,3,CHOP
2024-05-03,102.0,166.0,3,3,CHOP
2024-05-06,26.0,93.0,2,3,CHOP
2024-05-07,52.0,56.0,2,4,CHOP
2024-05-08,-20.0,-20.0,2,2,CHOP
2024-05-09,54.0,193.0,2,5,CHOP
2024-05-10,0.0,-36.0,0,4,CHOP
2024-05-13,0.0,-56.0,0,2,CHOP
2024-05-14,-42.0,-42.0,2,2,CHOP
2024-05-15,-46.0,-46.0,2,2,CHOP
2024-05-16,-130.0,-130.0,4,4,CHOP
2024-05-17,0.0,-56.0,0,2,CHOP
2024-05-20,70.0,70.0,2,2,CHOP
2024-05-21,-4.0,-4.0,2,2,CHOP
2024-05-22,-20.0,-20.0,2,2,CHOP
2024-05-23,262.0,279.0,6,6,CHOP
2024-05-24,-42.0,-42.0,2,2,CHOP
2024-05-27,2.0,2.0,2,2,CHOP
2024-05-28,-212.0,-150.0,3,4,CHOP
2024-05-29,-38.0,-38.0,2,2,CHOP
2024-05-30,48.0,-46.0,3,4,CHOP
2024-05-31,8.0,8.0,2,2,CHOP
2024-06-03,86.0,86.0,3,3,CHOP
2024-06-04,103.0,103.0,3,3,CHOP
2024-06-05,-276.0,-276.0,4,4,CHOP
2024-06-06,219.0,351.0,4,5,CHOP
2024-06-07,98.0,98.0,3,3,CHOP
2024-06-10,-78.0,-78.0,2,2,CHOP
2024-06-11,0.0,0.0,3,3,CHOP
2024-06-12,103.0,103.0,3,3,CHOP
2024-06-13,89.0,148.0,3,3,CHOP
2024-06-14,90.0,90.0,3,3,CHOP
2024-06-17,-84.0,-84.0,2,2,CHOP
2024-06-18,-30.0,-30.0,2,2,CHOP
2024-06-19,44.0,-18.0,2,3,CHOP
2024-06-20,115.0,155.0,3,7,CHOP
2024-06-24,20.0,42.0,5,6,CHOP
2024-06-25,68.0,68.0,3,3,CHOP
2024-06-26,0.0,-48.0,0,2,CHOP
2024-06-27,14.0,14.0,2,2,CHOP
2024-06-28,-126.0,-126.0,2,2,CHOP
2024-07-01,-374.0,-374.0,3,3,CHOP
2024-07-02,0.0,-34.0,0,2,CHOP
2024-07-03,-14.0,-14.0,2,2,CHOP
2024-07-04,0.0,0.0,4,4,CHOP
2024-07-05,-352.0,-352.0,3,3,CHOP
2024-07-08,-280.0,-280.0,2,2,CHOP
2024-07-09,-152.0,-152.0,5,5,CHOP
2024-07-10,0.0,-8.0,0,2,CHOP
2024-07-11,52.0,52.0,3,3,CHOP
2024-07-12,72.0,72.0,2,2,CHOP
2024-07-15,172.0,-108.0,4,4,CHOP
2024-07-16,444.0,444.0,4,4,CHOP
2024-07-17,97.0,97.0,3,3,CHOP
2024-07-18,104.0,104.0,3,3,CHOP
2024-07-19,34.0,34.0,2,2,CHOP
2024-07-22,61.0,61.0,3,3,CHOP
2024-07-23,26.0,26.0,2,2,CHOP
2024-07-24,295.0,295.0,4,4,CHOP
2024-07-25,137.0,137.0,6,6,CHOP
2024-07-26,93.0,73.0,3,5,CHOP
2024-07-29,0.0,44.0,0,2,CHOP
2024-07-30,94.0,142.0,4,5,CHOP
2024-07-31,7.0,66.0,5,5,CHOP
2024-08-01,97.0,97.0,5,5,CHOP
2024-08-02,167.0,167.0,4,4,CHOP
2024-08-05,-5.0,-5.0,3,3,CHOP
2024-08-06,101.0,101.0,6,6,CHOP
2024-08-07,69.0,-18.0,3,4,CHOP
2024-08-08,65.0,188.0,2,5,CHOP
2024-08-09,-436.0,-468.0,3,5,CHOP
2024-08-12,24.0,24.0,3,3,CHOP
2024-08-13,-434.0,-434.0,3,3,CHOP
2024-08-14,-8.0,-8.0,2,2,CHOP
2024-08-15,201.0,201.0,5,5,CHOP
2024-08-16,-336.0,-262.0,4,5,CHOP
2024-08-19,-26.0,-26.0,2,2,CHOP
2024-08-20,0.0,-2.0,0,2,CHOP
2024-08-21,14.0,14.0,3,3,CHOP
2024-08-22,100.0,164.0,3,5,CHOP
2024-08-23,1.0,1.0,6,6,CHOP
2024-08-26,74.0,178.0,3,5,CHOP
2024-08-27,-8.0,-8.0,2,2,CHOP
2024-08-28,3.0,3.0,3,3,CHOP
2024-08-29,-494.0,-494.0,2,2,CHOP
2024-08-30,-76.0,-76.0,2,2,CHOP
2024-09-02,10.0,10.0,2,2,CHOP
2024-09-03,56.0,250.0,2,5,CHOP
2024-09-04,16.0,16.0,2,2,CHOP
2024-09-05,0.0,30.0,0,2,CHOP
2024-09-06,101.0,101.0,3,3,CHOP
2024-09-09,110.0,447.0,3,3,CHOP
2024-09-10,114.0,177.0,3,3,CHOP
2024-09-11,43.0,43.0,6,6,CHOP
2024-09-12,72.0,-47.0,3,5,CHOP
2024-09-13,102.0,102.0,3,3,CHOP
2024-09-16,-384.0,-144.0,2,4,CHOP
2024-09-17,-242.0,-260.0,3,5,CHOP
2024-09-18,-72.0,-40.0,2,4,CHOP
2024-09-19,-34.0,-34.0,3,3,CHOP
2024-09-23,-176.0,-176.0,2,2,CHOP
2024-09-24,-44.0,-44.0,2,2,CHOP
2024-09-25,115.0,124.0,3,4,CHOP
2024-09-26,40.0,40.0,2,2,CHOP
2024-09-27,105.0,170.0,3,3,CHOP
2024-09-30,0.0,-10.0,0,2,CHOP
2024-10-01,58.0,58.0,2,2,CHOP
2024-10-02,0.0,-6.0,0,2,CHOP
2024-10-03,-529.0,-529.0,4,4,CHOP
2024-10-04,102.0,102.0,3,3,CHOP
2024-10-07,27.0,27.0,3,3,CHOP
2024-10-08,0.0,-6.0,0,2,CHOP
2024-10-09,-15.0,-15.0,3,3,CHOP
2024-10-10,0.0,-42.0,0,2,CHOP
2024-10-11,99.0,145.0,3,3,CHOP
2024-10-14,70.0,70.0,2,2,CHOP
2024-10-15,-230.0,-230.0,2,2,CHOP
2024-10-16,51.0,103.0,2,3,CHOP
2024-10-17,-16.0,-16.0,2,2,CHOP
2024-10-18,-106.0,-106.0,2,2,CHOP
2024-10-21,50.0,135.0,2,5,CHOP
2024-10-22,-70.0,-70.0,3,3,CHOP
2024-10-23,42.0,56.0,3,5,CHOP
2024-10-24,-134.0,-102.0,2,4,CHOP
2024-10-25,-92.0,-92.0,2,2,CHOP
2024-10-28,-4.0,-222.0,2,4,CHOP
2024-10-29,-140.0,-140.0,5,5,CHOP
2024-10-30,3.0,3.0,5,5,CHOP
2024-10-31,52.0,-122.0,2,4,CHOP
2024-11-01,141.0,80.0,4,4,CHOP
2024-11-04,0.0,-2.0,0,2,CHOP
2024-11-05,70.0,364.0,2,8,CHOP
2024-11-06,-334.0,-334.0,3,3,CHOP
2024-11-07,-58.0,-48.0,2,4,CHOP
2024-11-08,146.0,146.0,4,4,CHOP
2024-11-11,-120.0,-120.0,2,2,CHOP
2024-11-12,52.0,169.0,2,5,CHOP
2024-11-13,63.0,63.0,3,3,CHOP
2024-11-14,60.0,60.0,3,3,CHOP
2024-11-15,94.0,94.0,3,3,CHOP
2024-11-18,-108.0,-108.0,2,2,CHOP
2024-11-19,-320.0,-320.0,3,3,CHOP
2024-11-20,106.0,106.0,3,3,CHOP
2024-11-21,-300.0,-300.0,2,2,CHOP
2024-11-22,-254.0,-194.0,2,4,CHOP
2024-11-25,0.0,70.0,0,3,CHOP
2024-11-26,94.0,166.0,3,4,CHOP
2024-11-27,0.0,2.0,0,2,CHOP
2024-11-28,-74.0,-68.0,3,5,CHOP
2024-11-29,0.0,-38.0,0,2,CHOP
2024-12-02,114.0,10.0,3,2,CHOP
2024-12-03,66.0,-48.0,2,6,CHOP
2024-12-04,98.0,-25.0,3,7,CHOP
2024-12-05,0.0,36.0,0,2,CHOP
2024-12-06,-2.0,-2.0,2,2,CHOP
2024-12-09,-36.0,-68.0,2,4,CHOP
2024-12-10,12.0,12.0,2,2,CHOP
2024-12-11,252.0,252.0,5,5,CHOP
2024-12-12,-256.0,-256.0,3,3,CHOP
2024-12-13,65.0,-86.0,3,2,CHOP
2024-12-16,67.0,67.0,3,3,CHOP
2024-12-17,-62.0,-62.0,2,2,CHOP
2024-12-18,97.0,97.0,3,3,CHOP
2024-12-19,46.0,50.0,5,6,CHOP
2024-12-23,320.0,320.0,5,5,CHOP
2024-12-24,69.0,253.0,2,3,CHOP
2024-12-26,-196.0,-196.0,2,2,CHOP
2024-12-27,-240.0,-240.0,5,5,CHOP
2024-12-30,-114.0,-114.0,5,5,CHOP
2024-12-31,-70.0,-70.0,2,2,CHOP
2025-01-02,-351.0,-351.0,4,4,CHOP
2025-01-03,28.0,28.0,3,3,CHOP
2025-01-06,106.0,106.0,3,3,CHOP
2025-01-07,124.0,330.0,2,3,CHOP
2025-01-08,135.0,135.0,5,5,CHOP
2025-01-10,117.0,401.0,2,5,CHOP
2025-01-13,86.0,86.0,3,3,CHOP
2025-01-14,22.0,11.0,3,5,CHOP
2025-01-15,-16.0,-16.0,2,2,CHOP
2025-01-16,82.0,136.0,3,5,CHOP
2025-01-17,0.0,0.0,2,2,CHOP
2025-01-20,90.0,-84.0,3,4,CHOP
2025-01-21,105.0,105.0,3,3,CHOP
2025-01-22,0.0,-212.0,0,4,CHOP
2025-01-23,-114.0,-114.0,2,2,CHOP
2025-01-24,-54.0,-334.0,2,3,CHOP
2025-01-27,-4.0,-4.0,2,2,CHOP
2025-01-28,-191.0,97.0,4,3,CHOP
2025-01-29,-76.0,-76.0,2,2,CHOP
2025-01-30,16.0,16.0,3,3,CHOP
2025-01-31,156.0,156.0,3,3,CHOP
2025-02-03,-490.0,-188.0,3,4,CHOP
2025-02-04,-60.0,-60.0,2,2,CHOP
2025-02-05,231.0,432.0,4,5,CHOP
2025-02-06,228.0,130.0,4,3,CHOP
2025-02-07,-181.0,-181.0,4,4,CHOP
2025-02-10,0.0,26.0,0,2,CHOP
2025-02-11,-142.0,-142.0,2,2,CHOP
2025-02-12,-304.0,-136.0,2,4,CHOP
2025-02-13,0.0,10.0,0,2,CHOP
2025-02-14,-244.0,-244.0,3,3,CHOP
2025-02-17,6.0,6.0,2,2,CHOP
2025-02-18,-114.0,-114.0,2,2,CHOP
2025-02-19,-40.0,-40.0,2,2,CHOP
2025-02-20,318.0,245.0,4,5,CHOP
2025-02-21,106.0,141.0,3,3,CHOP
2025-02-24,76.0,76.0,3,3,CHOP
2025-02-25,136.0,136.0,6,6,CHOP
2025-02-26,-15.0,-15.0,5,5,CHOP
2025-02-27,104.0,104.0,3,3,CHOP
2025-02-28,129.0,129.0,3,3,CHOP
2025-03-03,110.0,110.0,3,3,CHOP
2025-03-04,98.0,273.0,3,3,CHOP
2025-03-05,0.0,-6.0,0,2,CHOP
2025-03-06,-397.0,-397.0,6,6,CHOP
2025-03-07,304.0,304.0,5,5,CHOP
2025-03-10,-194.0,-194.0,2,2,CHOP
2025-03-11,-536.0,-536.0,3,3,CHOP
2025-03-12,-163.0,-163.0,5,5,CHOP
2025-03-13,-394.0,-158.0,3,4,CHOP
2025-03-14,-182.0,-182.0,2,2,CHOP
2025-03-17,0.0,0.0,0,2,CHOP
2025-03-18,-126.0,-126.0,2,2,CHOP
2025-03-19,50.0,50.0,2,2,CHOP
2025-03-20,196.0,196.0,6,6,CHOP
2025-03-24,12.0,12.0,2,2,CHOP
2025-03-25,-132.0,-132.0,2,2,CHOP
2025-03-26,0.0,88.0,0,3,CHOP
2025-03-27,119.0,119.0,4,4,CHOP
2025-03-28,55.0,442.0,2,3,CHOP
2025-03-31,107.0,107.0,3,3,CHOP
2025-04-01,103.0,103.0,3,3,CHOP
2025-04-02,283.0,283.0,4,4,CHOP
2025-04-03,35.0,35.0,5,5,CHOP
2025-04-04,-538.0,-538.0,4,4,CHOP
2025-04-07,-1019.0,-1019.0,4,4,CHOP
2025-04-08,57.0,57.0,3,3,CHOP
2025-04-09,-73.0,-73.0,3,3,CHOP
2025-04-10,21.0,21.0,3,3,CHOP
2025-04-11,-220.0,-220.0,3,3,CHOP
2025-04-14,-228.0,-228.0,2,2,CHOP
2025-04-15,-266.0,-266.0,2,2,CHOP
2025-04-16,211.0,313.0,5,5,CHOP
2025-04-17,-170.0,-170.0,4,4,CHOP
2025-04-21,759.0,284.0,4,5,CHOP
2025-04-22,71.0,71.0,3,3,CHOP
2025-04-23,0.0,-94.0,0,2,CHOP
2025-04-24,54.0,323.0,2,3,CHOP
2025-04-25,105.0,105.0,3,3,CHOP
2025-04-28,-84.0,-84.0,2,2,CHOP
2025-04-29,-422.0,-422.0,3,3,CHOP
2025-04-30,-200.0,-200.0,3,3,CHOP
2025-05-01,-57.0,-57.0,5,5,CHOP
2025-05-02,-5.0,84.0,3,5,CHOP
2025-05-05,125.0,151.0,3,5,CHOP
2025-05-06,-192.0,-192.0,4,4,CHOP
2025-05-07,-6.0,-6.0,2,2,CHOP
2025-05-08,16.0,16.0,3,3,CHOP
2025-05-09,52.0,211.0,2,3,CHOP
2025-05-12,93.0,93.0,3,3,CHOP
2025-05-13,47.0,47.0,3,3,CHOP
2025-05-14,-140.0,-140.0,2,2,CHOP
2025-05-15,-106.0,-106.0,2,2,CHOP
2025-05-16,-48.0,-48.0,2,2,CHOP
2025-05-19,60.0,60.0,4,4,CHOP
2025-05-20,-2.0,-98.0,2,4,CHOP
2025-05-21,-122.0,26.0,2,4,CHOP
2025-05-22,-178.0,-178.0,2,2,CHOP
2025-05-23,95.0,73.0,3,5,CHOP
2025-05-26,-204.0,-204.0,4,4,CHOP
2025-05-27,84.0,84.0,2,2,CHOP
2025-05-28,70.0,70.0,2,2,CHOP
2025-05-29,-500.0,-500.0,3,3,CHOP
2025-05-30,102.0,138.0,3,5,CHOP
2025-06-02,50.0,50.0,3,3,CHOP
2025-06-03,-182.0,-182.0,2,2,CHOP
2025-06-04,0.0,-22.0,0,2,CHOP
2025-06-05,-2.0,-2.0,3,3,CHOP
2025-06-06,-192.0,-46.0,2,4,CHOP
2025-06-09,-78.0,-78.0,2,2,CHOP
2025-06-10,-80.0,-80.0,2,2,CHOP
2025-06-11,91.0,155.0,3,3,CHOP
2025-06-12,125.0,224.0,3,3,CHOP
2025-06-13,-27.0,-27.0,5,5,CHOP
2025-06-16,106.0,189.0,3,3,CHOP
2025-06-17,91.0,91.0,3,3,CHOP
2025-06-18,229.0,229.0,4,4,CHOP
2025-06-19,92.0,92.0,3,3,CHOP
2025-06-23,92.0,92.0,3,3,CHOP
2025-06-24,8.0,112.0,3,4,CHOP
2025-06-25,32.0,32.0,2,2,CHOP
2025-06-26,0.0,-2.0,0,2,CHOP
2025-06-27,102.0,374.0,3,3,CHOP
2025-06-30,-26.0,-26.0,2,2,CHOP
2025-07-01,60.0,152.0,2,3,CHOP
2025-07-02,0.0,20.0,0,2,CHOP
2025-07-03,53.0,117.0,2,5,CHOP
2025-07-04,10.0,10.0,3,3,CHOP
2025-07-07,92.0,92.0,3,3,CHOP
2025-07-08,-278.0,-278.0,3,3,CHOP
2025-07-09,-203.0,-128.0,4,4,CHOP
2025-07-10,51.0,200.0,2,3,CHOP
2025-07-11,-280.0,-280.0,3,3,CHOP
2025-07-14,-142.0,-142.0,2,2,CHOP
2025-07-15,92.0,92.0,2,2,CHOP
2025-07-16,-6.0,-6.0,2,2,CHOP
2025-07-17,-302.0,-302.0,2,2,CHOP
2025-07-18,66.0,142.0,2,3,CHOP
2025-07-21,-166.0,-166.0,3,3,CHOP
2025-07-22,0.0,-12.0,0,2,CHOP
2025-07-23,24.0,24.0,3,3,CHOP
2025-07-24,106.0,200.0,3,3,CHOP
2025-07-25,6.0,6.0,3,3,CHOP
2025-07-28,-230.0,-230.0,3,3,CHOP
2025-07-29,-40.0,-40.0,2,2,CHOP
2025-07-30,-200.0,-200.0,3,3,CHOP
2025-07-31,-92.0,-14.0,2,4,CHOP
2025-08-01,-3.0,-271.0,3,5,CHOP
2025-08-04,91.0,-12.0,3,4,CHOP
2025-08-05,99.0,171.0,3,3,CHOP
2025-08-06,-28.0,-28.0,2,2,CHOP
2025-08-07,415.0,415.0,4,4,CHOP
2025-08-08,-138.0,-99.0,4,6,CHOP
2025-08-11,99.0,99.0,3,3,CHOP
2025-08-12,-255.0,-255.0,4,4,CHOP
2025-08-13,60.0,60.0,3,3,CHOP
2025-08-14,-48.0,-48.0,2,2,CHOP
2025-08-15,100.0,131.0,3,3,CHOP
2025-08-18,-264.0,-264.0,3,3,CHOP
2025-08-19,110.0,110.0,4,4,CHOP
2025-08-20,135.0,307.0,5,6,CHOP
2025-08-21,115.0,178.0,3,5,CHOP
2025-08-22,490.0,61.0,4,6,CHOP
2025-08-25,98.0,98.0,3,3,CHOP
2025-08-26,-78.0,-98.0,2,4,CHOP
2025-08-27,-38.0,-38.0,2,2,CHOP
2025-08-28,-14.0,-14.0,2,2,CHOP
2025-08-29,-104.0,-104.0,4,4,CHOP
2025-09-01,84.0,94.0,2,4,CHOP
2025-09-02,98.0,132.0,3,5,CHOP
2025-09-03,71.0,71.0,3,3,CHOP
2025-09-04,22.0,22.0,2,2,CHOP
2025-09-05,67.0,387.0,2,3,CHOP
2025-09-08,-178.0,-178.0,2,2,CHOP
2025-09-09,-386.0,-386.0,3,3,CHOP
2025-09-10,-204.0,-204.0,2,2,CHOP
2025-09-11,71.0,374.0,2,3,CHOP
2025-09-12,6.0,6.0,2,2,CHOP
2025-09-15,-2.0,-170.0,2,4,CHOP
2025-09-16,98.0,98.0,3,3,CHOP
2025-09-17,0.0,-38.0,0,2,CHOP
2025-09-18,-230.0,-230.0,6,6,CHOP
2025-09-22,62.0,233.0,2,3,CHOP
2025-09-23,13.0,-171.0,3,5,CHOP
2025-09-24,-38.0,-38.0,2,2,CHOP
2025-09-25,-58.0,-58.0,2,2,CHOP
2025-09-26,-360.0,-360.0,3,3,CHOP
2025-09-29,-20.0,-20.0,2,2,CHOP
2025-09-30,-168.0,-168.0,3,3,CHOP
2025-10-01,0.0,-102.0,0,4,CHOP
2025-10-02,-232.0,-232.0,4,4,CHOP
2025-10-03,288.0,288.0,4,4,CHOP
2025-10-06,99.0,99.0,3,3,CHOP
2025-10-07,54.0,150.0,2,3,CHOP
2025-10-08,0.0,-10.0,0,2,CHOP
2025-10-09,116.0,116.0,3,3,CHOP
2025-10-10,-420.0,-420.0,3,3,CHOP
2025-10-13,-276.0,-276.0,2,2,CHOP
2025-10-14,-267.0,-267.0,5,5,CHOP
2025-10-15,236.0,236.0,5,5,CHOP
2025-10-16,-144.0,-144.0,4,4,CHOP
2025-10-17,-14.0,-14.0,3,3,CHOP
2025-10-20,94.0,94.0,3,3,CHOP
2025-10-21,51.0,250.0,2,3,CHOP
2025-10-22,28.0,28.0,2,2,CHOP
2025-10-23,-206.0,-206.0,4,4,CHOP
2025-10-24,19.0,4.0,3,5,CHOP
2025-10-27,-130.0,-130.0,2,2,CHOP
2025-10-28,-268.0,-166.0,2,4,CHOP
2025-10-29,-32.0,-32.0,2,2,CHOP
2025-10-30,113.0,364.0,3,6,CHOP
2025-10-31,-150.0,-162.0,2,4,CHOP
2025-11-03,98.0,98.0,3,3,CHOP
2025-11-04,-22.0,-22.0,4,4,CHOP
2025-11-05,122.0,122.0,3,3,CHOP
2025-11-06,77.0,137.0,2,5,CHOP
2025-11-07,16.0,16.0,2,2,CHOP
2025-11-10,36.0,36.0,2,2,CHOP
2025-11-11,97.0,-84.0,3,4,CHOP
2025-11-12,82.0,82.0,3,3,CHOP
2025-11-13,-22.0,-22.0,2,2,CHOP
2025-11-14,-354.0,-354.0,2,2,CHOP
2025-11-17,0.0,97.0,0,3,CHOP
2025-11-18,-454.0,-454.0,4,4,CHOP
2025-11-19,95.0,95.0,3,3,CHOP
2025-11-20,46.0,46.0,2,2,CHOP
2025-11-21,-205.0,-205.0,4,4,CHOP
2025-11-24,-162.0,-162.0,4,4,CHOP
2025-11-25,-51.0,-51.0,3,3,CHOP
2025-11-26,0.0,26.0,0,2,CHOP
2025-11-27,-8.0,14.0,2,2,CHOP
2025-11-28,205.0,205.0,4,4,CHOP
2025-12-01,-7.0,-7.0,4,4,CHOP
2025-12-02,-222.0,-222.0,2,2,CHOP
2025-12-03,108.0,108.0,3,3,CHOP
2025-12-04,40.0,111.0,3,5,CHOP
2025-12-05,66.0,66.0,3,3,CHOP
2025-12-08,0.0,66.0,0,2,CHOP
2025-12-09,-144.0,-144.0,2,2,CHOP
2025-12-10,118.0,118.0,3,3,CHOP
2025-12-11,89.0,89.0,3,3,CHOP
2025-12-12,-102.0,-8.0,4,5,CHOP
2025-12-15,117.0,117.0,4,4,CHOP
2025-12-16,100.0,100.0,3,3,CHOP
2025-12-17,-114.0,-114.0,2,2,CHOP
2025-12-18,-58.0,-58.0,3,3,CHOP
2025-12-22,0.0,-24.0,0,2,CHOP
2025-12-23,52.0,52.0,2,2,CHOP
2025-12-24,58.0,148.0,2,3,CHOP
2025-12-26,-344.0,-344.0,3,3,CHOP
2025-12-29,105.0,126.0,3,5,CHOP
2025-12-30,0.0,0.0,0,0,TREND
2025-12-31,50.0,-98.0,2,4,CHOP
2026-01-02,0.0,2.0,0,2,CHOP
2026-01-05,56.0,264.0,2,3,CHOP
2026-01-06,154.0,154.0,4,4,CHOP
2026-01-07,367.0,240.0,4,3,CHOP
2026-01-08,-106.0,-106.0,5,5,CHOP
2026-01-09,-154.0,-154.0,4,4,CHOP
2026-01-12,-130.0,-140.0,2,4,CHOP
2026-01-13,260.0,260.0,4,4,CHOP
2026-01-14,120.0,120.0,3,3,CHOP
2026-01-15,82.0,82.0,3,3,CHOP
2026-01-16,58.0,58.0,3,3,CHOP
2026-01-19,-52.0,-52.0,2,2,CHOP
2026-01-20,-641.0,-584.0,5,5,CHOP
2026-01-21,106.0,304.0,3,3,CHOP
2026-01-22,-18.0,-212.0,3,4,CHOP
2026-01-23,-160.0,40.0,2,2,CHOP
2026-01-26,-116.0,-116.0,2,2,CHOP
2026-01-27,28.0,28.0,2,2,CHOP
2026-01-28,17.0,-266.0,3,4,CHOP
2026-01-29,401.0,401.0,4,4,CHOP
2026-01-30,98.0,98.0,3,3,CHOP
2026-02-02,68.0,68.0,3,3,CHOP
2026-02-03,0.0,-20.0,0,2,CHOP
2026-02-04,-44.0,-44.0,2,2,CHOP
2026-02-05,-282.0,-282.0,4,4,CHOP
2026-02-06,117.0,201.0,3,3,CHOP
2026-02-09,6.0,6.0,5,5,CHOP
2026-02-10,85.0,85.0,3,3,CHOP
2026-02-11,50.0,351.0,2,3,CHOP
2026-02-12,-90.0,-90.0,2,2,CHOP
2026-02-13,90.0,90.0,3,3,CHOP
2026-02-16,-330.0,-330.0,3,3,CHOP
2026-02-17,148.0,148.0,4,4,CHOP
2026-02-18,50.0,50.0,3,3,CHOP
2026-02-19,-178.0,-178.0,2,2,CHOP
2026-02-20,436.0,438.0,3,5,CHOP
2026-02-23,23.0,23.0,5,5,CHOP
2026-02-24,0.0,-10.0,0,2,CHOP
2026-02-25,77.0,104.0,3,5,CHOP
2026-02-26,105.0,105.0,3,3,CHOP
2026-02-27,0.0,0.0,0,0,TREND
2026-03-02,141.0,185.0,3,5,CHOP
2026-03-03,161.0,161.0,4,4,CHOP
2026-03-04,82.0,82.0,3,3,CHOP
2026-03-05,82.0,484.0,2,3,CHOP
2026-03-06,-600.0,-600.0,3,3,CHOP
2026-03-09,74.0,74.0,3,3,CHOP
2026-03-10,-94.0,-94.0,3,3,CHOP
2026-03-11,30.0,30.0,3,3,CHOP
2026-03-12,-306.0,-306.0,4,4,CHOP
2026-03-13,-452.0,-452.0,4,4,CHOP
2026-03-16,-24.0,123.0,3,5,CHOP
2026-03-17,99.0,99.0,3,3,CHOP
2026-03-18,76.0,190.0,3,3,CHOP
2026-03-19,-102.0,-102.0,4,4,CHOP
2026-03-23,62.0,62.0,3,3,CHOP
2026-03-24,57.0,208.0,2,3,CHOP
2026-03-25,92.0,391.0,3,5,CHOP
2026-03-26,129.0,129.0,3,3,CHOP
2026-03-27,-102.0,-102.0,2,2,CHOP
2026-03-30,8.0,78.0,3,5,CHOP
2026-03-31,12.0,12.0,3,3,CHOP
2026-04-01,-218.0,-166.0,2,4,CHOP
2026-04-02,58.0,347.0,2,3,CHOP
2026-04-06,103.0,103.0,3,3,CHOP
2026-04-07,-390.0,-390.0,2,2,CHOP
2026-04-08,-382.0,-180.0,3,4,CHOP
2026-04-09,-82.0,-82.0,2,2,CHOP
2026-04-10,-292.0,-212.0,2,4,CHOP
2026-04-13,90.0,90.0,3,3,CHOP
2026-04-14,-140.0,-140.0,2,2,CHOP
2026-04-15,132.0,318.0,3,3,CHOP
2026-04-16,102.0,170.0,3,3,CHOP
2026-04-17,38.0,38.0,4,4,CHOP
2026-04-20,0.0,10.0,0,2,CHOP
2026-04-21,68.0,176.0,3,5,CHOP
2026-04-22,-372.0,-340.0,3,5,CHOP
2026-04-23,91.0,170.0,3,3,CHOP
2026-04-24,-66.0,64.0,2,4,CHOP
2026-04-27,-104.0,-136.0,2,4,CHOP
2026-04-28,152.0,152.0,6,6,CHOP
2026-04-29,38.0,38.0,3,3,CHOP
2026-04-30,443.0,269.0,4,6,CHOP
2026-05-01,96.0,96.0,3,3,CHOP
2026-05-05,-474.0,-474.0,3,3,CHOP
2026-05-06,-22.0,-22.0,2,2,CHOP
2026-05-07,101.0,147.0,3,5,CHOP
2026-05-08,-126.0,-126.0,2,2,CHOP
2026-05-11,56.0,-208.0,2,4,CHOP
2026-05-12,-146.0,-146.0,2,2,CHOP
2026-05-15,-272.0,-214.0,2,4,CHOP
