date,total_lines,active_lines_end,retired_lines,orange_count,yellow_count,purple_orig_count,blue_orig_count,purple_profit_count,max_touches,avg_touches,strategic_breaks,quadrant_transitions,final_quadrant,session_range,bearish_resolve_score,bullish_resolve_score,classification,resolve_direction
2023-09-19,5,0,3,2,1,1,1,0,0,0.0,3,1,NEUTRAL,90.0,0,1,COMPRESSION,NEUTRAL
2023-09-20,6,0,4,2,2,1,1,0,0,0.0,4,1,NEUTRAL,214.0,1,1,MIXED,NEUTRAL
2023-09-21,5,0,3,1,2,1,1,0,0,0.0,3,1,NEUTRAL,123.0,1,0,COMPRESSION,NEUTRAL
2023-09-25,6,0,4,1,3,1,1,0,0,0.0,4,1,NEUTRAL,78.0,2,0,COMPRESSION,NEUTRAL
2023-09-27,6,0,4,1,3,1,1,0,0,0.0,4,1,NEUTRAL,265.0,2,0,MIXED,NEUTRAL
2023-09-29,6,0,4,2,2,1,1,0,0,0.0,4,1,NEUTRAL,121.0,1,1,COMPRESSION,NEUTRAL
2023-10-02,5,0,3,1,2,1,1,0,0,0.0,3,1,NEUTRAL,200.0,1,0,MIXED,NEUTRAL
2023-10-04,6,0,4,2,2,1,1,0,0,0.0,4,1,NEUTRAL,102.0,1,1,COMPRESSION,NEUTRAL
2023-10-05,6,0,4,2,2,1,1,0,0,0.0,4,1,NEUTRAL,102.0,1,1,COMPRESSION,NEUTRAL
2023-10-06,5,0,3,2,1,1,1,0,0,0.0,3,1,NEUTRAL,102.0,0,1,COMPRESSION,NEUTRAL
2023-10-09,5,0,3,2,1,1,1,0,0,0.0,3,1,NEUTRAL,253.0,0,1,MIXED,NEUTRAL
2023-10-19,5,0,3,2,1,1,1,0,0,0.0,3,1,NEUTRAL,250.0,0,1,MIXED,NEUTRAL
2023-10-24,5,0,3,2,1,1,1,0,0,0.0,3,1,NEUTRAL,200.0,0,1,MIXED,NEUTRAL
2023-10-25,6,0,4,2,2,1,1,0,0,0.0,4,1,NEUTRAL,200.0,1,1,MIXED,NEUTRAL
2023-10-26,5,0,3,1,2,1,1,0,0,0.0,3,1,NEUTRAL,200.0,1,0,MIXED,NEUTRAL
2023-10-30,5,0,3,2,1,1,1,0,0,0.0,3,1,NEUTRAL,374.0,0,1,MIXED,NEUTRAL
2023-10-31,5,0,3,1,2,1,1,0,0,0.0,3,1,NEUTRAL,98.0,1,0,COMPRESSION,NEUTRAL
2023-11-01,5,0,3,2,1,1,1,0,0,0.0,3,1,NEUTRAL,50.0,0,1,COMPRESSION,NEUTRAL
2023-11-08,7,0,5,2,3,1,1,0,0,0.0,5,1,NEUTRAL,102.0,2,1,MIXED,NEUTRAL
2023-11-09,5,0,3,1,2,1,1,0,0,0.0,3,1,NEUTRAL,219.0,1,0,MIXED,NEUTRAL
2023-11-10,5,0,3,2,1,1,1,0,0,0.0,3,1,NEUTRAL,323.0,0,1,MIXED,NEUTRAL
2023-11-14,5,0,3,2,1,1,1,0,0,0.0,3,1,NEUTRAL,311.0,0,1,MIXED,NEUTRAL
2023-11-15,6,0,4,3,1,1,1,0,0,0.0,4,1,NEUTRAL,91.0,0,2,COMPRESSION,NEUTRAL
2023-11-16,5,0,3,1,2,1,1,0,0,0.0,3,1,NEUTRAL,2.0,1,0,COMPRESSION,NEUTRAL
2023-11-28,8,0,6,5,1,1,1,0,0,0.0,6,1,NEUTRAL,230.0,0,4,RESOLVE,BULLISH
2023-11-29,6,0,4,2,2,1,1,0,0,0.0,4,1,NEUTRAL,126.0,1,1,COMPRESSION,NEUTRAL
2023-11-30,16,0,14,13,1,1,1,0,0,0.0,14,1,NEUTRAL,371.0,0,12,STRONG_TREND,BULLISH
2023-12-01,10,0,8,7,1,1,1,0,0,0.0,8,1,NEUTRAL,249.0,0,6,RESOLVE,BULLISH
2023-12-04,5,0,3,1,2,1,1,0,1,1.0,3,1,NEUTRAL,4.0,1,0,COMPRESSION,NEUTRAL
2023-12-06,6,0,4,2,2,1,1,0,0,0.0,4,1,NEUTRAL,100.0,1,1,COMPRESSION,NEUTRAL
2023-12-11,7,0,5,4,1,1,1,0,0,0.0,5,1,NEUTRAL,128.0,0,3,MIXED,BULLISH
2023-12-13,11,0,9,7,2,1,1,0,1,1.0,9,1,NEUTRAL,561.0,1,6,RESOLVE,BULLISH
2023-12-14,7,0,5,1,4,1,1,0,0,0.0,5,1,NEUTRAL,150.0,3,0,MIXED,BEARISH
2023-12-15,7,0,5,3,2,1,1,0,0,0.0,5,1,NEUTRAL,164.0,1,2,MIXED,NEUTRAL
2023-12-18,8,0,6,3,3,1,1,0,0,0.0,6,1,NEUTRAL,24.0,2,2,MIXED,NEUTRAL
2023-12-19,12,0,10,8,2,1,1,0,0,0.0,10,1,NEUTRAL,173.0,1,7,RESOLVE,BULLISH
2023-12-20,8,0,6,2,4,1,1,0,0,0.0,6,1,NEUTRAL,505.0,3,1,MIXED,NEUTRAL
2023-12-21,10,0,8,5,3,1,1,0,0,0.0,8,1,NEUTRAL,228.0,2,4,RESOLVE,NEUTRAL
2023-12-22,8,0,6,5,1,1,1,0,0,0.0,6,1,NEUTRAL,240.0,0,4,RESOLVE,BULLISH
2023-12-26,6,0,4,2,2,1,1,0,0,0.0,4,1,NEUTRAL,142.0,1,1,COMPRESSION,NEUTRAL
2023-12-27,9,0,7,5,2,1,1,0,1,1.0,7,1,NEUTRAL,120.0,1,4,RESOLVE,BULLISH
2023-12-28,7,0,5,4,1,1,1,0,0,0.0,5,1,NEUTRAL,99.0,0,3,MIXED,BULLISH
2023-12-29,6,0,4,1,3,1,1,0,0,0.0,4,1,NEUTRAL,186.0,2,0,MIXED,NEUTRAL
2024-01-02,9,0,7,6,1,1,1,0,0,0.0,7,1,NEUTRAL,242.0,0,5,RESOLVE,BULLISH
2024-01-03,13,0,11,4,7,1,1,0,1,1.0,11,1,NEUTRAL,178.0,6,3,RESOLVE,BEARISH
2024-01-04,15,0,13,11,2,1,1,0,0,0.0,13,1,NEUTRAL,230.0,1,10,STRONG_TREND,BULLISH
2024-01-05,9,0,7,6,1,1,1,0,0,0.0,7,1,NEUTRAL,317.0,0,5,RESOLVE,BULLISH
2024-01-08,20,0,18,15,3,1,1,0,1,1.0,18,1,NEUTRAL,423.0,2,14,STRONG_TREND,BULLISH
2024-01-09,8,0,6,3,3,1,1,0,0,0.0,6,1,NEUTRAL,101.0,2,2,MIXED,NEUTRAL
2024-01-10,11,0,9,7,2,1,1,0,0,0.0,9,1,NEUTRAL,208.0,1,6,RESOLVE,BULLISH
2024-01-11,11,0,9,1,8,1,1,0,1,1.0,9,1,NEUTRAL,330.0,7,0,RESOLVE,BEARISH
2024-01-12,7,0,5,2,3,1,1,0,0,0.0,5,1,NEUTRAL,292.0,2,1,MIXED,NEUTRAL
2024-01-15,5,0,3,2,1,1,1,0,0,0.0,3,1,NEUTRAL,12.0,0,1,COMPRESSION,NEUTRAL
2024-01-16,13,0,11,2,9,1,1,0,1,1.0,11,1,NEUTRAL,251.0,8,1,STRONG_TREND,BEARISH
2024-01-17,14,0,12,10,2,1,1,0,0,0.0,12,1,NEUTRAL,200.0,1,9,STRONG_TREND,BULLISH
2024-01-18,16,0,14,11,3,1,1,0,0,0.0,14,1,NEUTRAL,375.0,2,10,STRONG_TREND,BULLISH
2024-01-19,17,0,15,12,3,1,1,0,1,1.0,15,1,NEUTRAL,456.0,2,11,STRONG_TREND,BULLISH
2024-01-22,14,0,12,10,2,1,1,0,1,1.0,12,1,NEUTRAL,150.0,1,9,STRONG_TREND,BULLISH
2024-01-23,10,0,8,2,6,1,1,0,0,0.0,8,1,NEUTRAL,154.0,5,1,RESOLVE,BEARISH
2024-01-24,12,0,10,1,9,1,1,0,1,1.0,10,1,NEUTRAL,223.0,8,0,STRONG_TREND,BEARISH
2024-01-25,9,0,7,3,4,1,1,0,0,0.0,7,1,NEUTRAL,220.0,3,2,MIXED,NEUTRAL
2024-01-26,14,0,12,10,2,1,1,0,1,1.0,12,1,NEUTRAL,170.0,1,9,STRONG_TREND,BULLISH
2024-01-29,15,0,13,12,1,1,1,0,1,1.0,13,1,NEUTRAL,260.0,0,11,STRONG_TREND,BULLISH
2024-01-30,18,0,16,13,3,1,1,0,0,0.0,16,1,NEUTRAL,220.0,2,12,STRONG_TREND,BULLISH
2024-01-31,22,0,20,4,16,1,1,0,0,0.0,20,1,NEUTRAL,440.0,15,3,STRONG_TREND,BEARISH
2024-02-01,16,0,14,10,4,1,1,0,1,1.0,14,1,NEUTRAL,362.0,3,9,STRONG_TREND,BULLISH
2024-02-02,19,0,17,14,3,1,1,0,1,1.0,17,1,NEUTRAL,414.0,2,13,STRONG_TREND,BULLISH
2024-02-05,14,0,13,1,11,1,1,0,0,0.0,13,1,NEUTRAL,341.0,10,0,STRONG_TREND,BEARISH
2024-02-06,9,0,7,6,1,1,1,0,0,0.0,7,1,NEUTRAL,146.0,0,5,RESOLVE,BULLISH
2024-02-07,13,0,11,8,3,1,1,0,0,0.0,11,1,NEUTRAL,155.0,2,7,RESOLVE,BULLISH
2024-02-08,14,0,12,2,10,1,1,0,0,0.0,12,1,NEUTRAL,198.0,9,1,STRONG_TREND,BEARISH
2024-02-09,15,0,13,2,11,1,1,0,0,0.0,13,1,NEUTRAL,128.0,10,1,STRONG_TREND,BEARISH
2024-02-12,18,0,16,15,1,1,1,0,0,0.0,16,1,NEUTRAL,283.0,0,14,STRONG_TREND,BULLISH
2024-02-13,24,0,22,1,21,1,1,0,1,1.0,22,1,NEUTRAL,429.0,20,0,STRONG_TREND,BEARISH
2024-02-14,15,0,13,6,7,1,1,0,1,1.0,13,1,NEUTRAL,220.0,6,5,RESOLVE,NEUTRAL
2024-02-15,21,0,19,18,1,1,1,0,0,0.0,19,1,NEUTRAL,334.0,0,17,STRONG_TREND,BULLISH
2024-02-16,18,0,16,12,4,1,1,0,0,0.0,16,1,NEUTRAL,231.0,3,11,STRONG_TREND,BULLISH
2024-02-19,5,0,3,1,2,1,1,0,0,0.0,3,1,NEUTRAL,26.0,1,0,COMPRESSION,NEUTRAL
2024-02-20,12,0,10,4,6,1,1,0,1,1.0,10,1,NEUTRAL,183.0,5,3,RESOLVE,NEUTRAL
2024-02-21,12,0,10,6,4,1,1,0,1,1.0,10,1,NEUTRAL,238.0,3,5,RESOLVE,NEUTRAL
2024-02-22,19,0,17,15,2,1,1,0,2,1.3333333333333333,17,1,NEUTRAL,344.0,1,14,STRONG_TREND,BULLISH
2024-02-23,19,0,17,9,8,1,1,0,1,1.0,17,1,NEUTRAL,182.0,7,8,STRONG_TREND,NEUTRAL
2024-02-26,22,0,20,10,10,1,1,0,2,1.25,20,1,NEUTRAL,208.0,9,9,STRONG_TREND,NEUTRAL
2024-02-27,17,0,15,1,14,1,1,0,0,0.0,15,1,NEUTRAL,165.0,13,0,STRONG_TREND,BEARISH
2024-02-28,21,1,18,17,2,1,1,0,1,1.0,18,1,NEUTRAL,197.0,1,16,STRONG_TREND,BULLISH
2024-02-29,21,0,19,4,15,1,1,0,1,1.0,19,1,NEUTRAL,261.0,14,3,STRONG_TREND,BEARISH
2024-03-01,29,0,27,18,9,1,1,0,2,1.3333333333333333,27,1,NEUTRAL,264.0,8,17,STRONG_TREND,BULLISH
2024-03-04,18,0,17,15,1,1,1,0,5,2.375,17,1,NEUTRAL,171.0,0,14,STRONG_TREND,BULLISH
2024-03-05,46,1,44,2,42,1,1,0,5,1.5714285714285714,44,1,NEUTRAL,431.0,41,1,STRONG_TREND,BEARISH
2024-03-06,26,0,24,5,19,1,1,0,4,1.6923076923076923,24,1,NEUTRAL,286.0,18,4,STRONG_TREND,BEARISH
2024-03-07,27,0,25,6,19,1,1,0,7,2.7777777777777777,25,1,NEUTRAL,186.0,18,5,STRONG_TREND,BEARISH
2024-03-08,23,0,21,14,7,1,1,0,6,2.235294117647059,21,1,NEUTRAL,282.0,6,13,STRONG_TREND,BULLISH
2024-03-11,49,0,47,27,20,1,1,0,7,1.6585365853658536,47,1,NEUTRAL,329.0,19,26,STRONG_TREND,BULLISH
2024-03-12,29,0,27,20,7,1,1,0,6,1.5,27,1,NEUTRAL,384.0,6,19,STRONG_TREND,BULLISH
2024-03-13,33,0,31,23,8,1,1,0,11,1.9655172413793103,31,1,NEUTRAL,278.0,7,22,STRONG_TREND,BULLISH
2024-03-14,35,1,32,2,31,1,1,0,5,1.4193548387096775,32,1,NEUTRAL,486.0,30,1,STRONG_TREND,BEARISH
2024-03-15,26,0,24,3,21,1,1,0,5,1.9,24,1,NEUTRAL,317.0,20,2,STRONG_TREND,BEARISH
2024-03-18,19,0,17,8,9,1,1,0,14,3.6666666666666665,17,1,NEUTRAL,144.0,8,7,STRONG_TREND,NEUTRAL
2024-03-19,47,0,45,43,2,1,1,0,12,1.9090909090909092,45,1,NEUTRAL,366.0,1,42,STRONG_TREND,BULLISH
2024-03-20,59,0,57,54,3,1,1,0,9,1.82,57,1,NEUTRAL,563.0,2,53,STRONG_TREND,BULLISH
2024-03-21,34,0,33,31,1,1,1,0,4,1.36,33,1,NEUTRAL,307.0,0,30,STRONG_TREND,BULLISH
2024-03-22,65,1,62,2,61,1,1,0,9,1.4642857142857142,62,1,NEUTRAL,416.0,60,1,STRONG_TREND,BEARISH
2024-03-25,23,0,21,2,19,1,1,0,10,3.2222222222222223,21,1,NEUTRAL,140.0,18,1,STRONG_TREND,BEARISH
2024-03-26,23,1,20,12,9,1,1,0,11,2.588235294117647,20,1,NEUTRAL,165.0,8,11,STRONG_TREND,BULLISH
2024-03-27,50,0,48,35,13,1,1,0,9,1.8095238095238095,48,1,NEUTRAL,356.0,12,34,STRONG_TREND,BULLISH
2024-03-28,26,0,24,5,19,1,1,0,6,2.0434782608695654,24,1,NEUTRAL,142.0,18,4,STRONG_TREND,BEARISH
2024-04-01,41,1,39,1,38,1,1,0,9,1.7222222222222223,39,1,NEUTRAL,467.0,37,0,STRONG_TREND,BEARISH
2024-04-02,15,0,14,1,12,1,1,0,2,1.3636363636363635,14,1,NEUTRAL,195.0,11,0,STRONG_TREND,BEARISH
2024-04-03,15,0,14,9,4,1,1,0,9,2.6923076923076925,14,1,NEUTRAL,289.0,3,8,STRONG_TREND,BULLISH
2024-04-04,62,1,60,1,57,1,1,2,12,1.6491228070175439,60,1,NEUTRAL,883.0,56,0,STRONG_TREND,BEARISH
2024-04-05,39,0,37,35,2,1,1,0,5,1.7352941176470589,37,1,NEUTRAL,452.0,1,34,STRONG_TREND,BULLISH
2024-04-08,16,0,15,5,9,1,1,0,9,2.5384615384615383,15,1,NEUTRAL,167.0,8,4,STRONG_TREND,BEARISH
2024-04-09,30,0,28,2,26,1,1,0,7,1.6666666666666667,28,1,NEUTRAL,434.0,25,1,STRONG_TREND,BEARISH
2024-04-10,19,0,18,7,10,1,1,0,11,2.25,18,1,NEUTRAL,300.0,9,6,STRONG_TREND,BEARISH
2024-04-11,32,0,31,4,26,1,1,0,9,1.962962962962963,31,1,NEUTRAL,408.0,25,3,STRONG_TREND,BEARISH
2024-04-12,44,0,42,4,38,1,1,0,9,2.2564102564102564,42,1,NEUTRAL,424.0,37,3,STRONG_TREND,BEARISH
2024-04-15,58,0,56,3,53,1,1,0,8,1.5961538461538463,56,1,NEUTRAL,726.0,52,2,STRONG_TREND,BEARISH
2024-04-16,25,0,24,3,20,1,1,0,16,2.3333333333333335,24,1,NEUTRAL,294.0,19,2,STRONG_TREND,BEARISH
2024-04-17,35,0,34,11,22,1,1,0,11,1.7878787878787878,34,1,NEUTRAL,415.0,21,10,STRONG_TREND,BEARISH
2024-04-18,42,0,40,21,19,1,1,0,6,1.8571428571428572,40,1,NEUTRAL,417.0,18,20,STRONG_TREND,NEUTRAL
2024-04-19,31,0,29,27,2,1,1,0,10,1.8148148148148149,29,1,NEUTRAL,321.0,1,26,STRONG_TREND,BULLISH
2024-04-22,41,0,40,26,13,1,1,0,18,1.945945945945946,40,1,NEUTRAL,474.0,12,25,STRONG_TREND,BULLISH
2024-04-23,34,0,32,26,6,1,1,0,16,2.3333333333333335,32,1,NEUTRAL,273.0,5,25,STRONG_TREND,BULLISH
2024-04-24,32,0,30,10,20,1,1,0,10,2.259259259259259,30,1,NEUTRAL,250.0,19,9,STRONG_TREND,BEARISH
2024-04-25,40,0,38,18,20,1,1,0,9,1.8235294117647058,38,1,NEUTRAL,464.0,19,17,STRONG_TREND,NEUTRAL
2024-04-26,25,0,24,22,1,1,1,0,5,1.5,24,1,NEUTRAL,292.0,0,21,STRONG_TREND,BULLISH
2024-04-29,11,0,10,3,6,1,1,0,9,4.375,10,1,NEUTRAL,201.0,5,2,RESOLVE,BEARISH
2024-04-30,47,0,46,7,38,1,1,0,7,1.7619047619047619,46,1,NEUTRAL,531.0,37,6,STRONG_TREND,BEARISH
2024-05-01,42,0,40,35,5,1,1,0,10,1.868421052631579,40,1,NEUTRAL,558.0,4,34,STRONG_TREND,BULLISH
2024-05-02,45,1,43,29,14,1,1,0,7,1.75,43,1,NEUTRAL,606.0,13,28,STRONG_TREND,BULLISH
2024-05-03,20,0,18,2,16,1,1,0,4,2.0714285714285716,18,1,NEUTRAL,297.0,15,1,STRONG_TREND,BEARISH
2024-05-06,35,0,34,1,32,1,1,0,8,1.7575757575757576,34,1,NEUTRAL,194.0,31,0,STRONG_TREND,BEARISH
2024-05-07,19,0,17,12,5,1,1,0,11,2.7142857142857144,17,1,NEUTRAL,149.0,4,11,STRONG_TREND,BULLISH
2024-05-08,52,0,51,49,1,1,1,0,17,2.4,51,1,NEUTRAL,277.0,0,48,STRONG_TREND,BULLISH
2024-05-09,76,0,74,72,2,1,1,0,7,1.676923076923077,74,1,NEUTRAL,466.0,1,71,STRONG_TREND,BULLISH
2024-05-10,21,0,20,9,10,1,1,0,15,2.176470588235294,20,1,NEUTRAL,187.0,9,8,STRONG_TREND,NEUTRAL
2024-05-13,33,0,31,1,30,1,1,0,7,1.64,31,1,NEUTRAL,262.0,29,0,STRONG_TREND,BEARISH
2024-05-14,33,0,31,18,13,1,1,0,7,1.962962962962963,31,1,NEUTRAL,248.0,12,17,STRONG_TREND,BULLISH
2024-05-15,42,0,41,35,5,1,1,0,7,1.6285714285714286,41,1,NEUTRAL,263.0,4,34,STRONG_TREND,BULLISH
2024-05-16,40,0,38,24,14,1,1,0,7,1.7058823529411764,38,1,NEUTRAL,212.0,13,23,STRONG_TREND,BULLISH
2024-05-17,29,0,27,21,6,1,1,0,9,2.0,27,1,NEUTRAL,165.0,5,20,STRONG_TREND,BULLISH
2024-05-20,40,0,38,17,21,1,1,0,5,1.2571428571428571,38,1,NEUTRAL,294.0,20,16,STRONG_TREND,BEARISH
2024-05-21,17,0,15,8,7,1,1,0,8,3.0,15,1,NEUTRAL,127.0,6,7,RESOLVE,NEUTRAL
2024-05-22,36,0,34,10,24,1,1,0,9,1.8666666666666667,34,1,NEUTRAL,341.0,23,9,STRONG_TREND,BEARISH
2024-05-23,68,1,66,1,65,1,1,0,7,1.7076923076923076,66,1,NEUTRAL,694.0,64,0,STRONG_TREND,BEARISH
2024-05-24,25,0,23,14,9,1,1,0,7,1.619047619047619,23,1,NEUTRAL,210.0,8,13,STRONG_TREND,BULLISH
2024-05-27,27,0,25,21,4,1,1,0,18,2.1052631578947367,25,1,NEUTRAL,112.0,3,20,STRONG_TREND,BULLISH
2024-05-28,31,0,29,4,25,1,1,0,8,2.3703703703703702,29,1,NEUTRAL,325.0,24,3,STRONG_TREND,BEARISH
2024-05-29,30,1,28,2,26,1,1,0,8,1.7916666666666667,28,1,NEUTRAL,428.0,25,1,STRONG_TREND,BEARISH
2024-05-30,17,0,15,7,8,1,1,0,6,2.3076923076923075,15,1,NEUTRAL,201.0,7,6,RESOLVE,NEUTRAL
2024-05-31,57,0,56,49,6,1,1,0,8,1.9607843137254901,56,1,NEUTRAL,677.0,5,48,STRONG_TREND,BULLISH
2024-06-03,58,0,57,1,54,1,1,1,7,1.9811320754716981,57,1,NEUTRAL,506.0,53,0,STRONG_TREND,BEARISH
2024-06-04,32,0,30,27,3,1,1,0,7,1.625,30,1,NEUTRAL,390.0,2,26,STRONG_TREND,BULLISH
2024-06-05,27,0,26,6,19,1,1,0,8,2.0,26,1,NEUTRAL,309.0,18,5,STRONG_TREND,BEARISH
2024-06-06,20,0,18,13,5,1,1,0,8,2.2857142857142856,18,1,NEUTRAL,284.0,4,12,STRONG_TREND,BULLISH
2024-06-07,34,0,32,25,7,1,1,0,13,1.7666666666666666,32,1,NEUTRAL,380.0,6,24,STRONG_TREND,BULLISH
2024-06-10,20,0,18,13,5,1,1,0,8,2.0625,18,1,NEUTRAL,226.0,4,12,STRONG_TREND,BULLISH
2024-06-11,23,0,22,8,13,1,1,0,8,1.9444444444444444,22,1,NEUTRAL,333.0,12,7,STRONG_TREND,BEARISH
2024-06-12,46,1,44,1,43,1,1,0,10,2.1219512195121952,44,1,NEUTRAL,529.0,42,0,STRONG_TREND,BEARISH
2024-06-13,31,0,30,9,20,1,1,0,8,2.076923076923077,30,1,NEUTRAL,314.0,19,8,STRONG_TREND,BEARISH
2024-06-14,32,1,30,21,9,1,1,0,10,2.56,30,1,NEUTRAL,299.0,8,20,STRONG_TREND,BULLISH
2024-06-17,53,0,52,50,1,1,1,0,8,1.711111111111111,52,1,NEUTRAL,436.0,0,49,STRONG_TREND,BULLISH
2024-06-18,19,0,17,9,8,1,1,0,4,1.6666666666666667,17,1,NEUTRAL,222.0,7,8,STRONG_TREND,NEUTRAL
2024-06-19,18,0,16,1,15,1,1,0,3,1.3636363636363635,16,1,NEUTRAL,66.0,14,0,STRONG_TREND,BEARISH
2024-06-20,50,0,48,46,2,1,1,0,5,1.4473684210526316,48,1,NEUTRAL,481.0,1,45,STRONG_TREND,BULLISH
2024-06-24,37,0,35,30,5,1,1,0,8,1.5483870967741935,35,1,NEUTRAL,381.0,4,29,STRONG_TREND,BULLISH
2024-06-25,51,0,49,6,43,1,1,0,6,1.4791666666666667,49,1,NEUTRAL,450.0,42,5,STRONG_TREND,BEARISH
2024-06-26,31,0,30,26,3,1,1,0,8,2.1538461538461537,30,1,NEUTRAL,280.0,2,25,STRONG_TREND,BULLISH
2024-06-27,25,0,23,17,6,1,1,0,7,2.0,23,1,NEUTRAL,240.0,5,16,STRONG_TREND,BULLISH
2024-06-28,36,2,33,7,27,1,1,0,4,1.4838709677419355,33,1,NEUTRAL,535.0,26,6,STRONG_TREND,BEARISH
2024-07-01,30,0,29,11,17,1,1,0,10,1.8333333333333333,29,1,NEUTRAL,420.0,16,10,STRONG_TREND,BEARISH
2024-07-02,38,0,37,35,1,1,1,0,10,2.3870967741935485,37,1,NEUTRAL,280.0,0,34,STRONG_TREND,BULLISH
2024-07-03,24,0,22,2,20,1,1,0,7,2.0555555555555554,22,1,NEUTRAL,195.0,19,1,STRONG_TREND,BEARISH
2024-07-04,25,0,23,1,22,1,1,0,4,1.4705882352941178,23,1,NEUTRAL,114.0,21,0,STRONG_TREND,BEARISH
2024-07-05,24,0,23,15,7,1,1,0,11,3.0555555555555554,23,1,NEUTRAL,242.0,6,14,STRONG_TREND,BULLISH
2024-07-08,45,0,43,8,35,1,1,0,7,1.5384615384615385,43,1,NEUTRAL,411.0,34,7,STRONG_TREND,BEARISH
2024-07-09,49,1,46,27,20,1,1,0,6,1.380952380952381,46,1,NEUTRAL,368.0,19,26,STRONG_TREND,BULLISH
2024-07-10,59,0,58,53,4,1,1,0,11,1.84,58,1,NEUTRAL,501.0,3,52,STRONG_TREND,BULLISH
2024-07-11,22,0,20,13,7,1,1,0,8,1.5625,20,1,NEUTRAL,263.0,6,12,STRONG_TREND,BULLISH
2024-07-12,65,0,63,59,4,1,1,0,6,1.3703703703703705,63,1,NEUTRAL,467.0,3,58,STRONG_TREND,BULLISH
2024-07-15,23,0,22,8,13,1,1,0,8,2.3684210526315788,22,1,NEUTRAL,225.0,12,7,STRONG_TREND,BEARISH
2024-07-16,65,2,63,62,1,1,1,0,10,1.8166666666666667,63,1,NEUTRAL,628.0,0,61,STRONG_TREND,BULLISH
2024-07-17,39,1,37,36,1,1,1,0,10,2.3461538461538463,37,1,NEUTRAL,398.0,0,35,STRONG_TREND,BULLISH
2024-07-18,83,0,81,24,57,1,1,0,5,1.3472222222222223,81,1,NEUTRAL,786.0,56,23,STRONG_TREND,BEARISH
2024-07-19,28,0,27,1,25,1,1,0,5,1.5416666666666667,27,1,NEUTRAL,415.0,24,0,STRONG_TREND,BEARISH
2024-07-22,21,0,19,4,15,1,1,0,5,1.8571428571428572,19,1,NEUTRAL,259.0,14,3,STRONG_TREND,BEARISH
2024-07-23,22,0,20,13,7,1,1,0,6,1.8888888888888888,20,1,NEUTRAL,228.0,6,12,STRONG_TREND,BULLISH
2024-07-24,37,1,34,3,32,1,1,0,8,1.4242424242424243,34,1,NEUTRAL,467.0,31,2,STRONG_TREND,BEARISH
2024-07-25,57,1,55,54,1,1,1,0,11,1.6666666666666667,55,1,NEUTRAL,612.0,0,53,STRONG_TREND,BULLISH
2024-07-26,47,0,46,44,1,1,1,0,4,1.2790697674418605,46,1,NEUTRAL,597.0,0,43,STRONG_TREND,BULLISH
2024-07-29,18,0,17,1,15,1,1,0,3,1.1538461538461537,17,1,NEUTRAL,319.0,14,0,STRONG_TREND,BEARISH
2024-07-30,31,1,29,18,11,1,1,0,6,1.88,29,1,NEUTRAL,389.0,10,17,STRONG_TREND,BULLISH
2024-07-31,56,0,55,50,4,1,1,0,6,1.7291666666666667,55,1,NEUTRAL,566.0,3,49,STRONG_TREND,BULLISH
2024-08-01,97,1,95,4,91,1,1,0,6,1.3444444444444446,95,1,NEUTRAL,1020.0,90,3,STRONG_TREND,BEARISH
2024-08-02,51,0,50,1,48,1,1,0,7,1.5333333333333334,50,1,NEUTRAL,694.0,47,0,STRONG_TREND,BEARISH
2024-08-05,21,0,20,13,6,1,1,0,6,2.066666666666667,20,1,NEUTRAL,548.0,5,12,STRONG_TREND,BULLISH
2024-08-06,50,1,48,46,2,1,1,0,8,1.9090909090909092,48,1,NEUTRAL,840.0,1,45,STRONG_TREND,BULLISH
2024-08-07,58,1,55,14,42,1,1,0,6,1.48,55,1,NEUTRAL,866.0,41,13,STRONG_TREND,BEARISH
2024-08-08,49,0,48,46,1,1,1,0,8,1.5555555555555556,48,1,NEUTRAL,607.0,0,45,STRONG_TREND,BULLISH
2024-08-09,33,0,32,22,8,1,1,1,13,1.9259259259259258,32,1,NEUTRAL,415.0,7,21,STRONG_TREND,BULLISH
2024-08-12,23,0,22,1,20,1,1,0,3,1.263157894736842,22,1,NEUTRAL,352.0,19,0,STRONG_TREND,BEARISH
2024-08-13,35,0,33,27,6,1,1,0,8,2.0,33,1,NEUTRAL,420.0,5,26,STRONG_TREND,BULLISH
2024-08-14,42,0,40,36,4,1,1,0,5,1.6111111111111112,40,1,NEUTRAL,346.0,3,35,STRONG_TREND,BULLISH
2024-08-15,31,0,29,13,16,1,1,0,8,1.5384615384615385,29,1,NEUTRAL,313.0,15,12,STRONG_TREND,BEARISH
2024-08-16,33,0,31,24,7,1,1,0,12,2.4074074074074074,31,1,NEUTRAL,290.0,6,23,STRONG_TREND,BULLISH
2024-08-19,21,0,20,18,1,1,1,0,8,2.2941176470588234,20,1,NEUTRAL,220.0,0,17,STRONG_TREND,BULLISH
2024-08-20,20,0,19,3,15,1,1,0,14,2.8823529411764706,19,1,NEUTRAL,164.0,14,2,STRONG_TREND,BEARISH
2024-08-21,25,0,24,4,18,1,1,1,5,1.7391304347826086,24,1,NEUTRAL,247.0,17,3,STRONG_TREND,BEARISH
2024-08-22,36,0,34,5,29,1,1,0,5,1.5666666666666667,34,1,NEUTRAL,475.0,28,4,STRONG_TREND,BEARISH
2024-08-23,24,0,22,16,6,1,1,0,8,2.0,22,1,NEUTRAL,380.0,5,15,STRONG_TREND,BULLISH
2024-08-26,30,0,29,14,14,1,1,0,15,2.3333333333333335,29,1,NEUTRAL,294.0,13,13,STRONG_TREND,NEUTRAL
2024-08-27,13,0,11,5,6,1,1,0,17,5.666666666666667,11,1,NEUTRAL,178.0,5,4,RESOLVE,NEUTRAL
2024-08-28,38,0,37,6,30,1,1,0,3,1.3333333333333333,37,1,NEUTRAL,531.0,29,5,STRONG_TREND,BEARISH
2024-08-29,41,0,40,26,13,1,1,0,8,1.6764705882352942,40,1,NEUTRAL,510.0,12,25,STRONG_TREND,BULLISH
2024-08-30,33,0,32,10,21,1,1,0,18,2.3666666666666667,32,1,NEUTRAL,443.0,20,9,STRONG_TREND,BEARISH
2024-09-02,34,0,32,15,17,1,1,0,6,1.5454545454545454,32,1,NEUTRAL,96.0,16,14,STRONG_TREND,NEUTRAL
2024-09-03,39,1,37,5,32,1,1,0,11,1.8571428571428572,37,1,NEUTRAL,664.0,31,4,STRONG_TREND,BEARISH
2024-09-04,32,0,30,19,11,1,1,0,9,1.9615384615384615,30,1,NEUTRAL,338.0,10,18,STRONG_TREND,BULLISH
2024-09-05,36,0,34,2,32,1,1,0,7,1.896551724137931,34,1,NEUTRAL,576.0,31,1,STRONG_TREND,BEARISH
2024-09-06,63,2,60,7,54,1,1,0,9,1.7454545454545454,60,1,NEUTRAL,816.0,53,6,STRONG_TREND,BEARISH
2024-09-09,50,0,49,44,4,1,1,0,6,1.475,49,1,NEUTRAL,489.0,3,43,STRONG_TREND,BULLISH
2024-09-10,26,1,24,1,23,1,1,0,12,2.0476190476190474,24,1,NEUTRAL,517.0,22,0,STRONG_TREND,BEARISH
2024-09-11,53,1,51,20,31,1,1,0,7,1.3829787234042554,51,1,NEUTRAL,917.0,30,19,STRONG_TREND,BEARISH
2024-09-12,36,0,35,24,10,1,1,0,6,1.878787878787879,35,1,NEUTRAL,459.0,9,23,STRONG_TREND,BULLISH
2024-09-13,30,0,29,27,1,1,1,0,5,1.6,29,1,NEUTRAL,400.0,0,26,STRONG_TREND,BULLISH
2024-09-16,15,0,14,7,6,1,1,0,6,2.1818181818181817,14,1,NEUTRAL,293.0,5,6,RESOLVE,NEUTRAL
2024-09-17,26,0,25,10,14,1,1,0,4,1.65,25,1,NEUTRAL,370.0,13,9,STRONG_TREND,BEARISH
2024-09-18,24,1,22,10,11,1,1,1,8,1.875,22,1,NEUTRAL,556.0,10,9,STRONG_TREND,NEUTRAL
2024-09-19,25,0,24,9,14,1,1,0,5,1.9411764705882353,24,1,NEUTRAL,348.0,13,8,STRONG_TREND,BEARISH
2024-09-23,13,0,11,2,9,1,1,0,4,2.0,11,1,NEUTRAL,181.0,8,1,STRONG_TREND,BEARISH
2024-09-24,12,0,11,6,4,1,1,0,9,3.375,11,1,NEUTRAL,240.0,3,5,RESOLVE,NEUTRAL
2024-09-25,42,0,40,2,38,1,1,0,11,2.4594594594594597,40,1,NEUTRAL,473.0,37,1,STRONG_TREND,BEARISH
2024-09-26,16,0,14,8,6,1,1,0,13,3.8,14,1,NEUTRAL,194.0,5,7,RESOLVE,NEUTRAL
2024-09-27,35,1,33,32,1,1,1,0,7,1.7272727272727273,33,1,NEUTRAL,417.0,0,31,STRONG_TREND,BULLISH
2024-09-30,25,2,22,9,14,1,1,0,11,2.5789473684210527,22,1,NEUTRAL,428.0,13,8,STRONG_TREND,BEARISH
2024-10-01,19,0,18,5,12,1,1,0,8,2.3125,18,1,NEUTRAL,405.0,11,4,STRONG_TREND,BEARISH
2024-10-02,13,0,12,6,5,1,1,0,11,4.0,12,1,NEUTRAL,296.0,4,5,RESOLVE,NEUTRAL
2024-10-03,18,0,17,3,13,1,1,0,4,1.6666666666666667,17,1,NEUTRAL,298.0,12,2,STRONG_TREND,BEARISH
2024-10-04,23,0,21,7,14,1,1,0,8,2.2777777777777777,21,1,NEUTRAL,400.0,13,6,STRONG_TREND,BEARISH
2024-10-07,36,0,34,10,24,1,1,0,5,2.0,34,1,NEUTRAL,478.0,23,9,STRONG_TREND,BEARISH
2024-10-08,17,0,16,6,9,1,1,0,5,2.0,16,1,NEUTRAL,265.0,8,5,STRONG_TREND,BEARISH
2024-10-09,51,0,49,47,2,1,1,0,9,1.7380952380952381,49,1,NEUTRAL,576.0,1,46,STRONG_TREND,BULLISH
2024-10-10,14,0,13,1,11,1,1,0,10,3.5,13,1,NEUTRAL,208.0,10,0,STRONG_TREND,BEARISH
2024-10-11,45,0,43,41,2,1,1,0,10,2.0555555555555554,43,1,NEUTRAL,419.0,1,40,STRONG_TREND,BULLISH
2024-10-14,55,1,52,50,3,1,1,0,14,1.826086956521739,52,1,NEUTRAL,435.0,2,49,STRONG_TREND,BULLISH
2024-10-15,22,0,21,1,19,1,1,0,9,1.7894736842105263,21,1,NEUTRAL,317.0,18,0,STRONG_TREND,BEARISH
2024-10-16,34,0,33,31,1,1,1,0,9,2.111111111111111,33,1,NEUTRAL,422.0,0,30,STRONG_TREND,BULLISH
2024-10-17,17,0,16,4,7,1,1,4,10,5.0,16,1,NEUTRAL,178.0,6,3,RESOLVE,BEARISH
2024-10-18,24,1,22,13,9,1,1,0,8,1.95,22,1,NEUTRAL,295.0,8,12,STRONG_TREND,BULLISH
2024-10-21,42,0,40,3,37,1,1,0,7,1.6842105263157894,40,1,NEUTRAL,440.0,36,2,STRONG_TREND,BEARISH
2024-10-22,46,0,45,37,7,1,1,0,9,1.8205128205128205,45,1,NEUTRAL,338.0,6,36,STRONG_TREND,BULLISH
2024-10-23,51,0,49,9,40,1,1,0,7,1.6136363636363635,49,1,NEUTRAL,491.0,39,8,STRONG_TREND,BEARISH
2024-10-24,28,0,26,2,24,1,1,0,7,1.5416666666666667,26,1,NEUTRAL,283.0,23,1,STRONG_TREND,BEARISH
2024-10-25,47,0,45,4,41,1,1,0,6,1.7954545454545454,45,1,NEUTRAL,566.0,40,3,STRONG_TREND,BEARISH
2024-10-28,19,0,17,16,1,1,1,0,3,1.2857142857142858,17,1,NEUTRAL,166.0,0,15,STRONG_TREND,BULLISH
2024-10-29,24,0,22,20,2,1,1,0,15,2.210526315789474,22,1,NEUTRAL,333.0,1,19,STRONG_TREND,BULLISH
2024-10-30,29,0,27,24,3,1,1,0,6,1.9230769230769231,27,1,NEUTRAL,368.0,2,23,STRONG_TREND,BULLISH
2024-10-31,27,0,25,4,21,1,1,0,4,1.4761904761904763,25,1,NEUTRAL,297.0,20,3,STRONG_TREND,BEARISH
2024-11-01,35,0,33,31,2,1,1,0,4,1.3448275862068966,33,1,NEUTRAL,406.0,1,30,STRONG_TREND,BULLISH
2024-11-04,30,0,28,2,26,1,1,0,10,2.0384615384615383,28,1,NEUTRAL,392.0,25,1,STRONG_TREND,BEARISH
2024-11-05,62,1,60,59,1,1,1,0,8,1.5490196078431373,60,1,NEUTRAL,543.0,0,58,STRONG_TREND,BULLISH
2024-11-06,39,0,38,33,4,1,1,0,5,1.6764705882352942,38,1,NEUTRAL,432.0,3,32,STRONG_TREND,BULLISH
2024-11-07,15,0,13,9,4,1,1,0,12,2.727272727272727,13,1,NEUTRAL,183.0,3,8,STRONG_TREND,BULLISH
2024-11-08,44,0,42,33,9,1,1,0,6,1.6388888888888888,42,1,NEUTRAL,423.0,8,32,STRONG_TREND,BULLISH
2024-11-11,15,0,14,12,1,1,1,0,6,1.8181818181818181,14,1,NEUTRAL,307.0,0,11,STRONG_TREND,BULLISH
2024-11-12,62,0,60,2,58,1,1,0,7,1.6226415094339623,60,1,NEUTRAL,517.0,57,1,STRONG_TREND,BEARISH
2024-11-13,43,0,41,31,10,1,1,0,4,1.4705882352941178,41,1,NEUTRAL,315.0,9,30,STRONG_TREND,BULLISH
2024-11-14,31,0,30,1,28,1,1,0,8,2.1785714285714284,30,1,NEUTRAL,402.0,27,0,STRONG_TREND,BEARISH
2024-11-15,28,0,27,3,23,1,1,0,10,2.347826086956522,27,1,NEUTRAL,304.0,22,2,STRONG_TREND,BEARISH
2024-11-18,28,0,26,20,6,1,1,0,9,2.0434782608695654,26,1,NEUTRAL,219.0,5,19,STRONG_TREND,BULLISH
2024-11-19,41,0,40,33,6,1,1,0,8,1.6842105263157894,40,1,NEUTRAL,463.0,5,32,STRONG_TREND,BULLISH
2024-11-20,30,0,28,11,17,1,1,0,4,1.2307692307692308,28,1,NEUTRAL,409.0,16,10,STRONG_TREND,BEARISH
2024-11-21,52,0,51,42,8,1,1,0,6,1.5476190476190477,51,1,NEUTRAL,701.0,7,41,STRONG_TREND,BULLISH
2024-11-22,39,0,37,33,4,1,1,0,10,2.129032258064516,37,1,NEUTRAL,447.0,3,32,STRONG_TREND,BULLISH
2024-11-25,23,0,22,8,13,1,1,0,6,1.9444444444444444,22,1,NEUTRAL,306.0,12,7,STRONG_TREND,BEARISH
2024-11-26,72,0,71,54,15,1,1,1,7,1.5573770491803278,71,1,NEUTRAL,470.0,14,53,STRONG_TREND,BULLISH
2024-11-27,39,0,37,5,32,1,1,0,8,1.5666666666666667,37,1,NEUTRAL,331.0,31,4,STRONG_TREND,BEARISH
2024-11-28,31,0,29,25,4,1,1,0,5,1.9130434782608696,29,1,NEUTRAL,100.0,3,24,STRONG_TREND,BULLISH
2024-11-29,35,0,34,32,1,1,1,0,9,2.0344827586206895,34,1,NEUTRAL,313.0,0,31,STRONG_TREND,BULLISH
2024-12-02,37,0,36,1,21,1,1,13,6,1.8888888888888888,36,1,NEUTRAL,318.0,20,0,STRONG_TREND,BEARISH
2024-12-03,35,0,34,1,32,1,1,0,10,1.4333333333333333,34,1,NEUTRAL,307.0,31,0,STRONG_TREND,BEARISH
2024-12-04,25,0,24,14,9,1,1,0,11,2.272727272727273,24,1,NEUTRAL,290.0,8,13,STRONG_TREND,BULLISH
2024-12-05,38,0,37,3,33,1,1,0,6,1.59375,37,1,NEUTRAL,342.0,32,2,STRONG_TREND,BEARISH
2024-12-06,39,1,37,1,33,1,1,3,9,2.1470588235294117,37,1,NEUTRAL,324.0,32,0,STRONG_TREND,BEARISH
2024-12-09,46,0,44,2,42,1,1,0,6,1.7179487179487178,44,1,NEUTRAL,358.0,41,1,STRONG_TREND,BEARISH
2024-12-10,26,0,24,19,5,1,1,0,5,1.7,24,1,NEUTRAL,292.0,4,18,STRONG_TREND,BULLISH
2024-12-11,28,1,25,3,23,1,1,0,5,1.4782608695652173,25,1,NEUTRAL,260.0,22,2,STRONG_TREND,BEARISH
2024-12-12,42,1,39,5,35,1,1,0,8,2.272727272727273,39,1,NEUTRAL,331.0,34,4,STRONG_TREND,BEARISH
2024-12-13,31,0,29,4,25,1,1,0,6,1.7692307692307692,29,1,NEUTRAL,278.0,24,3,STRONG_TREND,BEARISH
2024-12-16,31,0,29,11,18,1,1,0,6,1.9,29,1,NEUTRAL,272.0,17,10,STRONG_TREND,BEARISH
2024-12-17,26,0,24,5,19,1,1,0,9,2.739130434782609,24,1,NEUTRAL,225.0,18,4,STRONG_TREND,BEARISH
2024-12-18,74,1,72,25,47,1,1,0,7,1.4545454545454546,72,1,NEUTRAL,1533.0,46,24,STRONG_TREND,BEARISH
2024-12-19,30,0,29,5,23,1,1,0,9,2.05,29,1,NEUTRAL,440.0,22,4,STRONG_TREND,BEARISH
2024-12-23,32,0,31,20,10,1,1,0,13,2.2666666666666666,31,1,NEUTRAL,454.0,9,19,STRONG_TREND,BULLISH
2024-12-24,49,1,47,45,2,1,1,0,8,1.5454545454545454,47,1,NEUTRAL,419.0,1,44,STRONG_TREND,BULLISH
2024-12-26,41,0,40,36,3,1,1,0,8,2.1515151515151514,40,1,NEUTRAL,271.0,2,35,STRONG_TREND,BULLISH
2024-12-27,43,0,41,17,24,1,1,0,6,1.5277777777777777,41,1,NEUTRAL,502.0,23,16,STRONG_TREND,BEARISH
2024-12-30,57,1,55,32,23,1,1,0,7,1.5660377358490567,55,1,NEUTRAL,533.0,22,31,STRONG_TREND,BULLISH
2024-12-31,36,0,34,8,26,1,1,0,6,1.65625,34,1,NEUTRAL,377.0,25,7,STRONG_TREND,BEARISH
2025-01-02,37,0,35,3,32,1,1,0,15,2.3,35,1,NEUTRAL,754.0,31,2,STRONG_TREND,BEARISH
2025-01-03,30,0,29,19,9,1,1,0,9,1.7692307692307692,29,1,NEUTRAL,358.0,8,18,STRONG_TREND,BULLISH
2025-01-06,48,1,45,25,21,1,1,0,9,1.6511627906976745,45,1,NEUTRAL,523.0,20,24,STRONG_TREND,BULLISH
2025-01-07,49,0,47,4,43,1,1,0,11,1.4883720930232558,47,1,NEUTRAL,560.0,42,3,STRONG_TREND,BEARISH
2025-01-08,27,0,26,13,12,1,1,0,9,1.9583333333333333,26,1,NEUTRAL,333.0,11,12,STRONG_TREND,NEUTRAL
2025-01-10,30,0,29,1,27,1,1,0,8,2.111111111111111,29,1,NEUTRAL,585.0,26,0,STRONG_TREND,BEARISH
2025-01-13,42,0,41,39,1,1,1,0,5,2.0,41,1,NEUTRAL,497.0,0,38,STRONG_TREND,BULLISH
2025-01-14,50,0,49,20,28,1,1,0,17,2.3488372093023258,49,1,NEUTRAL,451.0,27,19,STRONG_TREND,BEARISH
2025-01-15,29,0,27,23,4,1,1,0,7,2.0416666666666665,27,1,NEUTRAL,286.0,3,22,STRONG_TREND,BULLISH
2025-01-16,21,0,19,5,14,1,1,0,11,2.7333333333333334,19,1,NEUTRAL,221.0,13,4,STRONG_TREND,BEARISH
2025-01-17,38,0,36,33,3,1,1,0,7,1.8823529411764706,36,1,NEUTRAL,251.0,2,32,STRONG_TREND,BULLISH
2025-01-20,26,1,23,8,16,1,1,0,11,1.8,23,1,NEUTRAL,268.0,15,7,STRONG_TREND,BEARISH
2025-01-21,55,0,54,52,1,1,1,0,8,2.0416666666666665,54,1,NEUTRAL,430.0,0,51,STRONG_TREND,BULLISH
2025-01-22,17,0,16,4,11,1,1,0,16,3.142857142857143,16,1,NEUTRAL,167.0,10,3,STRONG_TREND,BEARISH
2025-01-23,59,0,58,56,1,1,1,0,11,1.8235294117647058,58,1,NEUTRAL,394.0,0,55,STRONG_TREND,BULLISH
2025-01-24,30,0,28,8,20,1,1,0,7,1.7307692307692308,28,1,NEUTRAL,220.0,19,7,STRONG_TREND,BEARISH
2025-01-27,48,0,47,45,1,1,1,0,10,1.8636363636363635,47,1,NEUTRAL,698.0,0,44,STRONG_TREND,BULLISH
2025-01-28,37,0,35,29,6,1,1,0,4,1.5333333333333334,35,1,NEUTRAL,363.0,5,28,STRONG_TREND,BULLISH
2025-01-29,35,0,33,10,23,1,1,0,6,1.8333333333333333,33,1,NEUTRAL,396.0,22,9,STRONG_TREND,BEARISH
2025-01-30,41,1,39,36,3,1,1,0,8,1.5714285714285714,39,1,NEUTRAL,385.0,2,35,STRONG_TREND,BULLISH
2025-01-31,39,0,38,1,36,1,1,0,5,1.9444444444444444,38,1,NEUTRAL,539.0,35,0,STRONG_TREND,BEARISH
2025-02-03,38,1,36,31,5,1,1,0,4,1.5454545454545454,36,1,NEUTRAL,827.0,4,30,STRONG_TREND,BULLISH
2025-02-04,30,1,28,25,3,1,1,0,12,2.3076923076923075,28,1,NEUTRAL,283.0,2,24,STRONG_TREND,BULLISH
2025-02-05,67,1,64,54,11,1,1,0,7,1.4545454545454546,64,1,NEUTRAL,590.0,10,53,STRONG_TREND,BULLISH
2025-02-06,41,0,40,1,38,1,1,0,7,2.0526315789473686,40,1,NEUTRAL,443.0,37,0,STRONG_TREND,BEARISH
2025-02-07,36,0,34,9,25,1,1,0,13,2.264705882352941,34,1,NEUTRAL,583.0,24,8,STRONG_TREND,BEARISH
2025-02-10,24,0,22,3,19,1,1,0,3,1.263157894736842,22,1,NEUTRAL,327.0,18,2,STRONG_TREND,BEARISH
2025-02-11,42,0,41,38,2,1,1,0,10,2.1052631578947367,41,1,NEUTRAL,333.0,1,37,STRONG_TREND,BULLISH
2025-02-12,23,0,22,17,4,1,1,0,8,2.619047619047619,22,1,NEUTRAL,383.0,3,16,STRONG_TREND,BULLISH
2025-02-13,33,0,32,25,6,1,1,0,14,2.2903225806451615,32,1,NEUTRAL,429.0,5,24,STRONG_TREND,BULLISH
2025-02-14,34,0,32,9,23,1,1,0,5,1.7666666666666666,32,1,NEUTRAL,276.0,22,8,STRONG_TREND,BEARISH
2025-02-17,25,0,23,8,15,1,1,0,8,2.411764705882353,23,1,NEUTRAL,91.0,14,7,STRONG_TREND,BEARISH
2025-02-18,23,0,21,12,9,1,1,0,11,2.611111111111111,21,1,NEUTRAL,268.0,8,11,STRONG_TREND,BULLISH
2025-02-19,30,0,28,23,5,1,1,0,6,2.08,28,1,NEUTRAL,327.0,4,22,STRONG_TREND,BULLISH
2025-02-20,45,0,43,4,39,1,1,0,6,1.65,43,1,NEUTRAL,572.0,38,3,STRONG_TREND,BEARISH
2025-02-21,41,0,40,1,38,1,1,0,9,2.05,40,1,NEUTRAL,610.0,37,0,STRONG_TREND,BEARISH
2025-02-24,30,0,28,10,18,1,1,0,6,1.96,28,1,NEUTRAL,357.0,17,9,STRONG_TREND,BEARISH
2025-02-25,26,0,25,6,18,1,1,0,4,1.4782608695652173,25,1,NEUTRAL,498.0,17,5,STRONG_TREND,BEARISH
2025-02-26,44,1,42,21,21,1,1,0,6,1.7297297297297298,42,1,NEUTRAL,603.0,20,20,STRONG_TREND,NEUTRAL
2025-02-27,37,0,36,19,16,1,1,0,7,1.7878787878787878,36,1,NEUTRAL,672.0,15,18,STRONG_TREND,BULLISH
2025-02-28,49,1,46,33,14,1,1,0,10,1.7954545454545454,46,1,NEUTRAL,778.0,13,32,STRONG_TREND,BULLISH
2025-03-03,65,1,63,5,58,1,1,0,9,1.6271186440677967,63,1,NEUTRAL,1133.0,57,4,STRONG_TREND,BEARISH
2025-03-04,43,1,41,11,30,1,1,0,4,1.5135135135135136,41,1,NEUTRAL,730.0,29,10,STRONG_TREND,BEARISH
2025-03-05,48,1,46,39,7,1,1,0,15,2.0238095238095237,46,1,NEUTRAL,722.0,6,38,STRONG_TREND,BULLISH
2025-03-06,41,0,40,30,9,1,1,0,4,1.394736842105263,40,1,NEUTRAL,619.0,8,29,STRONG_TREND,BULLISH
2025-03-07,44,1,42,23,19,1,1,0,7,1.7804878048780488,42,1,NEUTRAL,736.0,18,22,STRONG_TREND,BULLISH
2025-03-10,64,1,62,9,53,1,1,0,7,1.6557377049180328,62,1,NEUTRAL,946.0,52,8,STRONG_TREND,BEARISH
2025-03-11,35,1,32,2,31,1,1,0,10,2.03125,32,1,NEUTRAL,686.0,30,1,STRONG_TREND,BEARISH
2025-03-12,41,0,39,3,36,1,1,0,11,1.696969696969697,39,1,NEUTRAL,708.0,35,2,STRONG_TREND,BEARISH
2025-03-13,52,1,50,8,42,1,1,0,7,1.8,50,1,NEUTRAL,702.0,41,7,STRONG_TREND,BEARISH
2025-03-14,38,1,35,32,4,1,1,0,7,1.96875,35,1,NEUTRAL,615.0,3,31,STRONG_TREND,BULLISH
2025-03-17,46,0,45,43,1,1,1,0,9,1.6388888888888888,45,1,NEUTRAL,592.0,0,42,STRONG_TREND,BULLISH
2025-03-18,29,0,28,1,26,1,1,0,7,2.12,28,1,NEUTRAL,389.0,25,0,STRONG_TREND,BEARISH
2025-03-19,30,2,26,25,3,1,1,0,5,2.0,26,1,NEUTRAL,625.0,2,24,STRONG_TREND,BULLISH
2025-03-20,37,0,35,33,2,1,1,0,5,1.3571428571428572,35,1,NEUTRAL,559.0,1,32,STRONG_TREND,BULLISH
2025-03-24,31,0,29,27,2,1,1,0,6,1.9565217391304348,29,1,NEUTRAL,353.0,1,26,STRONG_TREND,BULLISH
2025-03-25,29,0,28,1,15,1,1,11,7,2.0,28,1,NEUTRAL,259.0,14,0,STRONG_TREND,BEARISH
2025-03-26,40,1,38,8,30,1,1,0,18,2.2162162162162162,38,1,NEUTRAL,512.0,29,7,STRONG_TREND,BEARISH
2025-03-27,26,0,25,14,10,1,1,0,6,1.7142857142857142,25,1,NEUTRAL,378.0,9,13,STRONG_TREND,BULLISH
2025-03-28,86,2,82,3,81,1,1,0,8,1.4444444444444444,82,1,NEUTRAL,830.0,80,2,STRONG_TREND,BEARISH
2025-03-31,80,2,77,70,8,1,1,0,5,1.452054794520548,77,1,NEUTRAL,995.0,7,69,STRONG_TREND,BULLISH
2025-04-01,38,0,37,21,15,1,1,0,8,1.6285714285714286,37,1,NEUTRAL,641.0,14,20,STRONG_TREND,BULLISH
2025-04-02,57,2,54,53,2,1,1,0,7,1.6153846153846154,54,1,NEUTRAL,950.0,1,52,STRONG_TREND,BULLISH
2025-04-03,47,0,45,3,42,1,1,0,8,1.9534883720930232,45,1,NEUTRAL,770.0,41,2,STRONG_TREND,BEARISH
2025-04-04,61,1,58,3,56,1,1,0,5,1.3461538461538463,58,1,NEUTRAL,1592.0,55,2,STRONG_TREND,BEARISH
2025-04-07,28,2,25,14,12,1,1,0,3,1.1363636363636365,25,1,NEUTRAL,2608.0,11,13,STRONG_TREND,NEUTRAL
2025-04-08,93,1,91,7,84,1,1,0,6,1.4880952380952381,91,1,NEUTRAL,2353.0,83,6,STRONG_TREND,BEARISH
2025-04-09,43,1,41,40,1,1,1,0,4,1.435897435897436,41,1,NEUTRAL,3638.0,0,39,STRONG_TREND,BULLISH
2025-04-10,53,1,50,3,48,1,1,0,13,1.7446808510638299,50,1,NEUTRAL,1603.0,47,2,STRONG_TREND,BEARISH
2025-04-11,33,1,31,27,4,1,1,0,12,2.576923076923077,31,1,NEUTRAL,1161.0,3,26,STRONG_TREND,BULLISH
2025-04-14,32,0,31,3,27,1,1,0,8,1.7142857142857142,31,1,NEUTRAL,639.0,26,2,STRONG_TREND,BEARISH
2025-04-15,34,0,32,11,21,1,1,0,16,2.923076923076923,32,1,NEUTRAL,486.0,20,10,STRONG_TREND,BEARISH
2025-04-16,60,2,56,13,45,1,1,0,8,1.6666666666666667,56,1,NEUTRAL,1037.0,44,12,STRONG_TREND,BEARISH
2025-04-17,39,0,37,21,16,1,1,0,12,2.388888888888889,37,1,NEUTRAL,504.0,15,20,STRONG_TREND,BULLISH
2025-04-21,90,0,89,1,86,1,1,1,5,1.3902439024390243,89,1,NEUTRAL,1057.0,85,0,STRONG_TREND,BEARISH
2025-04-22,47,0,46,44,1,1,1,0,7,1.558139534883721,46,1,NEUTRAL,764.0,0,43,STRONG_TREND,BULLISH
2025-04-23,35,1,33,7,26,1,1,0,4,1.6666666666666667,33,1,NEUTRAL,906.0,25,6,STRONG_TREND,BEARISH
2025-04-24,57,2,53,52,3,1,1,0,6,1.6730769230769231,53,1,NEUTRAL,868.0,2,51,STRONG_TREND,BULLISH
2025-04-25,31,1,28,13,16,1,1,0,4,1.5384615384615385,28,1,NEUTRAL,467.0,15,12,STRONG_TREND,BEARISH
2025-04-28,40,1,38,8,30,1,1,0,6,1.4242424242424243,38,1,NEUTRAL,553.0,29,7,STRONG_TREND,BEARISH
2025-04-29,35,0,34,30,3,1,1,0,4,1.4838709677419355,34,1,NEUTRAL,418.0,2,29,STRONG_TREND,BULLISH
2025-04-30,44,0,43,23,19,1,1,0,5,1.675,43,1,NEUTRAL,1065.0,18,22,STRONG_TREND,BULLISH
2025-05-01,41,0,39,25,14,1,1,0,7,1.5714285714285714,39,1,NEUTRAL,488.0,13,24,STRONG_TREND,BULLISH
2025-05-02,16,0,14,9,5,1,1,0,10,3.1666666666666665,14,1,NEUTRAL,365.0,4,8,STRONG_TREND,BULLISH
2025-05-05,35,0,33,31,2,1,1,0,8,2.4516129032258065,33,1,NEUTRAL,405.0,1,30,STRONG_TREND,BULLISH
2025-05-06,27,1,24,18,7,1,1,0,5,1.8181818181818181,24,1,NEUTRAL,515.0,6,17,STRONG_TREND,BULLISH
2025-05-07,35,2,32,27,6,1,1,0,9,2.310344827586207,32,1,NEUTRAL,466.0,5,26,STRONG_TREND,BULLISH
2025-05-08,37,0,35,24,11,1,1,0,6,1.6764705882352942,35,1,NEUTRAL,633.0,10,23,STRONG_TREND,BULLISH
2025-05-09,32,0,30,5,25,1,1,0,6,1.8214285714285714,30,1,NEUTRAL,369.0,24,4,STRONG_TREND,BEARISH
2025-05-12,27,0,26,16,9,1,1,0,9,2.2857142857142856,26,1,NEUTRAL,381.0,8,15,STRONG_TREND,BULLISH
2025-05-13,21,0,19,8,11,1,1,0,8,2.066666666666667,19,1,NEUTRAL,271.0,10,7,STRONG_TREND,BEARISH
2025-05-14,18,0,17,1,15,1,1,0,11,2.5294117647058822,17,1,NEUTRAL,312.0,14,0,STRONG_TREND,BEARISH
2025-05-15,54,1,51,51,1,1,1,0,8,1.8444444444444446,51,1,NEUTRAL,542.0,0,50,STRONG_TREND,BULLISH
2025-05-16,47,1,45,42,3,1,1,0,10,1.6944444444444444,45,1,NEUTRAL,432.0,2,41,STRONG_TREND,BULLISH
2025-05-19,40,0,39,37,1,1,1,0,7,1.4166666666666667,39,1,NEUTRAL,498.0,0,36,STRONG_TREND,BULLISH
2025-05-20,22,0,20,2,18,1,1,0,8,2.4705882352941178,20,1,NEUTRAL,321.0,17,1,STRONG_TREND,BEARISH
2025-05-21,34,0,33,5,27,1,1,0,6,1.9333333333333333,33,1,NEUTRAL,670.0,26,4,STRONG_TREND,BEARISH
2025-05-22,36,1,34,28,6,1,1,0,9,2.4375,34,1,NEUTRAL,381.0,5,27,STRONG_TREND,BULLISH
2025-05-23,33,0,32,30,1,1,1,0,6,1.9,32,1,NEUTRAL,445.0,0,29,STRONG_TREND,BULLISH
2025-05-26,31,0,29,8,21,1,1,0,4,1.4090909090909092,29,1,NEUTRAL,166.0,20,7,STRONG_TREND,BEARISH
2025-05-27,55,1,53,46,7,1,1,0,8,1.7708333333333333,53,1,NEUTRAL,529.0,6,45,STRONG_TREND,BULLISH
2025-05-28,39,1,36,8,29,1,1,0,8,1.9375,36,1,NEUTRAL,411.0,28,7,STRONG_TREND,BEARISH
2025-05-29,22,0,20,6,14,1,1,0,8,2.0555555555555554,20,1,NEUTRAL,451.0,13,5,STRONG_TREND,BEARISH
2025-05-30,28,1,26,17,9,1,1,0,6,2.2083333333333335,26,1,NEUTRAL,483.0,8,16,STRONG_TREND,BULLISH
2025-06-02,37,0,35,25,10,1,1,0,8,1.7,35,1,NEUTRAL,512.0,9,24,STRONG_TREND,BULLISH
2025-06-03,45,0,43,38,5,1,1,0,10,2.0,43,1,NEUTRAL,400.0,4,37,STRONG_TREND,BULLISH
2025-06-04,17,0,15,4,11,1,1,0,7,2.1538461538461537,15,1,NEUTRAL,244.0,10,3,STRONG_TREND,BEARISH
2025-06-05,31,0,30,12,16,1,1,1,12,2.111111111111111,30,1,NEUTRAL,404.0,15,11,STRONG_TREND,BEARISH
2025-06-06,19,0,18,11,6,1,1,0,9,2.5,18,1,NEUTRAL,362.0,5,10,STRONG_TREND,BULLISH
2025-06-09,38,1,36,16,20,1,1,0,11,1.90625,36,1,NEUTRAL,336.0,19,15,STRONG_TREND,BEARISH
2025-06-10,29,0,27,22,5,1,1,0,12,2.269230769230769,27,1,NEUTRAL,231.0,4,21,STRONG_TREND,BULLISH
2025-06-11,34,0,33,26,6,1,1,0,9,2.107142857142857,33,1,NEUTRAL,393.0,5,25,STRONG_TREND,BULLISH
2025-06-12,36,0,35,26,8,1,1,0,14,2.3125,35,1,NEUTRAL,365.0,7,25,STRONG_TREND,BULLISH
2025-06-13,38,0,36,6,30,1,1,0,11,1.6470588235294117,36,1,NEUTRAL,535.0,29,5,STRONG_TREND,BEARISH
2025-06-16,30,0,29,27,1,1,1,0,2,1.04,29,1,NEUTRAL,334.0,0,26,STRONG_TREND,BULLISH
2025-06-17,34,0,33,14,18,1,1,0,9,1.9666666666666666,33,1,NEUTRAL,413.0,17,13,STRONG_TREND,BEARISH
2025-06-18,42,1,40,31,9,1,1,0,6,1.4444444444444444,40,1,NEUTRAL,406.0,8,30,STRONG_TREND,BULLISH
2025-06-19,13,0,11,2,9,1,1,0,1,1.0,11,1,NEUTRAL,169.0,8,1,STRONG_TREND,BEARISH
2025-06-23,49,1,46,36,11,1,1,0,5,1.5,46,1,NEUTRAL,649.0,10,35,STRONG_TREND,BULLISH
2025-06-24,48,1,46,40,6,1,1,0,10,1.7380952380952381,46,1,NEUTRAL,420.0,5,39,STRONG_TREND,BULLISH
2025-06-25,25,0,23,1,22,1,1,0,8,2.5,23,1,NEUTRAL,247.0,21,0,STRONG_TREND,BEARISH
2025-06-26,39,1,37,36,1,1,1,0,7,1.7878787878787878,37,1,NEUTRAL,349.0,0,35,STRONG_TREND,BULLISH
2025-06-27,68,0,67,65,1,1,1,0,6,1.576271186440678,67,1,NEUTRAL,464.0,0,64,STRONG_TREND,BULLISH
2025-06-30,30,0,29,15,13,1,1,0,7,2.48,29,1,NEUTRAL,257.0,12,14,STRONG_TREND,NEUTRAL
2025-07-01,51,0,50,48,1,1,1,0,6,1.4666666666666666,50,1,NEUTRAL,610.0,0,47,STRONG_TREND,BULLISH
2025-07-02,16,0,15,7,7,1,1,0,13,4.5,15,1,NEUTRAL,208.0,6,6,RESOLVE,NEUTRAL
2025-07-03,35,1,33,32,1,1,1,0,7,1.9,33,1,NEUTRAL,336.0,0,31,STRONG_TREND,BULLISH
2025-07-04,19,1,16,10,7,1,1,0,8,2.076923076923077,16,1,NEUTRAL,83.0,6,9,STRONG_TREND,BULLISH
2025-07-07,49,1,47,1,46,1,1,0,7,1.7272727272727273,47,1,NEUTRAL,645.0,45,0,STRONG_TREND,BEARISH
2025-07-08,22,0,20,5,15,1,1,0,4,1.5,20,1,NEUTRAL,236.0,14,4,STRONG_TREND,BEARISH
2025-07-09,30,0,29,9,19,1,1,0,5,1.6666666666666667,29,1,NEUTRAL,339.0,18,8,STRONG_TREND,BEARISH
2025-07-10,58,0,56,52,4,1,1,0,7,1.6,56,1,NEUTRAL,416.0,3,51,STRONG_TREND,BULLISH
2025-07-11,13,0,12,2,9,1,1,0,5,2.272727272727273,12,1,NEUTRAL,183.0,8,1,STRONG_TREND,BEARISH
2025-07-14,23,0,21,19,2,1,1,0,4,1.8,21,1,NEUTRAL,227.0,1,18,STRONG_TREND,BULLISH
2025-07-15,55,0,53,3,50,1,1,0,10,1.934782608695652,53,1,NEUTRAL,561.0,49,2,STRONG_TREND,BEARISH
2025-07-16,32,0,30,9,21,1,1,0,7,1.5517241379310345,30,1,NEUTRAL,508.0,20,8,STRONG_TREND,BEARISH
2025-07-17,33,0,32,30,1,1,1,0,9,1.7037037037037037,32,1,NEUTRAL,369.0,0,29,STRONG_TREND,BULLISH
2025-07-18,27,0,26,1,24,1,1,0,6,1.8636363636363635,26,1,NEUTRAL,373.0,23,0,STRONG_TREND,BEARISH
2025-07-21,43,1,40,30,11,1,1,0,10,1.9428571428571428,40,1,NEUTRAL,292.0,10,29,STRONG_TREND,BULLISH
2025-07-22,29,0,28,26,1,1,1,0,6,1.9565217391304348,28,1,NEUTRAL,264.0,0,25,STRONG_TREND,BULLISH
2025-07-23,40,1,37,26,12,1,1,0,8,1.6,37,1,NEUTRAL,403.0,11,25,STRONG_TREND,BULLISH
2025-07-24,30,0,29,27,1,1,1,0,8,1.8846153846153846,29,1,NEUTRAL,242.0,0,26,STRONG_TREND,BULLISH
2025-07-25,44,0,42,33,9,1,1,0,6,1.631578947368421,42,1,NEUTRAL,308.0,8,32,STRONG_TREND,BULLISH
2025-07-28,27,0,25,10,15,1,1,0,9,1.7826086956521738,25,1,NEUTRAL,213.0,14,9,STRONG_TREND,BEARISH
2025-07-29,30,0,29,1,27,1,1,0,8,2.5217391304347827,29,1,NEUTRAL,327.0,26,0,STRONG_TREND,BEARISH
2025-07-30,34,0,32,12,20,1,1,0,4,1.4482758620689655,32,1,NEUTRAL,491.0,19,11,STRONG_TREND,BEARISH
2025-07-31,41,0,39,10,29,1,1,0,16,1.8,39,1,NEUTRAL,573.0,28,9,STRONG_TREND,BEARISH
2025-08-01,23,0,22,1,20,1,1,0,4,1.3888888888888888,22,1,NEUTRAL,451.0,19,0,STRONG_TREND,BEARISH
2025-08-04,66,1,64,63,1,1,1,0,11,1.72,64,1,NEUTRAL,502.0,0,62,STRONG_TREND,BULLISH
2025-08-05,30,0,29,7,21,1,1,0,6,1.4,29,1,NEUTRAL,383.0,20,6,STRONG_TREND,BEARISH
2025-08-06,23,0,22,13,8,1,1,0,9,2.3157894736842106,22,1,NEUTRAL,288.0,7,12,STRONG_TREND,BULLISH
2025-08-07,65,0,63,2,61,1,1,0,12,1.5357142857142858,63,1,NEUTRAL,715.0,60,1,STRONG_TREND,BEARISH
2025-08-08,22,0,20,14,6,1,1,0,3,1.368421052631579,20,1,NEUTRAL,263.0,5,13,STRONG_TREND,BULLISH
2025-08-11,35,1,32,6,27,1,1,0,6,1.5714285714285714,32,1,NEUTRAL,370.0,26,5,STRONG_TREND,BEARISH
2025-08-12,28,0,26,24,2,1,1,0,11,2.0,26,1,NEUTRAL,411.0,1,23,STRONG_TREND,BULLISH
2025-08-13,40,0,39,37,1,1,1,0,6,1.4848484848484849,39,1,NEUTRAL,385.0,0,36,STRONG_TREND,BULLISH
2025-08-14,37,0,35,28,7,1,1,0,6,1.7,35,1,NEUTRAL,372.0,6,27,STRONG_TREND,BULLISH
2025-08-15,21,0,20,1,18,1,1,0,10,1.8333333333333333,20,1,NEUTRAL,315.0,17,0,STRONG_TREND,BEARISH
2025-08-18,14,0,12,6,6,1,1,0,4,1.9,12,1,NEUTRAL,141.0,5,5,RESOLVE,NEUTRAL
2025-08-19,38,0,36,15,21,1,1,0,7,1.7647058823529411,36,1,NEUTRAL,397.0,20,14,STRONG_TREND,BEARISH
2025-08-20,23,0,21,4,17,1,1,0,6,1.7222222222222223,21,1,NEUTRAL,292.0,16,3,STRONG_TREND,BEARISH
2025-08-21,21,0,20,13,6,1,1,0,5,2.0588235294117645,20,1,NEUTRAL,326.0,5,12,STRONG_TREND,BULLISH
2025-08-22,39,0,38,36,1,1,1,0,10,2.057142857142857,38,1,NEUTRAL,766.0,0,35,STRONG_TREND,BULLISH
2025-08-25,45,0,43,3,40,1,1,0,8,2.0526315789473686,43,1,NEUTRAL,325.0,39,2,STRONG_TREND,BEARISH
2025-08-26,40,1,38,37,1,1,1,0,6,1.5714285714285714,38,1,NEUTRAL,245.0,0,36,STRONG_TREND,BULLISH
2025-08-27,29,0,28,26,1,1,1,0,8,1.9130434782608696,28,1,NEUTRAL,254.0,0,25,STRONG_TREND,BULLISH
2025-08-28,25,0,24,11,12,1,1,0,5,2.263157894736842,24,1,NEUTRAL,244.0,11,10,STRONG_TREND,NEUTRAL
2025-08-29,22,0,20,6,14,1,1,0,4,1.4705882352941178,20,1,NEUTRAL,263.0,13,5,STRONG_TREND,BEARISH
2025-09-01,31,0,29,26,3,1,1,0,4,1.3043478260869565,29,1,NEUTRAL,133.0,2,25,STRONG_TREND,BULLISH
2025-09-02,23,0,21,15,6,1,1,0,5,1.631578947368421,21,1,NEUTRAL,395.0,5,14,STRONG_TREND,BULLISH
2025-09-03,30,0,28,5,23,1,1,0,6,1.5416666666666667,28,1,NEUTRAL,329.0,22,4,STRONG_TREND,BEARISH
2025-09-04,61,0,59,55,4,1,1,0,5,1.490566037735849,59,1,NEUTRAL,482.0,3,54,STRONG_TREND,BULLISH
2025-09-05,35,0,34,3,30,1,1,0,4,1.4137931034482758,34,1,NEUTRAL,574.0,29,2,STRONG_TREND,BEARISH
2025-09-08,25,0,23,15,8,1,1,0,5,1.9444444444444444,23,1,NEUTRAL,270.0,7,14,STRONG_TREND,BULLISH
2025-09-09,40,0,38,31,7,1,1,0,11,1.8235294117647058,38,1,NEUTRAL,336.0,6,30,STRONG_TREND,BULLISH
2025-09-10,29,0,28,4,23,1,1,0,9,2.0,28,1,NEUTRAL,329.0,22,3,STRONG_TREND,BEARISH
2025-09-11,50,0,49,47,1,1,1,0,13,1.5348837209302326,49,1,NEUTRAL,576.0,0,46,STRONG_TREND,BULLISH
2025-09-12,37,0,35,5,30,1,1,0,4,1.5517241379310345,35,1,NEUTRAL,264.0,29,4,STRONG_TREND,BEARISH
2025-09-15,19,0,18,6,11,1,1,0,6,1.7058823529411764,18,1,NEUTRAL,211.0,10,5,STRONG_TREND,BEARISH
2025-09-16,24,1,21,2,20,1,1,0,4,1.5,21,1,NEUTRAL,309.0,19,1,STRONG_TREND,BEARISH
2025-09-17,30,1,28,20,8,1,1,0,6,1.6,28,1,NEUTRAL,592.0,7,19,STRONG_TREND,BULLISH
2025-09-18,36,0,34,29,5,1,1,0,5,1.4166666666666667,34,1,NEUTRAL,371.0,4,28,STRONG_TREND,BULLISH
2025-09-22,47,0,46,37,8,1,1,0,15,1.75,46,1,NEUTRAL,422.0,7,36,STRONG_TREND,BULLISH
2025-09-23,46,0,45,18,26,1,1,0,9,1.725,45,1,NEUTRAL,510.0,25,17,STRONG_TREND,BEARISH
2025-09-24,39,0,37,5,32,1,1,0,15,2.21875,37,1,NEUTRAL,374.0,31,4,STRONG_TREND,BEARISH
2025-09-25,25,0,23,9,14,1,1,0,6,1.8421052631578947,23,1,NEUTRAL,346.0,13,8,STRONG_TREND,BEARISH
2025-09-26,24,0,22,13,9,1,1,0,9,2.2,22,1,NEUTRAL,323.0,8,12,STRONG_TREND,BULLISH
2025-09-29,20,0,18,1,17,1,1,0,7,1.75,18,1,NEUTRAL,262.0,16,0,STRONG_TREND,BEARISH
2025-09-30,28,1,25,12,14,1,1,0,5,1.7916666666666667,25,1,NEUTRAL,331.0,13,11,STRONG_TREND,NEUTRAL
2025-10-01,20,0,19,17,1,1,1,0,6,1.875,19,1,NEUTRAL,261.0,0,16,STRONG_TREND,BULLISH
2025-10-02,29,0,28,10,17,1,1,0,12,1.7083333333333333,28,1,NEUTRAL,329.0,16,9,STRONG_TREND,BEARISH
2025-10-03,49,0,48,46,1,1,1,0,5,1.375,48,1,NEUTRAL,484.0,0,45,STRONG_TREND,BULLISH
2025-10-06,30,0,28,3,25,1,1,0,7,1.4230769230769231,28,1,NEUTRAL,433.0,24,2,STRONG_TREND,BEARISH
2025-10-07,41,0,39,5,34,1,1,0,5,1.8611111111111112,39,1,NEUTRAL,437.0,33,4,STRONG_TREND,BEARISH
2025-10-08,25,0,24,13,10,1,1,0,10,2.2,24,1,NEUTRAL,329.0,9,12,STRONG_TREND,BULLISH
2025-10-09,35,0,33,4,29,1,1,0,6,2.1,33,1,NEUTRAL,431.0,28,3,STRONG_TREND,BEARISH
2025-10-10,55,1,52,7,46,1,1,0,9,1.9375,52,1,NEUTRAL,1496.0,45,6,STRONG_TREND,BEARISH
2025-10-13,28,0,27,25,1,1,1,0,8,2.1818181818181817,27,1,NEUTRAL,367.0,0,24,STRONG_TREND,BULLISH
2025-10-14,74,1,71,61,11,1,1,0,11,1.5238095238095237,71,1,NEUTRAL,1080.0,10,60,STRONG_TREND,BULLISH
2025-10-15,48,0,47,23,23,1,1,0,9,1.697674418604651,47,1,NEUTRAL,679.0,22,22,STRONG_TREND,NEUTRAL
2025-10-16,35,0,33,6,27,1,1,0,10,3.0689655172413794,33,1,NEUTRAL,655.0,26,5,STRONG_TREND,BEARISH
2025-10-17,28,2,25,22,4,1,1,0,6,1.9166666666666667,25,1,NEUTRAL,422.0,3,21,STRONG_TREND,BULLISH
2025-10-20,51,0,50,48,1,1,1,0,8,1.6041666666666667,50,1,NEUTRAL,417.0,0,47,STRONG_TREND,BULLISH
2025-10-21,38,2,35,35,1,1,1,0,7,1.5142857142857142,35,1,NEUTRAL,441.0,0,34,STRONG_TREND,BULLISH
2025-10-22,34,0,33,1,31,1,1,0,5,1.5806451612903225,33,1,NEUTRAL,484.0,30,0,STRONG_TREND,BEARISH
2025-10-23,33,0,31,26,5,1,1,0,5,1.76,31,1,NEUTRAL,318.0,4,25,STRONG_TREND,BULLISH
2025-10-24,34,0,33,31,1,1,1,0,5,1.5357142857142858,33,1,NEUTRAL,407.0,0,30,STRONG_TREND,BULLISH
2025-10-27,25,1,23,17,6,1,1,0,7,2.0588235294117645,23,1,NEUTRAL,223.0,5,16,STRONG_TREND,BULLISH
2025-10-28,24,0,22,6,16,1,1,0,5,1.8235294117647058,22,1,NEUTRAL,291.0,15,5,STRONG_TREND,BEARISH
2025-10-29,26,1,23,12,12,1,1,0,11,2.25,23,1,NEUTRAL,598.0,11,11,STRONG_TREND,NEUTRAL
2025-10-30,36,0,35,33,1,1,1,0,8,1.7666666666666666,35,1,NEUTRAL,624.0,0,32,STRONG_TREND,BULLISH
2025-10-31,35,0,34,15,18,1,1,0,8,2.066666666666667,34,1,NEUTRAL,374.0,17,14,STRONG_TREND,BEARISH
2025-11-03,38,0,37,1,35,1,1,0,5,1.2941176470588236,37,1,NEUTRAL,506.0,34,0,STRONG_TREND,BEARISH
2025-11-04,36,0,34,27,7,1,1,0,5,1.3333333333333333,34,1,NEUTRAL,396.0,6,26,STRONG_TREND,BULLISH
2025-11-05,38,0,36,32,4,1,1,0,8,1.75,36,1,NEUTRAL,422.0,3,31,STRONG_TREND,BULLISH
2025-11-06,36,0,34,3,31,1,1,0,4,1.4838709677419355,34,1,NEUTRAL,569.0,30,2,STRONG_TREND,BEARISH
2025-11-07,42,0,41,21,19,1,1,0,9,1.837837837837838,41,1,NEUTRAL,583.0,18,20,STRONG_TREND,NEUTRAL
2025-11-10,43,0,41,21,20,1,1,0,4,1.3888888888888888,41,1,NEUTRAL,480.0,19,20,STRONG_TREND,NEUTRAL
2025-11-11,78,0,76,73,3,1,1,0,7,1.8507462686567164,76,1,NEUTRAL,600.0,2,72,STRONG_TREND,BULLISH
2025-11-12,21,0,20,18,1,1,1,0,11,2.0,20,1,NEUTRAL,388.0,0,17,STRONG_TREND,BULLISH
2025-11-13,72,1,69,5,65,1,1,0,9,1.803030303030303,69,1,NEUTRAL,828.0,64,4,STRONG_TREND,BEARISH
2025-11-14,34,0,33,23,9,1,1,0,9,1.967741935483871,33,1,NEUTRAL,521.0,8,22,STRONG_TREND,BULLISH
2025-11-17,54,0,52,7,45,1,1,0,5,1.3617021276595744,52,1,NEUTRAL,786.0,44,6,STRONG_TREND,BEARISH
2025-11-18,19,0,17,6,11,1,1,0,7,1.9333333333333333,17,1,NEUTRAL,461.0,10,5,STRONG_TREND,BEARISH
2025-11-19,36,1,33,20,14,1,1,0,11,1.878787878787879,33,1,NEUTRAL,401.0,13,19,STRONG_TREND,BULLISH
2025-11-20,61,1,59,16,43,1,1,0,13,1.6666666666666667,59,1,NEUTRAL,1150.0,42,15,STRONG_TREND,BEARISH
2025-11-21,46,1,43,37,7,1,1,0,13,2.0238095238095237,43,1,NEUTRAL,803.0,6,36,STRONG_TREND,BULLISH
2025-11-24,35,0,33,23,10,1,1,0,10,1.7241379310344827,33,1,NEUTRAL,490.0,9,22,STRONG_TREND,BULLISH
2025-11-25,66,1,63,58,6,1,1,0,5,1.3518518518518519,63,1,NEUTRAL,849.0,5,57,STRONG_TREND,BULLISH
2025-11-26,35,0,34,32,1,1,1,0,7,1.8620689655172413,34,1,NEUTRAL,389.0,0,31,STRONG_TREND,BULLISH
2025-11-27,18,0,16,2,14,1,1,0,3,1.3076923076923077,16,1,NEUTRAL,64.0,13,1,STRONG_TREND,BEARISH
2025-11-28,35,0,33,30,3,1,1,0,5,1.7857142857142858,33,1,NEUTRAL,275.0,2,29,STRONG_TREND,BULLISH
2025-12-01,33,0,31,19,12,1,1,0,7,1.4444444444444444,31,1,NEUTRAL,403.0,11,18,STRONG_TREND,BULLISH
2025-12-02,26,0,25,16,8,1,1,0,7,1.8181818181818181,25,1,NEUTRAL,341.0,7,15,STRONG_TREND,BULLISH
2025-12-03,66,0,65,63,1,1,1,0,9,2.05,65,1,NEUTRAL,600.0,0,62,STRONG_TREND,BULLISH
2025-12-04,20,0,18,4,14,1,1,0,7,1.8666666666666667,18,1,NEUTRAL,376.0,13,3,STRONG_TREND,BEARISH
2025-12-05,25,0,23,18,5,1,1,0,13,2.0952380952380953,23,1,NEUTRAL,270.0,4,17,STRONG_TREND,BULLISH
2025-12-08,24,0,23,1,21,1,1,0,7,2.1904761904761907,23,1,NEUTRAL,372.0,20,0,STRONG_TREND,BEARISH
2025-12-09,29,0,28,10,17,1,1,0,7,1.88,28,1,NEUTRAL,428.0,16,9,STRONG_TREND,BEARISH
2025-12-10,52,0,51,45,5,1,1,0,5,1.6595744680851063,51,1,NEUTRAL,741.0,4,44,STRONG_TREND,BULLISH
2025-12-11,51,1,49,48,1,1,1,0,6,1.7872340425531914,49,1,NEUTRAL,664.0,0,47,STRONG_TREND,BULLISH
2025-12-12,36,0,34,6,28,1,1,0,14,2.206896551724138,34,1,NEUTRAL,557.0,27,5,STRONG_TREND,BEARISH
2025-12-15,39,0,37,2,35,1,1,0,5,1.5333333333333334,37,1,NEUTRAL,410.0,34,1,STRONG_TREND,BEARISH
2025-12-16,36,0,34,3,31,1,1,0,6,1.7307692307692308,34,1,NEUTRAL,521.0,30,2,STRONG_TREND,BEARISH
2025-12-17,40,0,39,10,28,1,1,0,6,2.0303030303030303,39,1,NEUTRAL,529.0,27,9,STRONG_TREND,BEARISH
2025-12-18,30,0,28,10,18,1,1,0,6,1.4761904761904763,28,1,NEUTRAL,520.0,17,9,STRONG_TREND,BEARISH
2025-12-22,15,0,13,12,1,1,1,0,9,2.727272727272727,13,1,NEUTRAL,262.0,0,11,STRONG_TREND,BULLISH
2025-12-23,31,0,30,28,1,1,1,0,10,2.2222222222222223,30,1,NEUTRAL,302.0,0,27,STRONG_TREND,BULLISH
2025-12-24,48,0,46,45,1,1,1,0,9,1.8461538461538463,46,1,NEUTRAL,403.0,0,44,STRONG_TREND,BULLISH
2025-12-26,25,0,23,5,18,1,1,0,7,2.25,23,1,NEUTRAL,197.0,17,4,STRONG_TREND,BEARISH
2025-12-29,35,0,33,2,31,1,1,0,7,1.8064516129032258,33,1,NEUTRAL,322.0,30,1,STRONG_TREND,BEARISH
2025-12-30,8,0,7,1,5,1,1,0,7,2.6,7,1,NEUTRAL,190.0,4,0,RESOLVE,BEARISH
2025-12-31,48,0,46,1,45,1,1,0,9,1.5681818181818181,46,1,NEUTRAL,350.0,44,0,STRONG_TREND,BEARISH
2026-01-02,35,0,34,23,10,1,1,0,12,1.7142857142857142,34,1,NEUTRAL,560.0,9,22,STRONG_TREND,BULLISH
2026-01-05,59,0,58,56,1,1,1,0,7,1.5490196078431373,58,1,NEUTRAL,794.0,0,55,STRONG_TREND,BULLISH
2026-01-06,79,0,78,76,1,1,1,0,6,1.4492753623188406,78,1,NEUTRAL,627.0,0,75,STRONG_TREND,BULLISH
2026-01-07,66,0,64,2,62,1,1,0,9,1.5087719298245614,64,1,NEUTRAL,694.0,61,1,STRONG_TREND,BEARISH
2026-01-08,49,0,48,46,1,1,1,0,8,1.6585365853658536,48,1,NEUTRAL,590.0,0,45,STRONG_TREND,BULLISH
2026-01-09,31,0,30,22,7,1,1,0,5,1.6666666666666667,30,1,NEUTRAL,385.0,6,21,STRONG_TREND,BULLISH
2026-01-12,58,0,56,51,5,1,1,0,6,1.8,56,1,NEUTRAL,643.0,4,50,STRONG_TREND,BULLISH
2026-01-13,43,0,42,1,40,1,1,0,6,1.8157894736842106,42,1,NEUTRAL,539.0,39,0,STRONG_TREND,BEARISH
2026-01-14,21,0,20,3,16,1,1,0,6,2.210526315789474,20,1,NEUTRAL,343.0,15,2,STRONG_TREND,BEARISH
2026-01-15,30,1,28,27,1,1,1,0,11,2.074074074074074,28,1,NEUTRAL,370.0,0,26,STRONG_TREND,BULLISH
2026-01-16,25,0,23,2,21,1,1,0,6,1.5238095238095237,23,1,NEUTRAL,375.0,20,1,STRONG_TREND,BEARISH
2026-01-19,20,0,18,12,6,1,1,0,7,1.6,18,1,NEUTRAL,137.0,5,11,STRONG_TREND,BULLISH
2026-01-20,31,0,29,14,15,1,1,0,12,2.4074074074074074,29,1,NEUTRAL,484.0,14,13,STRONG_TREND,NEUTRAL
2026-01-21,41,1,39,38,1,1,1,0,8,1.7714285714285714,39,1,NEUTRAL,738.0,0,37,STRONG_TREND,BULLISH
2026-01-22,19,0,18,8,9,1,1,0,8,2.125,18,1,NEUTRAL,363.0,8,7,STRONG_TREND,NEUTRAL
2026-01-23,21,0,20,1,18,1,1,0,4,1.411764705882353,20,1,NEUTRAL,265.0,17,0,STRONG_TREND,BEARISH
2026-01-26,30,0,29,27,1,1,1,0,10,1.72,29,1,NEUTRAL,341.0,0,26,STRONG_TREND,BULLISH
2026-01-27,24,0,22,9,13,1,1,0,5,2.1666666666666665,22,1,NEUTRAL,311.0,12,8,STRONG_TREND,BEARISH
2026-01-28,19,1,16,3,14,1,1,0,6,2.6923076923076925,16,1,NEUTRAL,300.0,13,2,STRONG_TREND,BEARISH
2026-01-29,35,0,33,6,27,1,1,0,5,1.4516129032258065,33,1,NEUTRAL,718.0,26,5,STRONG_TREND,BEARISH
2026-01-30,34,1,32,3,29,1,1,0,8,1.8064516129032258,32,1,NEUTRAL,598.0,28,2,STRONG_TREND,BEARISH
2026-02-02,62,0,60,58,2,1,1,0,13,2.0377358490566038,60,1,NEUTRAL,789.0,1,57,STRONG_TREND,BULLISH
2026-02-03,43,1,41,7,34,1,1,0,5,1.6857142857142857,41,1,NEUTRAL,833.0,33,6,STRONG_TREND,BEARISH
2026-02-04,35,0,33,12,21,1,1,0,14,1.8666666666666667,33,1,NEUTRAL,543.0,20,11,STRONG_TREND,BEARISH
2026-02-05,42,0,40,4,36,1,1,0,6,1.5555555555555556,40,1,NEUTRAL,595.0,35,3,STRONG_TREND,BEARISH
2026-02-06,71,1,69,68,1,1,1,0,12,1.875,69,1,NEUTRAL,969.0,0,67,STRONG_TREND,BULLISH
2026-02-09,22,0,20,13,7,1,1,0,5,1.5555555555555556,20,1,NEUTRAL,392.0,6,12,STRONG_TREND,BULLISH
2026-02-10,24,0,23,10,12,1,1,0,10,2.3,23,1,NEUTRAL,408.0,11,9,STRONG_TREND,NEUTRAL
2026-02-11,34,0,33,3,29,1,1,0,9,2.0344827586206895,33,1,NEUTRAL,608.0,28,2,STRONG_TREND,BEARISH
2026-02-12,64,0,63,5,57,1,1,0,10,1.7272727272727273,63,1,NEUTRAL,1028.0,56,4,STRONG_TREND,BEARISH
2026-02-13,35,1,33,25,8,1,1,0,8,1.8666666666666667,33,1,NEUTRAL,662.0,7,24,STRONG_TREND,BULLISH
2026-02-16,33,1,30,7,24,1,1,0,7,1.5666666666666667,30,1,NEUTRAL,181.0,23,6,STRONG_TREND,BEARISH
2026-02-17,28,0,26,2,24,1,1,0,4,1.434782608695652,26,1,NEUTRAL,554.0,23,1,STRONG_TREND,BEARISH
2026-02-18,20,0,18,16,2,1,1,0,8,1.9375,18,1,NEUTRAL,478.0,1,15,STRONG_TREND,BULLISH
2026-02-19,29,0,28,8,19,1,1,0,8,2.0416666666666665,28,1,NEUTRAL,415.0,18,7,STRONG_TREND,BEARISH
2026-02-20,11,0,10,6,3,1,1,0,8,2.6,10,1,NEUTRAL,571.0,2,5,RESOLVE,BULLISH
2026-02-23,49,1,47,2,45,1,1,0,6,1.5333333333333334,47,1,NEUTRAL,990.0,44,1,STRONG_TREND,BEARISH
2026-02-24,22,0,20,18,2,1,1,0,6,1.7222222222222223,20,1,NEUTRAL,542.0,1,17,STRONG_TREND,BULLISH
2026-02-25,28,1,26,15,11,1,1,0,9,2.5,26,1,NEUTRAL,343.0,10,14,STRONG_TREND,BULLISH
2026-02-26,34,0,33,6,26,1,1,0,7,1.4137931034482758,33,1,NEUTRAL,611.0,25,5,STRONG_TREND,BEARISH
2026-02-27,20,0,19,1,17,1,1,0,8,1.7647058823529411,19,1,NEUTRAL,425.0,16,0,STRONG_TREND,BEARISH
2026-03-02,37,0,36,34,1,1,1,0,6,1.5277777777777777,36,1,NEUTRAL,689.0,0,33,STRONG_TREND,BULLISH
2026-03-03,66,2,62,44,20,1,1,0,6,1.5666666666666667,62,1,NEUTRAL,1074.0,19,43,STRONG_TREND,BULLISH
2026-03-04,22,0,21,12,8,1,1,0,10,2.05,21,1,NEUTRAL,515.0,7,11,STRONG_TREND,BULLISH
2026-03-05,66,1,63,6,58,1,1,0,9,1.6666666666666667,63,1,NEUTRAL,941.0,57,5,STRONG_TREND,BEARISH
2026-03-06,32,1,30,18,12,1,1,0,8,2.0,30,1,NEUTRAL,578.0,11,17,STRONG_TREND,BULLISH
2026-03-09,50,1,48,31,17,1,1,0,10,1.6444444444444444,48,1,NEUTRAL,1282.0,16,30,STRONG_TREND,BULLISH
2026-03-10,51,1,48,38,11,1,1,0,6,1.6888888888888889,48,1,NEUTRAL,791.0,10,37,STRONG_TREND,BULLISH
2026-03-11,37,0,35,2,33,1,1,0,5,1.4516129032258065,35,1,NEUTRAL,537.0,32,1,STRONG_TREND,BEARISH
2026-03-12,26,0,24,6,18,1,1,0,10,2.6363636363636362,24,1,NEUTRAL,411.0,17,5,STRONG_TREND,BEARISH
2026-03-13,49,1,47,5,42,1,1,0,7,1.553191489361702,47,1,NEUTRAL,654.0,41,4,STRONG_TREND,BEARISH
2026-03-16,24,0,23,14,8,1,1,0,3,1.4444444444444444,23,1,NEUTRAL,368.0,7,13,STRONG_TREND,BULLISH
2026-03-17,25,0,24,6,17,1,1,0,8,1.875,24,1,NEUTRAL,452.0,16,5,STRONG_TREND,BEARISH
2026-03-18,62,0,60,6,54,1,1,0,6,1.7906976744186047,60,1,NEUTRAL,833.0,53,5,STRONG_TREND,BEARISH
2026-03-19,20,1,17,11,7,1,1,0,4,1.3846153846153846,17,1,NEUTRAL,512.0,6,10,STRONG_TREND,BULLISH
2026-03-23,25,1,22,16,7,1,1,0,3,1.3333333333333333,22,1,NEUTRAL,623.0,6,15,STRONG_TREND,BULLISH
2026-03-24,34,1,31,29,3,1,1,0,9,2.4516129032258065,31,1,NEUTRAL,859.0,2,28,STRONG_TREND,BULLISH
2026-03-25,20,0,19,2,16,1,1,0,5,1.411764705882353,19,1,NEUTRAL,556.0,15,1,STRONG_TREND,BEARISH
2026-03-26,42,1,39,16,24,1,1,0,7,1.837837837837838,39,1,NEUTRAL,676.0,23,15,STRONG_TREND,BEARISH
2026-03-27,57,0,56,1,54,1,1,0,12,1.7058823529411764,56,1,NEUTRAL,746.0,53,0,STRONG_TREND,BEARISH
2026-03-30,39,0,37,5,32,1,1,0,7,1.7741935483870968,37,1,NEUTRAL,575.0,31,4,STRONG_TREND,BEARISH
2026-03-31,28,1,26,16,10,1,1,0,9,1.7916666666666667,26,1,NEUTRAL,920.0,9,15,STRONG_TREND,BULLISH
2026-04-01,16,0,15,6,8,1,1,0,10,3.0,15,1,NEUTRAL,343.0,7,5,RESOLVE,NEUTRAL
2026-04-02,25,0,24,19,4,1,1,0,6,1.6956521739130435,24,1,NEUTRAL,874.0,3,18,STRONG_TREND,BULLISH
2026-04-06,20,0,18,16,2,1,1,0,6,2.3846153846153846,18,1,NEUTRAL,492.0,1,15,STRONG_TREND,BULLISH
2026-04-07,21,1,19,7,12,1,1,0,13,2.5625,19,1,NEUTRAL,503.0,11,6,STRONG_TREND,BEARISH
2026-04-08,22,0,22,4,16,1,1,0,6,1.85,22,1,NEUTRAL,472.0,15,3,STRONG_TREND,BEARISH
2026-04-09,38,0,37,35,1,1,1,0,7,1.7837837837837838,37,1,NEUTRAL,635.0,0,34,STRONG_TREND,BULLISH
2026-04-10,26,0,25,1,23,1,1,0,4,1.95,25,1,NEUTRAL,379.0,22,0,STRONG_TREND,BEARISH
2026-04-13,49,1,46,44,3,1,1,0,12,2.090909090909091,46,1,NEUTRAL,746.0,2,43,STRONG_TREND,BULLISH
2026-04-14,30,0,29,25,3,1,1,0,18,2.5185185185185186,29,1,NEUTRAL,419.0,2,24,STRONG_TREND,BULLISH
2026-04-15,29,0,27,2,25,1,1,0,8,2.1818181818181817,27,1,NEUTRAL,429.0,24,1,STRONG_TREND,BEARISH
2026-04-16,18,0,17,3,13,1,1,0,5,2.0,17,1,NEUTRAL,342.0,12,2,STRONG_TREND,BEARISH
2026-04-17,53,2,50,50,1,1,1,0,9,1.6122448979591837,50,1,NEUTRAL,682.0,0,49,STRONG_TREND,BULLISH
2026-04-20,19,0,18,9,8,1,1,0,6,2.3333333333333335,18,1,NEUTRAL,297.0,7,8,STRONG_TREND,NEUTRAL
2026-04-21,47,1,45,6,39,1,1,0,12,1.7777777777777777,45,1,NEUTRAL,814.0,38,5,STRONG_TREND,BEARISH
2026-04-22,33,1,30,9,22,1,1,0,12,2.8,30,1,NEUTRAL,390.0,21,8,STRONG_TREND,BEARISH
2026-04-23,41,0,39,16,23,1,1,0,5,1.4444444444444444,39,1,NEUTRAL,667.0,22,15,STRONG_TREND,BEARISH
2026-04-24,12,0,11,1,9,1,1,0,5,2.2222222222222223,11,1,NEUTRAL,274.0,8,0,STRONG_TREND,BEARISH
2026-04-27,18,0,16,4,12,1,1,0,4,1.5714285714285714,16,1,NEUTRAL,332.0,11,3,STRONG_TREND,BEARISH
2026-04-28,19,1,17,1,16,1,1,0,8,2.0625,17,1,NEUTRAL,317.0,15,0,STRONG_TREND,BEARISH
2026-04-29,34,1,32,1,31,1,1,0,7,1.7096774193548387,32,1,NEUTRAL,509.0,30,0,STRONG_TREND,BEARISH
2026-04-30,71,1,68,67,2,1,1,0,6,1.873015873015873,68,1,NEUTRAL,750.0,1,66,STRONG_TREND,BULLISH
2026-05-01,51,2,48,10,39,1,1,0,5,1.5833333333333333,48,1,NEUTRAL,577.0,38,9,STRONG_TREND,BEARISH
2026-05-05,32,1,29,23,7,1,1,0,8,1.875,29,1,NEUTRAL,354.0,6,22,STRONG_TREND,BULLISH
2026-05-06,23,0,22,20,1,1,1,0,10,2.619047619047619,22,1,NEUTRAL,329.0,0,19,STRONG_TREND,BULLISH
2026-05-07,53,0,52,1,50,1,1,0,5,1.4285714285714286,52,1,NEUTRAL,657.0,49,0,STRONG_TREND,BEARISH
2026-05-08,34,1,32,1,31,1,1,0,7,1.8333333333333333,32,1,NEUTRAL,364.0,30,0,STRONG_TREND,BEARISH
2026-05-11,19,0,18,12,5,1,1,0,6,2.466666666666667,18,1,NEUTRAL,309.0,4,11,STRONG_TREND,BULLISH
2026-05-12,34,0,33,18,14,1,1,0,13,2.4444444444444446,33,1,NEUTRAL,527.0,13,17,STRONG_TREND,BULLISH
2026-05-15,31,2,28,1,28,1,1,0,4,1.48,28,1,NEUTRAL,416.0,27,0,STRONG_TREND,BEARISH
2026-05-18,30,1,27,15,13,1,1,0,8,1.8333333333333333,27,1,NEUTRAL,417.0,12,14,STRONG_TREND,NEUTRAL
2026-05-19,14,0,13,9,3,1,1,0,11,2.8,13,1,NEUTRAL,371.0,2,8,STRONG_TREND,BULLISH
