date,total_pl_usd,total_pl_pts,num_trades,win_rate,trade_1_direction,trade_1_price,trade_1_time,trade_2_direction,trade_2_price,trade_2_time,trade_3_direction,trade_3_price,trade_3_time,trade_4_direction,trade_4_price,trade_4_time,exit_reason,purple_angle_approx,cyan_angle_approx,yellow_angle_approx,key_observation,algo_gap
2026-02-03,+2090,+275,3,66.67%,BUY,49641,09:40,SELL,49602,09:47,BUY,49420,10:05,SELL,49695,10:28,session end 10:28,steep ~65°,steep ~50°,shallow ~5°,Cyan redrawn from 10:00 low — steeper than algo blue ray. Double support entry at cyan+yellow convergence.,Algo blue ray anchored from earlier session low — shallower slope. Would miss the 10:05 entry signal or enter late.
2026-02-04,+1700,+212,1,0% shown but profitable,BUY,49358,09:35,SELL,49345,09:47,,,,,,session end,two steep purple ~60°,none visible,shallow ~5°,Strong downtrend day. Two progressively steeper purple lines drawn. No long attempted. Patient — waited for trend then held short all session.,Algo likely went long first on early bounce then reversed. 10-min rule would have delayed the short entry.
2026-02-05,+1030,+129,1,100%,BUY,49756,09:38,SELL,49913,10:15,,,,,,trailing stop hit,none visible,steep ~65°,shallow ~5°,Strong uptrend. Steep cyan from 9:30 low. Early entry on cyan cross. Held entire move up. Clean single trade.,Algo should catch this — early cyan cross at 9:38 within warmup window. May have entered slightly late.
2026-02-09,+930,+116,2,100%,SELL,50011,09:47,BUY,49996,10:00,SELL,50167,10:15,,session end 10:25,steep ~60°,steep ~55°,shallow ~5°,V-shape day. Sold the high then bought the low. Two trades both winners. Cyan and purple both visible and steep.,Algo may have caught both signals. Steep lines match algo threshold.
2026-02-10,-485,-61,2,50%,BUY,49672,09:43,SELL,49500,09:47,BUY,49378,10:20,,session end,steep ~55°,none,shallow ~5°,Choppy day. Got whipsawed on first trade. Purple lines descending but price kept bouncing. Net loss day.,Algo would also struggle here — multiple false crosses on choppy price action.
2026-02-11,+1810,+226,1,100%,SELL,50456,09:43,BUY,50094,10:27,,,,,,session end 10:27,two steep purple ~65°,none visible,shallow ~5°,Strong downtrend. Two progressively steeper purple lines. Held short entire session. Exit only at 10:27 session end.,Algo should catch the short. Key gap: algo may have reversed on bounces — user held through them using steeper trailing purple lines.
2026-02-13,+130,+16,3,66.67%,SELL,50400,09:40,BUY,50502,09:47,SELL,50556,09:58,BUY,50508,10:18,session end,shallow ~30°,shallow ~25°,shallow ~5°,Choppy ranging day. Multiple small reversals. Small net gain. Lines shallow — no strong trend.,Algo likely whipsawed similarly. Low conviction day for both user and algo.
2026-02-18,+1240,+155,1,0% shown,SELL,49299,09:43,BUY,49338,09:49,,,,,,held to session end,steep ~65°,steep ~50°,shallow ~5°,Sharp drop then recovery. Sold the high on purple cross. Bought the low at cyan+yellow convergence ~9:49. Held long rest of session.,Algo should catch the short. Buy signal at cyan+yellow convergence — algo blue ray may be shallower and miss the exact entry bar.
2026-02-17,-48,-6,3,33%,SELL,49014,09:40,BUY,49063,09:50,SELL,49043,10:18,,session end,descending ~45°,steep ~60°,shallow ~5°,Converging wedge — purple descending and cyan ascending squeezing price. Cyan redrawn from 9:50 swing low. Sold when price failed at purple and crossed back below cyan.,Algo blue ray anchored from 9:30 open — much shallower. Would not see the wedge. Would likely miss the 10:18 sell signal or fire it late.
